ISO-10303-21;
HEADER;
FILE_DESCRIPTION(('KiCad electronic assembly'),'2;1');
FILE_NAME('Hotglue Switch-basic.step','2025-11-15T17:01:30',('Pcbnew'),(
    'Kicad'),'Open CASCADE STEP processor 7.9','KiCad to STEP converter'
  ,'Unknown');
FILE_SCHEMA(('AUTOMOTIVE_DESIGN { 1 0 10303 214 1 1 1 1 }'));
ENDSEC;
DATA;
#1 = APPLICATION_PROTOCOL_DEFINITION('international standard',
  'automotive_design',2000,#2);
#2 = APPLICATION_CONTEXT(
  'core data for automotive mechanical design processes');
#3 = SHAPE_DEFINITION_REPRESENTATION(#4,#10);
#4 = PRODUCT_DEFINITION_SHAPE('','',#5);
#5 = PRODUCT_DEFINITION('design','',#6,#9);
#6 = PRODUCT_DEFINITION_FORMATION('','',#7);
#7 = PRODUCT('Hotglue Switch-basic 1','Hotglue Switch-basic 1','',(#8));
#8 = PRODUCT_CONTEXT('',#2,'mechanical');
#9 = PRODUCT_DEFINITION_CONTEXT('part definition',#2,'design');
#10 = SHAPE_REPRESENTATION('',(#11,#15,#19,#23,#27,#31,#35),#39);
#11 = AXIS2_PLACEMENT_3D('',#12,#13,#14);
#12 = CARTESIAN_POINT('',(0.,0.,0.));
#13 = DIRECTION('',(0.,0.,1.));
#14 = DIRECTION('',(1.,0.,-0.));
#15 = AXIS2_PLACEMENT_3D('',#16,#17,#18);
#16 = CARTESIAN_POINT('',(2.4625,0.,0.795));
#17 = DIRECTION('',(0.,0.,1.));
#18 = DIRECTION('',(1.,0.,0.));
#19 = AXIS2_PLACEMENT_3D('',#20,#21,#22);
#20 = CARTESIAN_POINT('',(6.5125,-2.8,0.795));
#21 = DIRECTION('',(0.,-0.,1.));
#22 = DIRECTION('',(1.110223024625E-16,1.,0.));
#23 = AXIS2_PLACEMENT_3D('',#24,#25,#26);
#24 = CARTESIAN_POINT('',(-8.0375,0.,0.795));
#25 = DIRECTION('',(0.,0.,1.));
#26 = DIRECTION('',(1.,0.,0.));
#27 = AXIS2_PLACEMENT_3D('',#28,#29,#30);
#28 = CARTESIAN_POINT('',(6.5125,0.8,0.795));
#29 = DIRECTION('',(-0.,0.,1.));
#30 = DIRECTION('',(1.110223024625E-16,-1.,0.));
#31 = AXIS2_PLACEMENT_3D('',#32,#33,#34);
#32 = CARTESIAN_POINT('',(2.4625,1.040949779275E-17,-8.5E-02));
#33 = DIRECTION('',(1.499759782662E-32,1.224646799147E-16,-1.));
#34 = DIRECTION('',(-1.,1.224646799147E-16,0.));
#35 = AXIS2_PLACEMENT_3D('',#36,#37,#38);
#36 = CARTESIAN_POINT('',(0.,0.,0.));
#37 = DIRECTION('',(0.,0.,1.));
#38 = DIRECTION('',(1.,0.,-0.));
#39 = ( GEOMETRIC_REPRESENTATION_CONTEXT(3) 
GLOBAL_UNCERTAINTY_ASSIGNED_CONTEXT((#43)) GLOBAL_UNIT_ASSIGNED_CONTEXT(
(#40,#41,#42)) REPRESENTATION_CONTEXT('Context #1',
  '3D Context with UNIT and UNCERTAINTY') );
#40 = ( LENGTH_UNIT() NAMED_UNIT(*) SI_UNIT(.MILLI.,.METRE.) );
#41 = ( NAMED_UNIT(*) PLANE_ANGLE_UNIT() SI_UNIT($,.RADIAN.) );
#42 = ( NAMED_UNIT(*) SI_UNIT($,.STERADIAN.) SOLID_ANGLE_UNIT() );
#43 = UNCERTAINTY_MEASURE_WITH_UNIT(LENGTH_MEASURE(2.E-05),#40,
  'distance_accuracy_value','confusion accuracy');
#44 = PRODUCT_RELATED_PRODUCT_CATEGORY('part',$,(#7));
#45 = SHAPE_DEFINITION_REPRESENTATION(#46,#52);
#46 = PRODUCT_DEFINITION_SHAPE('','',#47);
#47 = PRODUCT_DEFINITION('design','',#48,#51);
#48 = PRODUCT_DEFINITION_FORMATION('','',#49);
#49 = PRODUCT(
  '92000A002_Passivated 18-8 Stainless Steel Pan Head Phillips Screws',
  '92000A002_Passivated 18-8 Stainless Steel Pan Head Phillips Screws',
  '',(#50));
#50 = PRODUCT_CONTEXT('',#2,'mechanical');
#51 = PRODUCT_DEFINITION_CONTEXT('part definition',#2,'design');
#52 = ADVANCED_BREP_SHAPE_REPRESENTATION('',(#11,#53),#4828);
#53 = MANIFOLD_SOLID_BREP('',#54);
#54 = CLOSED_SHELL('',(#55,#97,#147,#204,#251,#299,#347,#395,#443,#491,
    #539,#587,#635,#683,#713,#743,#773,#803,#833,#863,#893,#923,#953,
    #983,#1029,#1075,#1119,#1391,#1435,#1464,#1538,#1594,#1636,#1676,
    #1707,#1736,#1754,#1997,#2009,#2050,#2085,#2116,#2147,#2182,#2211,
    #2603,#2615,#2627,#2639,#2659,#2679,#2705,#2727,#2749,#2775,#2796,
    #2822,#2844,#2866,#2892,#2922,#2948,#2970,#2992,#3018,#3030,#3042,
    #3054,#3066,#3078,#3090,#3102,#3114,#3126,#3146,#3166,#3186,#3206,
    #3226,#3246,#3260,#3276,#3435,#3590,#3725,#3760,#3779,#4034,#4179,
    #4322,#4510,#4691));
#55 = ADVANCED_FACE('',(#56),#92,.T.);
#56 = FACE_BOUND('',#57,.T.);
#57 = EDGE_LOOP('',(#58,#69,#77));
#58 = ORIENTED_EDGE('',*,*,#59,.T.);
#59 = EDGE_CURVE('',#60,#62,#64,.T.);
#60 = VERTEX_POINT('',#61);
#61 = CARTESIAN_POINT('',(5.547489316425E-02,-0.578596663254,-2.7));
#62 = VERTEX_POINT('',#63);
#63 = CARTESIAN_POINT('',(8.465753701231E-17,0.58125,-2.7));
#64 = CIRCLE('',#65,0.58125);
#65 = AXIS2_PLACEMENT_3D('',#66,#67,#68);
#66 = CARTESIAN_POINT('',(0.,1.652204434146E-15,-2.7));
#67 = DIRECTION('',(0.,-1.224646799147E-16,1.));
#68 = DIRECTION('',(0.,-1.,-1.224646799147E-16));
#69 = ORIENTED_EDGE('',*,*,#70,.T.);
#70 = EDGE_CURVE('',#62,#71,#73,.T.);
#71 = VERTEX_POINT('',#72);
#72 = CARTESIAN_POINT('',(0.,0.689054445662,-2.592195554338));
#73 = LINE('',#74,#75);
#74 = CARTESIAN_POINT('',(7.118259520044E-17,0.58125,-2.7));
#75 = VECTOR('',#76,1.);
#76 = DIRECTION('',(8.659560562355E-17,0.707106781187,0.707106781187));
#77 = ORIENTED_EDGE('',*,*,#78,.F.);
#78 = EDGE_CURVE('',#60,#71,#79,.T.);
#79 = B_SPLINE_CURVE_WITH_KNOTS('',3,(#80,#81,#82,#83,#84,#85,#86,#87,
    #88,#89,#90,#91),.UNSPECIFIED.,.F.,.F.,(4,2,2,2,2,4),(0.,
    2.414850151056E-04,4.829700302112E-04,9.659400604223E-04,
    1.448910090633E-03,1.931880120845E-03),.UNSPECIFIED.);
#80 = CARTESIAN_POINT('',(5.547489316425E-02,-0.578596663254,-2.7));
#81 = CARTESIAN_POINT('',(0.136934728771,-0.575518834402,-2.69528919712)
  );
#82 = CARTESIAN_POINT('',(0.21631911035,-0.555833282777,-2.690276102428)
  );
#83 = CARTESIAN_POINT('',(0.362098530887,-0.486362762189,-2.680276095092
    ));
#84 = CARTESIAN_POINT('',(0.427916225718,-0.436448833208,-2.675317513481
    ));
#85 = CARTESIAN_POINT('',(0.586920769584,-0.255032313628,-2.661786794736
    ));
#86 = CARTESIAN_POINT('',(0.642441015859,-9.000659342748E-02,
    -2.652828124857));
#87 = CARTESIAN_POINT('',(0.625026053315,0.232035986272,-2.634271890874)
  );
#88 = CARTESIAN_POINT('',(0.551963909735,0.387667812058,-2.626619854646)
  );
#89 = CARTESIAN_POINT('',(0.318239804424,0.614226331575,-2.608835918818)
  );
#90 = CARTESIAN_POINT('',(0.16164483622,0.681541200197,-2.599708799803)
  );
#91 = CARTESIAN_POINT('',(0.,0.689054445662,-2.592195554338));
#92 = CONICAL_SURFACE('',#93,0.58125,0.785398163397);
#93 = AXIS2_PLACEMENT_3D('',#94,#95,#96);
#94 = CARTESIAN_POINT('',(0.,1.652204434146E-15,-2.7));
#95 = DIRECTION('',(-0.,-1.224646799147E-16,1.));
#96 = DIRECTION('',(0.,-1.,-1.224646799147E-16));
#97 = ADVANCED_FACE('',(#98),#142,.T.);
#98 = FACE_BOUND('',#99,.T.);
#99 = EDGE_LOOP('',(#100,#101,#110,#119,#127));
#100 = ORIENTED_EDGE('',*,*,#70,.F.);
#101 = ORIENTED_EDGE('',*,*,#102,.T.);
#102 = EDGE_CURVE('',#62,#103,#105,.T.);
#103 = VERTEX_POINT('',#104);
#104 = CARTESIAN_POINT('',(-0.442438119942,-0.376961632693,-2.7));
#105 = CIRCLE('',#106,0.58125);
#106 = AXIS2_PLACEMENT_3D('',#107,#108,#109);
#107 = CARTESIAN_POINT('',(0.,1.652204434146E-15,-2.7));
#108 = DIRECTION('',(0.,-1.224646799147E-16,1.));
#109 = DIRECTION('',(0.,-1.,-1.224646799147E-16));
#110 = ORIENTED_EDGE('',*,*,#111,.F.);
#111 = EDGE_CURVE('',#112,#103,#114,.T.);
#112 = VERTEX_POINT('',#113);
#113 = CARTESIAN_POINT('',(1.663186693874E-12,-0.696486388585,
    -2.584763611415));
#114 = B_SPLINE_CURVE_WITH_KNOTS('',3,(#115,#116,#117,#118),
  .UNSPECIFIED.,.F.,.F.,(4,4),(5.953339837222E-04,1.168589729882E-03),
  .PIECEWISE_BEZIER_KNOTS.);
#115 = CARTESIAN_POINT('',(1.663186693874E-12,-0.696486388585,
    -2.584763611415));
#116 = CARTESIAN_POINT('',(-0.185889142768,-0.664585100413,
    -2.616664899587));
#117 = CARTESIAN_POINT('',(-0.353795766591,-0.544945275899,
    -2.658529664955));
#118 = CARTESIAN_POINT('',(-0.442438119942,-0.376961632693,-2.7));
#119 = ORIENTED_EDGE('',*,*,#120,.T.);
#120 = EDGE_CURVE('',#112,#121,#123,.T.);
#121 = VERTEX_POINT('',#122);
#122 = CARTESIAN_POINT('',(-9.797174393179E-17,-0.8,-2.48125));
#123 = LINE('',#124,#125);
#124 = CARTESIAN_POINT('',(0.,-0.58125,-2.7));
#125 = VECTOR('',#126,1.);
#126 = DIRECTION('',(0.,-0.707106781187,0.707106781187));
#127 = ORIENTED_EDGE('',*,*,#128,.F.);
#128 = EDGE_CURVE('',#71,#121,#129,.T.);
#129 = B_SPLINE_CURVE_WITH_KNOTS('',3,(#130,#131,#132,#133,#134,#135,
    #136,#137,#138,#139,#140,#141),.UNSPECIFIED.,.F.,.F.,(4,2,2,2,2,4),(
    1.931880120845E-03,2.515683332706E-03,3.099486544568E-03,
    3.391388150499E-03,3.68328975643E-03,4.267092968291E-03),
  .UNSPECIFIED.);
#130 = CARTESIAN_POINT('',(0.,0.689054445662,-2.592195554338));
#131 = CARTESIAN_POINT('',(-0.19539260961,0.698136286273,-2.583113713727
    ));
#132 = CARTESIAN_POINT('',(-0.392563190218,0.621768438164,
    -2.572059851872));
#133 = CARTESIAN_POINT('',(-0.668723966515,0.347718706049,
    -2.552999453059));
#134 = CARTESIAN_POINT('',(-0.747212031285,0.152228427187,
    -2.544234210564));
#135 = CARTESIAN_POINT('',(-0.744511223608,-0.141700551446,
    -2.529718730928));
#136 = CARTESIAN_POINT('',(-0.724141652695,-0.238673032072,
    -2.525026765291));
#137 = CARTESIAN_POINT('',(-0.647811612103,-0.417938480352,
    -2.516488540823));
#138 = CARTESIAN_POINT('',(-0.59180859542,-0.50040723623,-2.51233068195)
  );
#139 = CARTESIAN_POINT('',(-0.386786433878,-0.707340483798,
    -2.498752259814));
#140 = CARTESIAN_POINT('',(-0.196667897212,-0.79212659179,-2.48912340821
    ));
#141 = CARTESIAN_POINT('',(-9.797174393179E-17,-0.8,-2.48125));
#142 = CONICAL_SURFACE('',#143,0.58125,0.785398163397);
#143 = AXIS2_PLACEMENT_3D('',#144,#145,#146);
#144 = CARTESIAN_POINT('',(0.,1.652204434146E-15,-2.7));
#145 = DIRECTION('',(-0.,-1.224646799147E-16,1.));
#146 = DIRECTION('',(0.,-1.,-1.224646799147E-16));
#147 = ADVANCED_FACE('',(#148),#199,.T.);
#148 = FACE_BOUND('',#149,.T.);
#149 = EDGE_LOOP('',(#150,#164,#172,#181,#193));
#150 = ORIENTED_EDGE('',*,*,#151,.T.);
#151 = EDGE_CURVE('',#152,#154,#156,.T.);
#152 = VERTEX_POINT('',#153);
#153 = CARTESIAN_POINT('',(-9.797174393179E-17,-0.8,0.975));
#154 = VERTEX_POINT('',#155);
#155 = CARTESIAN_POINT('',(0.,0.8,1.15));
#156 = ( BOUNDED_CURVE() B_SPLINE_CURVE(2,(#157,#158,#159,#160,#161,#162
,#163),.UNSPECIFIED.,.F.,.F.) B_SPLINE_CURVE_WITH_KNOTS((3,2,2,3),(0.5,
0.533333333333,0.566666666667,0.6),.PIECEWISE_BEZIER_KNOTS.) CURVE() 
GEOMETRIC_REPRESENTATION_ITEM() RATIONAL_B_SPLINE_CURVE((1.,
    0.866025403784,1.,0.866025403784,1.,0.866025403784,1.)) 
REPRESENTATION_ITEM('') );
#157 = CARTESIAN_POINT('',(-9.797174393179E-17,-0.8,0.975));
#158 = CARTESIAN_POINT('',(0.461880215352,-0.8,1.004166666667));
#159 = CARTESIAN_POINT('',(0.692820323028,-0.4,1.033333333333));
#160 = CARTESIAN_POINT('',(0.923760430703,-1.561097825066E-14,1.0625));
#161 = CARTESIAN_POINT('',(0.692820323028,0.4,1.091666666667));
#162 = CARTESIAN_POINT('',(0.461880215352,0.8,1.120833333333));
#163 = CARTESIAN_POINT('',(0.,0.8,1.15));
#164 = ORIENTED_EDGE('',*,*,#165,.T.);
#165 = EDGE_CURVE('',#154,#166,#168,.T.);
#166 = VERTEX_POINT('',#167);
#167 = CARTESIAN_POINT('',(0.,0.8,1.160428147092));
#168 = LINE('',#169,#170);
#169 = CARTESIAN_POINT('',(9.797174393179E-17,0.8,2.7));
#170 = VECTOR('',#171,1.);
#171 = DIRECTION('',(-0.,-1.224646799147E-16,1.));
#172 = ORIENTED_EDGE('',*,*,#173,.T.);
#173 = EDGE_CURVE('',#166,#174,#176,.T.);
#174 = VERTEX_POINT('',#175);
#175 = CARTESIAN_POINT('',(0.448334730466,0.662567709338,1.160428147092)
  );
#176 = CIRCLE('',#177,0.8);
#177 = AXIS2_PLACEMENT_3D('',#178,#179,#180);
#178 = CARTESIAN_POINT('',(0.,-1.421114615976E-16,1.160428147092));
#179 = DIRECTION('',(0.,1.224646799147E-16,-1.));
#180 = DIRECTION('',(0.,-1.,-1.224646799147E-16));
#181 = ORIENTED_EDGE('',*,*,#182,.T.);
#182 = EDGE_CURVE('',#174,#183,#185,.T.);
#183 = VERTEX_POINT('',#184);
#184 = CARTESIAN_POINT('',(-9.797174393179E-17,-0.8,1.01875));
#185 = ( BOUNDED_CURVE() B_SPLINE_CURVE(2,(#186,#187,#188,#189,#190,#191
,#192),.UNSPECIFIED.,.F.,.F.) B_SPLINE_CURVE_WITH_KNOTS((3,2,2,3),(
    0.218884821979,0.233333333333,0.266666666667,0.3),.UNSPECIFIED.) 
CURVE() GEOMETRIC_REPRESENTATION_ITEM() RATIONAL_B_SPLINE_CURVE((
    0.93419923228,0.941927995762,1.,0.866025403784,1.,0.866025403784,1.)
) REPRESENTATION_ITEM('') );
#186 = CARTESIAN_POINT('',(0.448334730466,0.662567709338,1.160428147092)
  );
#187 = CARTESIAN_POINT('',(0.600784553292,0.559410629295,1.147040358386)
  );
#188 = CARTESIAN_POINT('',(0.692820323028,0.4,1.135416666667));
#189 = CARTESIAN_POINT('',(0.923760430703,-1.561633608041E-14,1.10625));
#190 = CARTESIAN_POINT('',(0.692820323028,-0.4,1.077083333333));
#191 = CARTESIAN_POINT('',(0.461880215352,-0.8,1.047916666667));
#192 = CARTESIAN_POINT('',(-9.797174393179E-17,-0.8,1.01875));
#193 = ORIENTED_EDGE('',*,*,#194,.F.);
#194 = EDGE_CURVE('',#152,#183,#195,.T.);
#195 = LINE('',#196,#197);
#196 = CARTESIAN_POINT('',(0.,-0.8,2.7));
#197 = VECTOR('',#198,1.);
#198 = DIRECTION('',(-0.,-1.224646799147E-16,1.));
#199 = CYLINDRICAL_SURFACE('',#200,0.8);
#200 = AXIS2_PLACEMENT_3D('',#201,#202,#203);
#201 = CARTESIAN_POINT('',(0.,9.908951626062E-16,2.7));
#202 = DIRECTION('',(-0.,-1.224646799147E-16,1.));
#203 = DIRECTION('',(0.,-1.,-1.224646799147E-16));
#204 = ADVANCED_FACE('',(#205),#246,.T.);
#205 = FACE_BOUND('',#206,.T.);
#206 = EDGE_LOOP('',(#207,#221,#229,#239));
#207 = ORIENTED_EDGE('',*,*,#208,.T.);
#208 = EDGE_CURVE('',#209,#211,#213,.T.);
#209 = VERTEX_POINT('',#210);
#210 = CARTESIAN_POINT('',(0.560503415378,-0.57082039325,-2.48125));
#211 = VERTEX_POINT('',#212);
#212 = CARTESIAN_POINT('',(0.,0.8,-2.35));
#213 = ( BOUNDED_CURVE() B_SPLINE_CURVE(2,(#214,#215,#216,#217,#218,#219
,#220),.UNSPECIFIED.,.F.,.F.) B_SPLINE_CURVE_WITH_KNOTS((3,2,2,3),(
    0.124567210089,0.133333333333,0.166666666667,0.2),.UNSPECIFIED.) 
CURVE() GEOMETRIC_REPRESENTATION_ITEM() RATIONAL_B_SPLINE_CURVE((
    0.948065210723,0.96476686534,1.,0.866025403784,1.,0.866025403784,1.)
) REPRESENTATION_ITEM('') );
#214 = CARTESIAN_POINT('',(0.560503415378,-0.57082039325,-2.48125));
#215 = CARTESIAN_POINT('',(0.638302758885,-0.494427191,-2.473551982677)
  );
#216 = CARTESIAN_POINT('',(0.692820323028,-0.4,-2.466666666667));
#217 = CARTESIAN_POINT('',(0.923760430703,-1.518235187096E-14,-2.4375));
#218 = CARTESIAN_POINT('',(0.692820323028,0.4,-2.408333333333));
#219 = CARTESIAN_POINT('',(0.461880215352,0.8,-2.379166666667));
#220 = CARTESIAN_POINT('',(0.,0.8,-2.35));
#221 = ORIENTED_EDGE('',*,*,#222,.T.);
#222 = EDGE_CURVE('',#211,#223,#225,.T.);
#223 = VERTEX_POINT('',#224);
#224 = CARTESIAN_POINT('',(0.,0.8,-2.30625));
#225 = LINE('',#226,#227);
#226 = CARTESIAN_POINT('',(9.797174393179E-17,0.8,2.7));
#227 = VECTOR('',#228,1.);
#228 = DIRECTION('',(-0.,-1.224646799147E-16,1.));
#229 = ORIENTED_EDGE('',*,*,#230,.T.);
#230 = EDGE_CURVE('',#223,#121,#231,.T.);
#231 = ( BOUNDED_CURVE() B_SPLINE_CURVE(2,(#232,#233,#234,#235,#236,#237
,#238),.UNSPECIFIED.,.F.,.F.) B_SPLINE_CURVE_WITH_KNOTS((3,2,2,3),(0.6,
0.633333333333,0.666666666667,0.7),.UNSPECIFIED.) CURVE() 
GEOMETRIC_REPRESENTATION_ITEM() RATIONAL_B_SPLINE_CURVE((1.,
    0.866025403784,1.,0.866025403784,1.,0.866025403784,1.)) 
REPRESENTATION_ITEM('') );
#232 = CARTESIAN_POINT('',(0.,0.8,-2.30625));
#233 = CARTESIAN_POINT('',(0.461880215352,0.8,-2.335416666667));
#234 = CARTESIAN_POINT('',(0.692820323028,0.4,-2.364583333333));
#235 = CARTESIAN_POINT('',(0.923760430703,-1.518770970071E-14,-2.39375)
  );
#236 = CARTESIAN_POINT('',(0.692820323028,-0.4,-2.422916666667));
#237 = CARTESIAN_POINT('',(0.461880215352,-0.8,-2.452083333333));
#238 = CARTESIAN_POINT('',(-9.797174393179E-17,-0.8,-2.48125));
#239 = ORIENTED_EDGE('',*,*,#240,.T.);
#240 = EDGE_CURVE('',#121,#209,#241,.T.);
#241 = CIRCLE('',#242,0.8);
#242 = AXIS2_PLACEMENT_3D('',#243,#244,#245);
#243 = CARTESIAN_POINT('',(0.,1.625415285414E-15,-2.48125));
#244 = DIRECTION('',(0.,-1.224646799147E-16,1.));
#245 = DIRECTION('',(0.,-1.,-1.224646799147E-16));
#246 = CYLINDRICAL_SURFACE('',#247,0.8);
#247 = AXIS2_PLACEMENT_3D('',#248,#249,#250);
#248 = CARTESIAN_POINT('',(0.,9.908951626062E-16,2.7));
#249 = DIRECTION('',(-0.,-1.224646799147E-16,1.));
#250 = DIRECTION('',(0.,-1.,-1.224646799147E-16));
#251 = ADVANCED_FACE('',(#252),#294,.T.);
#252 = FACE_BOUND('',#253,.T.);
#253 = EDGE_LOOP('',(#254,#268,#276,#288));
#254 = ORIENTED_EDGE('',*,*,#255,.T.);
#255 = EDGE_CURVE('',#256,#258,#260,.T.);
#256 = VERTEX_POINT('',#257);
#257 = CARTESIAN_POINT('',(-9.797174393179E-17,-0.8,-2.175));
#258 = VERTEX_POINT('',#259);
#259 = CARTESIAN_POINT('',(0.,0.8,-2.));
#260 = ( BOUNDED_CURVE() B_SPLINE_CURVE(2,(#261,#262,#263,#264,#265,#266
,#267),.UNSPECIFIED.,.F.,.F.) B_SPLINE_CURVE_WITH_KNOTS((3,2,2,3),(0.3,
0.333333333333,0.366666666667,0.4),.PIECEWISE_BEZIER_KNOTS.) CURVE() 
GEOMETRIC_REPRESENTATION_ITEM() RATIONAL_B_SPLINE_CURVE((1.,
    0.866025403784,1.,0.866025403784,1.,0.866025403784,1.)) 
REPRESENTATION_ITEM('') );
#261 = CARTESIAN_POINT('',(-9.797174393179E-17,-0.8,-2.175));
#262 = CARTESIAN_POINT('',(0.461880215352,-0.8,-2.145833333333));
#263 = CARTESIAN_POINT('',(0.692820323028,-0.4,-2.116666666667));
#264 = CARTESIAN_POINT('',(0.923760430703,-1.522521450893E-14,-2.0875));
#265 = CARTESIAN_POINT('',(0.692820323028,0.4,-2.058333333333));
#266 = CARTESIAN_POINT('',(0.461880215352,0.8,-2.029166666667));
#267 = CARTESIAN_POINT('',(0.,0.8,-2.));
#268 = ORIENTED_EDGE('',*,*,#269,.T.);
#269 = EDGE_CURVE('',#258,#270,#272,.T.);
#270 = VERTEX_POINT('',#271);
#271 = CARTESIAN_POINT('',(0.,0.8,-1.95625));
#272 = LINE('',#273,#274);
#273 = CARTESIAN_POINT('',(9.797174393179E-17,0.8,2.7));
#274 = VECTOR('',#275,1.);
#275 = DIRECTION('',(-0.,-1.224646799147E-16,1.));
#276 = ORIENTED_EDGE('',*,*,#277,.T.);
#277 = EDGE_CURVE('',#270,#278,#280,.T.);
#278 = VERTEX_POINT('',#279);
#279 = CARTESIAN_POINT('',(-9.797174393179E-17,-0.8,-2.13125));
#280 = ( BOUNDED_CURVE() B_SPLINE_CURVE(2,(#281,#282,#283,#284,#285,#286
,#287),.UNSPECIFIED.,.F.,.F.) B_SPLINE_CURVE_WITH_KNOTS((3,2,2,3),(0.4,
0.433333333333,0.466666666667,0.5),.PIECEWISE_BEZIER_KNOTS.) CURVE() 
GEOMETRIC_REPRESENTATION_ITEM() RATIONAL_B_SPLINE_CURVE((1.,
    0.866025403784,1.,0.866025403784,1.,0.866025403784,1.)) 
REPRESENTATION_ITEM('') );
#281 = CARTESIAN_POINT('',(0.,0.8,-1.95625));
#282 = CARTESIAN_POINT('',(0.461880215352,0.8,-1.985416666667));
#283 = CARTESIAN_POINT('',(0.692820323028,0.4,-2.014583333333));
#284 = CARTESIAN_POINT('',(0.923760430703,-1.523057233868E-14,-2.04375)
  );
#285 = CARTESIAN_POINT('',(0.692820323028,-0.4,-2.072916666667));
#286 = CARTESIAN_POINT('',(0.461880215352,-0.8,-2.102083333333));
#287 = CARTESIAN_POINT('',(-9.797174393179E-17,-0.8,-2.13125));
#288 = ORIENTED_EDGE('',*,*,#289,.F.);
#289 = EDGE_CURVE('',#256,#278,#290,.T.);
#290 = LINE('',#291,#292);
#291 = CARTESIAN_POINT('',(0.,-0.8,2.7));
#292 = VECTOR('',#293,1.);
#293 = DIRECTION('',(-0.,-1.224646799147E-16,1.));
#294 = CYLINDRICAL_SURFACE('',#295,0.8);
#295 = AXIS2_PLACEMENT_3D('',#296,#297,#298);
#296 = CARTESIAN_POINT('',(0.,9.908951626062E-16,2.7));
#297 = DIRECTION('',(-0.,-1.224646799147E-16,1.));
#298 = DIRECTION('',(0.,-1.,-1.224646799147E-16));
#299 = ADVANCED_FACE('',(#300),#342,.T.);
#300 = FACE_BOUND('',#301,.T.);
#301 = EDGE_LOOP('',(#302,#316,#324,#336));
#302 = ORIENTED_EDGE('',*,*,#303,.T.);
#303 = EDGE_CURVE('',#304,#306,#308,.T.);
#304 = VERTEX_POINT('',#305);
#305 = CARTESIAN_POINT('',(-9.797174393179E-17,-0.8,-1.825));
#306 = VERTEX_POINT('',#307);
#307 = CARTESIAN_POINT('',(0.,0.8,-1.65));
#308 = ( BOUNDED_CURVE() B_SPLINE_CURVE(2,(#309,#310,#311,#312,#313,#314
,#315),.UNSPECIFIED.,.F.,.F.) B_SPLINE_CURVE_WITH_KNOTS((3,2,2,3),(0.5,
0.533333333333,0.566666666667,0.6),.PIECEWISE_BEZIER_KNOTS.) CURVE() 
GEOMETRIC_REPRESENTATION_ITEM() RATIONAL_B_SPLINE_CURVE((1.,
    0.866025403784,1.,0.866025403784,1.,0.866025403784,1.)) 
REPRESENTATION_ITEM('') );
#309 = CARTESIAN_POINT('',(-9.797174393179E-17,-0.8,-1.825));
#310 = CARTESIAN_POINT('',(0.461880215352,-0.8,-1.795833333333));
#311 = CARTESIAN_POINT('',(0.692820323028,-0.4,-1.766666666667));
#312 = CARTESIAN_POINT('',(0.923760430703,-1.52680771469E-14,-1.7375));
#313 = CARTESIAN_POINT('',(0.692820323028,0.4,-1.708333333333));
#314 = CARTESIAN_POINT('',(0.461880215352,0.8,-1.679166666667));
#315 = CARTESIAN_POINT('',(0.,0.8,-1.65));
#316 = ORIENTED_EDGE('',*,*,#317,.T.);
#317 = EDGE_CURVE('',#306,#318,#320,.T.);
#318 = VERTEX_POINT('',#319);
#319 = CARTESIAN_POINT('',(0.,0.8,-1.60625));
#320 = LINE('',#321,#322);
#321 = CARTESIAN_POINT('',(9.797174393179E-17,0.8,2.7));
#322 = VECTOR('',#323,1.);
#323 = DIRECTION('',(-0.,-1.224646799147E-16,1.));
#324 = ORIENTED_EDGE('',*,*,#325,.T.);
#325 = EDGE_CURVE('',#318,#326,#328,.T.);
#326 = VERTEX_POINT('',#327);
#327 = CARTESIAN_POINT('',(-9.797174393179E-17,-0.8,-1.78125));
#328 = ( BOUNDED_CURVE() B_SPLINE_CURVE(2,(#329,#330,#331,#332,#333,#334
,#335),.UNSPECIFIED.,.F.,.F.) B_SPLINE_CURVE_WITH_KNOTS((3,2,2,3),(0.2,
0.233333333333,0.266666666667,0.3),.UNSPECIFIED.) CURVE() 
GEOMETRIC_REPRESENTATION_ITEM() RATIONAL_B_SPLINE_CURVE((1.,
    0.866025403784,1.,0.866025403784,1.,0.866025403784,1.)) 
REPRESENTATION_ITEM('') );
#329 = CARTESIAN_POINT('',(0.,0.8,-1.60625));
#330 = CARTESIAN_POINT('',(0.461880215352,0.8,-1.635416666667));
#331 = CARTESIAN_POINT('',(0.692820323028,0.4,-1.664583333333));
#332 = CARTESIAN_POINT('',(0.923760430703,-1.527343497665E-14,-1.69375)
  );
#333 = CARTESIAN_POINT('',(0.692820323028,-0.4,-1.722916666667));
#334 = CARTESIAN_POINT('',(0.461880215352,-0.8,-1.752083333333));
#335 = CARTESIAN_POINT('',(-9.797174393179E-17,-0.8,-1.78125));
#336 = ORIENTED_EDGE('',*,*,#337,.F.);
#337 = EDGE_CURVE('',#304,#326,#338,.T.);
#338 = LINE('',#339,#340);
#339 = CARTESIAN_POINT('',(0.,-0.8,2.7));
#340 = VECTOR('',#341,1.);
#341 = DIRECTION('',(-0.,-1.224646799147E-16,1.));
#342 = CYLINDRICAL_SURFACE('',#343,0.8);
#343 = AXIS2_PLACEMENT_3D('',#344,#345,#346);
#344 = CARTESIAN_POINT('',(0.,9.908951626062E-16,2.7));
#345 = DIRECTION('',(-0.,-1.224646799147E-16,1.));
#346 = DIRECTION('',(0.,-1.,-1.224646799147E-16));
#347 = ADVANCED_FACE('',(#348),#390,.T.);
#348 = FACE_BOUND('',#349,.T.);
#349 = EDGE_LOOP('',(#350,#364,#372,#384));
#350 = ORIENTED_EDGE('',*,*,#351,.T.);
#351 = EDGE_CURVE('',#352,#354,#356,.T.);
#352 = VERTEX_POINT('',#353);
#353 = CARTESIAN_POINT('',(-9.797174393179E-17,-0.8,-1.475));
#354 = VERTEX_POINT('',#355);
#355 = CARTESIAN_POINT('',(0.,0.8,-1.3));
#356 = ( BOUNDED_CURVE() B_SPLINE_CURVE(2,(#357,#358,#359,#360,#361,#362
,#363),.UNSPECIFIED.,.F.,.F.) B_SPLINE_CURVE_WITH_KNOTS((3,2,2,3),(0.7,
0.733333333333,0.766666666667,0.8),.PIECEWISE_BEZIER_KNOTS.) CURVE() 
GEOMETRIC_REPRESENTATION_ITEM() RATIONAL_B_SPLINE_CURVE((1.,
    0.866025403784,1.,0.866025403784,1.,0.866025403784,1.)) 
REPRESENTATION_ITEM('') );
#357 = CARTESIAN_POINT('',(-9.797174393179E-17,-0.8,-1.475));
#358 = CARTESIAN_POINT('',(0.461880215352,-0.8,-1.445833333333));
#359 = CARTESIAN_POINT('',(0.692820323028,-0.4,-1.416666666667));
#360 = CARTESIAN_POINT('',(0.923760430703,-1.531093978487E-14,-1.3875));
#361 = CARTESIAN_POINT('',(0.692820323028,0.4,-1.358333333333));
#362 = CARTESIAN_POINT('',(0.461880215352,0.8,-1.329166666667));
#363 = CARTESIAN_POINT('',(0.,0.8,-1.3));
#364 = ORIENTED_EDGE('',*,*,#365,.T.);
#365 = EDGE_CURVE('',#354,#366,#368,.T.);
#366 = VERTEX_POINT('',#367);
#367 = CARTESIAN_POINT('',(0.,0.8,-1.25625));
#368 = LINE('',#369,#370);
#369 = CARTESIAN_POINT('',(9.797174393179E-17,0.8,2.7));
#370 = VECTOR('',#371,1.);
#371 = DIRECTION('',(-0.,-1.224646799147E-16,1.));
#372 = ORIENTED_EDGE('',*,*,#373,.T.);
#373 = EDGE_CURVE('',#366,#374,#376,.T.);
#374 = VERTEX_POINT('',#375);
#375 = CARTESIAN_POINT('',(-9.797174393179E-17,-0.8,-1.43125));
#376 = ( BOUNDED_CURVE() B_SPLINE_CURVE(2,(#377,#378,#379,#380,#381,#382
,#383),.UNSPECIFIED.,.F.,.F.) B_SPLINE_CURVE_WITH_KNOTS((3,2,2,3),(0.,
    3.333333333333E-02,6.666666666667E-02,1.E-01),
.PIECEWISE_BEZIER_KNOTS.) CURVE() GEOMETRIC_REPRESENTATION_ITEM() 
RATIONAL_B_SPLINE_CURVE((1.,0.866025403784,1.,0.866025403784,1.,
0.866025403784,1.)) REPRESENTATION_ITEM('') );
#377 = CARTESIAN_POINT('',(0.,0.8,-1.25625));
#378 = CARTESIAN_POINT('',(0.461880215352,0.8,-1.285416666667));
#379 = CARTESIAN_POINT('',(0.692820323028,0.4,-1.314583333333));
#380 = CARTESIAN_POINT('',(0.923760430703,-1.531629761462E-14,-1.34375)
  );
#381 = CARTESIAN_POINT('',(0.692820323028,-0.4,-1.372916666667));
#382 = CARTESIAN_POINT('',(0.461880215352,-0.8,-1.402083333333));
#383 = CARTESIAN_POINT('',(-9.797174393179E-17,-0.8,-1.43125));
#384 = ORIENTED_EDGE('',*,*,#385,.F.);
#385 = EDGE_CURVE('',#352,#374,#386,.T.);
#386 = LINE('',#387,#388);
#387 = CARTESIAN_POINT('',(0.,-0.8,2.7));
#388 = VECTOR('',#389,1.);
#389 = DIRECTION('',(-0.,-1.224646799147E-16,1.));
#390 = CYLINDRICAL_SURFACE('',#391,0.8);
#391 = AXIS2_PLACEMENT_3D('',#392,#393,#394);
#392 = CARTESIAN_POINT('',(0.,9.908951626062E-16,2.7));
#393 = DIRECTION('',(-0.,-1.224646799147E-16,1.));
#394 = DIRECTION('',(0.,-1.,-1.224646799147E-16));
#395 = ADVANCED_FACE('',(#396),#438,.T.);
#396 = FACE_BOUND('',#397,.T.);
#397 = EDGE_LOOP('',(#398,#412,#420,#432));
#398 = ORIENTED_EDGE('',*,*,#399,.T.);
#399 = EDGE_CURVE('',#400,#402,#404,.T.);
#400 = VERTEX_POINT('',#401);
#401 = CARTESIAN_POINT('',(-9.797174393179E-17,-0.8,-1.125));
#402 = VERTEX_POINT('',#403);
#403 = CARTESIAN_POINT('',(0.,0.8,-0.95));
#404 = ( BOUNDED_CURVE() B_SPLINE_CURVE(2,(#405,#406,#407,#408,#409,#410
,#411),.UNSPECIFIED.,.F.,.F.) B_SPLINE_CURVE_WITH_KNOTS((3,2,2,3),(0.9,
0.933333333333,0.966666666667,1.),.PIECEWISE_BEZIER_KNOTS.) CURVE() 
GEOMETRIC_REPRESENTATION_ITEM() RATIONAL_B_SPLINE_CURVE((1.,
    0.866025403784,1.,0.866025403784,1.,0.866025403784,1.)) 
REPRESENTATION_ITEM('') );
#405 = CARTESIAN_POINT('',(-9.797174393179E-17,-0.8,-1.125));
#406 = CARTESIAN_POINT('',(0.461880215352,-0.8,-1.095833333333));
#407 = CARTESIAN_POINT('',(0.692820323028,-0.4,-1.066666666667));
#408 = CARTESIAN_POINT('',(0.923760430703,-1.535380242284E-14,-1.0375));
#409 = CARTESIAN_POINT('',(0.692820323028,0.4,-1.008333333333));
#410 = CARTESIAN_POINT('',(0.461880215352,0.8,-0.979166666667));
#411 = CARTESIAN_POINT('',(0.,0.8,-0.95));
#412 = ORIENTED_EDGE('',*,*,#413,.T.);
#413 = EDGE_CURVE('',#402,#414,#416,.T.);
#414 = VERTEX_POINT('',#415);
#415 = CARTESIAN_POINT('',(0.,0.8,-0.90625));
#416 = LINE('',#417,#418);
#417 = CARTESIAN_POINT('',(9.797174393179E-17,0.8,2.7));
#418 = VECTOR('',#419,1.);
#419 = DIRECTION('',(-0.,-1.224646799147E-16,1.));
#420 = ORIENTED_EDGE('',*,*,#421,.T.);
#421 = EDGE_CURVE('',#414,#422,#424,.T.);
#422 = VERTEX_POINT('',#423);
#423 = CARTESIAN_POINT('',(-9.797174393179E-17,-0.8,-1.08125));
#424 = ( BOUNDED_CURVE() B_SPLINE_CURVE(2,(#425,#426,#427,#428,#429,#430
,#431),.UNSPECIFIED.,.F.,.F.) B_SPLINE_CURVE_WITH_KNOTS((3,2,2,3),(0.6,
0.633333333333,0.666666666667,0.7),.UNSPECIFIED.) CURVE() 
GEOMETRIC_REPRESENTATION_ITEM() RATIONAL_B_SPLINE_CURVE((1.,
    0.866025403784,1.,0.866025403784,1.,0.866025403784,1.)) 
REPRESENTATION_ITEM('') );
#425 = CARTESIAN_POINT('',(0.,0.8,-0.90625));
#426 = CARTESIAN_POINT('',(0.461880215352,0.8,-0.935416666667));
#427 = CARTESIAN_POINT('',(0.692820323028,0.4,-0.964583333333));
#428 = CARTESIAN_POINT('',(0.923760430703,-1.535916025259E-14,-0.99375)
  );
#429 = CARTESIAN_POINT('',(0.692820323028,-0.4,-1.022916666667));
#430 = CARTESIAN_POINT('',(0.461880215352,-0.8,-1.052083333333));
#431 = CARTESIAN_POINT('',(-9.797174393179E-17,-0.8,-1.08125));
#432 = ORIENTED_EDGE('',*,*,#433,.F.);
#433 = EDGE_CURVE('',#400,#422,#434,.T.);
#434 = LINE('',#435,#436);
#435 = CARTESIAN_POINT('',(0.,-0.8,2.7));
#436 = VECTOR('',#437,1.);
#437 = DIRECTION('',(-0.,-1.224646799147E-16,1.));
#438 = CYLINDRICAL_SURFACE('',#439,0.8);
#439 = AXIS2_PLACEMENT_3D('',#440,#441,#442);
#440 = CARTESIAN_POINT('',(0.,9.908951626062E-16,2.7));
#441 = DIRECTION('',(-0.,-1.224646799147E-16,1.));
#442 = DIRECTION('',(0.,-1.,-1.224646799147E-16));
#443 = ADVANCED_FACE('',(#444),#486,.T.);
#444 = FACE_BOUND('',#445,.T.);
#445 = EDGE_LOOP('',(#446,#460,#468,#480));
#446 = ORIENTED_EDGE('',*,*,#447,.T.);
#447 = EDGE_CURVE('',#448,#450,#452,.T.);
#448 = VERTEX_POINT('',#449);
#449 = CARTESIAN_POINT('',(-9.797174393179E-17,-0.8,-0.775));
#450 = VERTEX_POINT('',#451);
#451 = CARTESIAN_POINT('',(0.,0.8,-0.6));
#452 = ( BOUNDED_CURVE() B_SPLINE_CURVE(2,(#453,#454,#455,#456,#457,#458
,#459),.UNSPECIFIED.,.F.,.F.) B_SPLINE_CURVE_WITH_KNOTS((3,2,2,3),(0.3,
0.333333333333,0.366666666667,0.4),.PIECEWISE_BEZIER_KNOTS.) CURVE() 
GEOMETRIC_REPRESENTATION_ITEM() RATIONAL_B_SPLINE_CURVE((1.,
    0.866025403784,1.,0.866025403784,1.,0.866025403784,1.)) 
REPRESENTATION_ITEM('') );
#453 = CARTESIAN_POINT('',(-9.797174393179E-17,-0.8,-0.775));
#454 = CARTESIAN_POINT('',(0.461880215352,-0.8,-0.745833333333));
#455 = CARTESIAN_POINT('',(0.692820323028,-0.4,-0.716666666667));
#456 = CARTESIAN_POINT('',(0.923760430703,-1.539666506081E-14,-0.6875));
#457 = CARTESIAN_POINT('',(0.692820323028,0.4,-0.658333333333));
#458 = CARTESIAN_POINT('',(0.461880215352,0.8,-0.629166666667));
#459 = CARTESIAN_POINT('',(0.,0.8,-0.6));
#460 = ORIENTED_EDGE('',*,*,#461,.T.);
#461 = EDGE_CURVE('',#450,#462,#464,.T.);
#462 = VERTEX_POINT('',#463);
#463 = CARTESIAN_POINT('',(0.,0.8,-0.55625));
#464 = LINE('',#465,#466);
#465 = CARTESIAN_POINT('',(9.797174393179E-17,0.8,2.7));
#466 = VECTOR('',#467,1.);
#467 = DIRECTION('',(-0.,-1.224646799147E-16,1.));
#468 = ORIENTED_EDGE('',*,*,#469,.T.);
#469 = EDGE_CURVE('',#462,#470,#472,.T.);
#470 = VERTEX_POINT('',#471);
#471 = CARTESIAN_POINT('',(-9.797174393179E-17,-0.8,-0.73125));
#472 = ( BOUNDED_CURVE() B_SPLINE_CURVE(2,(#473,#474,#475,#476,#477,#478
,#479),.UNSPECIFIED.,.F.,.F.) B_SPLINE_CURVE_WITH_KNOTS((3,2,2,3),(0.4,
0.433333333333,0.466666666667,0.5),.PIECEWISE_BEZIER_KNOTS.) CURVE() 
GEOMETRIC_REPRESENTATION_ITEM() RATIONAL_B_SPLINE_CURVE((1.,
    0.866025403784,1.,0.866025403784,1.,0.866025403784,1.)) 
REPRESENTATION_ITEM('') );
#473 = CARTESIAN_POINT('',(0.,0.8,-0.55625));
#474 = CARTESIAN_POINT('',(0.461880215352,0.8,-0.585416666667));
#475 = CARTESIAN_POINT('',(0.692820323028,0.4,-0.614583333333));
#476 = CARTESIAN_POINT('',(0.923760430703,-1.540202289056E-14,-0.64375)
  );
#477 = CARTESIAN_POINT('',(0.692820323028,-0.4,-0.672916666667));
#478 = CARTESIAN_POINT('',(0.461880215352,-0.8,-0.702083333333));
#479 = CARTESIAN_POINT('',(-9.797174393179E-17,-0.8,-0.73125));
#480 = ORIENTED_EDGE('',*,*,#481,.F.);
#481 = EDGE_CURVE('',#448,#470,#482,.T.);
#482 = LINE('',#483,#484);
#483 = CARTESIAN_POINT('',(0.,-0.8,2.7));
#484 = VECTOR('',#485,1.);
#485 = DIRECTION('',(-0.,-1.224646799147E-16,1.));
#486 = CYLINDRICAL_SURFACE('',#487,0.8);
#487 = AXIS2_PLACEMENT_3D('',#488,#489,#490);
#488 = CARTESIAN_POINT('',(0.,9.908951626062E-16,2.7));
#489 = DIRECTION('',(-0.,-1.224646799147E-16,1.));
#490 = DIRECTION('',(0.,-1.,-1.224646799147E-16));
#491 = ADVANCED_FACE('',(#492),#534,.T.);
#492 = FACE_BOUND('',#493,.T.);
#493 = EDGE_LOOP('',(#494,#508,#516,#528));
#494 = ORIENTED_EDGE('',*,*,#495,.T.);
#495 = EDGE_CURVE('',#496,#498,#500,.T.);
#496 = VERTEX_POINT('',#497);
#497 = CARTESIAN_POINT('',(-9.797174393179E-17,-0.8,-0.425));
#498 = VERTEX_POINT('',#499);
#499 = CARTESIAN_POINT('',(0.,0.8,-0.25));
#500 = ( BOUNDED_CURVE() B_SPLINE_CURVE(2,(#501,#502,#503,#504,#505,#506
,#507),.UNSPECIFIED.,.F.,.F.) B_SPLINE_CURVE_WITH_KNOTS((3,2,2,3),(0.5,
0.533333333333,0.566666666667,0.6),.PIECEWISE_BEZIER_KNOTS.) CURVE() 
GEOMETRIC_REPRESENTATION_ITEM() RATIONAL_B_SPLINE_CURVE((1.,
    0.866025403784,1.,0.866025403784,1.,0.866025403784,1.)) 
REPRESENTATION_ITEM('') );
#501 = CARTESIAN_POINT('',(-9.797174393179E-17,-0.8,-0.425));
#502 = CARTESIAN_POINT('',(0.461880215352,-0.8,-0.395833333333));
#503 = CARTESIAN_POINT('',(0.692820323028,-0.4,-0.366666666667));
#504 = CARTESIAN_POINT('',(0.923760430703,-1.543952769878E-14,-0.3375));
#505 = CARTESIAN_POINT('',(0.692820323028,0.4,-0.308333333333));
#506 = CARTESIAN_POINT('',(0.461880215352,0.8,-0.279166666667));
#507 = CARTESIAN_POINT('',(0.,0.8,-0.25));
#508 = ORIENTED_EDGE('',*,*,#509,.T.);
#509 = EDGE_CURVE('',#498,#510,#512,.T.);
#510 = VERTEX_POINT('',#511);
#511 = CARTESIAN_POINT('',(0.,0.8,-0.20625));
#512 = LINE('',#513,#514);
#513 = CARTESIAN_POINT('',(9.797174393179E-17,0.8,2.7));
#514 = VECTOR('',#515,1.);
#515 = DIRECTION('',(-0.,-1.224646799147E-16,1.));
#516 = ORIENTED_EDGE('',*,*,#517,.T.);
#517 = EDGE_CURVE('',#510,#518,#520,.T.);
#518 = VERTEX_POINT('',#519);
#519 = CARTESIAN_POINT('',(-9.797174393179E-17,-0.8,-0.38125));
#520 = ( BOUNDED_CURVE() B_SPLINE_CURVE(2,(#521,#522,#523,#524,#525,#526
,#527),.UNSPECIFIED.,.F.,.F.) B_SPLINE_CURVE_WITH_KNOTS((3,2,2,3),(0.2,
0.233333333333,0.266666666667,0.3),.UNSPECIFIED.) CURVE() 
GEOMETRIC_REPRESENTATION_ITEM() RATIONAL_B_SPLINE_CURVE((1.,
    0.866025403784,1.,0.866025403784,1.,0.866025403784,1.)) 
REPRESENTATION_ITEM('') );
#521 = CARTESIAN_POINT('',(0.,0.8,-0.20625));
#522 = CARTESIAN_POINT('',(0.461880215352,0.8,-0.235416666667));
#523 = CARTESIAN_POINT('',(0.692820323028,0.4,-0.264583333333));
#524 = CARTESIAN_POINT('',(0.923760430703,-1.544488552853E-14,-0.29375)
  );
#525 = CARTESIAN_POINT('',(0.692820323028,-0.4,-0.322916666667));
#526 = CARTESIAN_POINT('',(0.461880215352,-0.8,-0.352083333333));
#527 = CARTESIAN_POINT('',(-9.797174393179E-17,-0.8,-0.38125));
#528 = ORIENTED_EDGE('',*,*,#529,.F.);
#529 = EDGE_CURVE('',#496,#518,#530,.T.);
#530 = LINE('',#531,#532);
#531 = CARTESIAN_POINT('',(0.,-0.8,2.7));
#532 = VECTOR('',#533,1.);
#533 = DIRECTION('',(-0.,-1.224646799147E-16,1.));
#534 = CYLINDRICAL_SURFACE('',#535,0.8);
#535 = AXIS2_PLACEMENT_3D('',#536,#537,#538);
#536 = CARTESIAN_POINT('',(0.,9.908951626062E-16,2.7));
#537 = DIRECTION('',(-0.,-1.224646799147E-16,1.));
#538 = DIRECTION('',(0.,-1.,-1.224646799147E-16));
#539 = ADVANCED_FACE('',(#540),#582,.T.);
#540 = FACE_BOUND('',#541,.T.);
#541 = EDGE_LOOP('',(#542,#556,#564,#576));
#542 = ORIENTED_EDGE('',*,*,#543,.T.);
#543 = EDGE_CURVE('',#544,#546,#548,.T.);
#544 = VERTEX_POINT('',#545);
#545 = CARTESIAN_POINT('',(-9.797174393179E-17,-0.8,-7.499999999999E-02)
  );
#546 = VERTEX_POINT('',#547);
#547 = CARTESIAN_POINT('',(0.,0.8,0.1));
#548 = ( BOUNDED_CURVE() B_SPLINE_CURVE(2,(#549,#550,#551,#552,#553,#554
,#555),.UNSPECIFIED.,.F.,.F.) B_SPLINE_CURVE_WITH_KNOTS((3,2,2,3),(0.7,
0.733333333333,0.766666666667,0.8),.PIECEWISE_BEZIER_KNOTS.) CURVE() 
GEOMETRIC_REPRESENTATION_ITEM() RATIONAL_B_SPLINE_CURVE((1.,
    0.866025403784,1.,0.866025403784,1.,0.866025403784,1.)) 
REPRESENTATION_ITEM('') );
#549 = CARTESIAN_POINT('',(-9.797174393179E-17,-0.8,-7.499999999999E-02)
  );
#550 = CARTESIAN_POINT('',(0.461880215352,-0.8,-4.583333333333E-02));
#551 = CARTESIAN_POINT('',(0.692820323028,-0.4,-1.666666666666E-02));
#552 = CARTESIAN_POINT('',(0.923760430703,-1.548239033675E-14,
    1.250000000001E-02));
#553 = CARTESIAN_POINT('',(0.692820323028,0.4,4.166666666667E-02));
#554 = CARTESIAN_POINT('',(0.461880215352,0.8,7.083333333334E-02));
#555 = CARTESIAN_POINT('',(0.,0.8,0.1));
#556 = ORIENTED_EDGE('',*,*,#557,.T.);
#557 = EDGE_CURVE('',#546,#558,#560,.T.);
#558 = VERTEX_POINT('',#559);
#559 = CARTESIAN_POINT('',(0.,0.8,0.14375));
#560 = LINE('',#561,#562);
#561 = CARTESIAN_POINT('',(9.797174393179E-17,0.8,2.7));
#562 = VECTOR('',#563,1.);
#563 = DIRECTION('',(-0.,-1.224646799147E-16,1.));
#564 = ORIENTED_EDGE('',*,*,#565,.T.);
#565 = EDGE_CURVE('',#558,#566,#568,.T.);
#566 = VERTEX_POINT('',#567);
#567 = CARTESIAN_POINT('',(-9.797174393179E-17,-0.8,-3.125E-02));
#568 = ( BOUNDED_CURVE() B_SPLINE_CURVE(2,(#569,#570,#571,#572,#573,#574
,#575),.UNSPECIFIED.,.F.,.F.) B_SPLINE_CURVE_WITH_KNOTS((3,2,2,3),(0.,
    3.333333333333E-02,6.666666666667E-02,0.1),
.PIECEWISE_BEZIER_KNOTS.) CURVE() GEOMETRIC_REPRESENTATION_ITEM() 
RATIONAL_B_SPLINE_CURVE((1.,0.866025403784,1.,0.866025403784,1.,
0.866025403784,1.)) REPRESENTATION_ITEM('') );
#569 = CARTESIAN_POINT('',(0.,0.8,0.14375));
#570 = CARTESIAN_POINT('',(0.461880215352,0.8,0.114583333333));
#571 = CARTESIAN_POINT('',(0.692820323028,0.4,8.541666666667E-02));
#572 = CARTESIAN_POINT('',(0.923760430703,-1.54877481665E-14,5.625E-02)
  );
#573 = CARTESIAN_POINT('',(0.692820323028,-0.4,2.708333333333E-02));
#574 = CARTESIAN_POINT('',(0.461880215352,-0.8,-2.083333333334E-03));
#575 = CARTESIAN_POINT('',(-9.797174393179E-17,-0.8,-3.125E-02));
#576 = ORIENTED_EDGE('',*,*,#577,.F.);
#577 = EDGE_CURVE('',#544,#566,#578,.T.);
#578 = LINE('',#579,#580);
#579 = CARTESIAN_POINT('',(0.,-0.8,2.7));
#580 = VECTOR('',#581,1.);
#581 = DIRECTION('',(-0.,-1.224646799147E-16,1.));
#582 = CYLINDRICAL_SURFACE('',#583,0.8);
#583 = AXIS2_PLACEMENT_3D('',#584,#585,#586);
#584 = CARTESIAN_POINT('',(0.,9.908951626062E-16,2.7));
#585 = DIRECTION('',(-0.,-1.224646799147E-16,1.));
#586 = DIRECTION('',(0.,-1.,-1.224646799147E-16));
#587 = ADVANCED_FACE('',(#588),#630,.T.);
#588 = FACE_BOUND('',#589,.T.);
#589 = EDGE_LOOP('',(#590,#604,#612,#624));
#590 = ORIENTED_EDGE('',*,*,#591,.T.);
#591 = EDGE_CURVE('',#592,#594,#596,.T.);
#592 = VERTEX_POINT('',#593);
#593 = CARTESIAN_POINT('',(-9.797174393179E-17,-0.8,0.275));
#594 = VERTEX_POINT('',#595);
#595 = CARTESIAN_POINT('',(0.,0.8,0.45));
#596 = ( BOUNDED_CURVE() B_SPLINE_CURVE(2,(#597,#598,#599,#600,#601,#602
,#603),.UNSPECIFIED.,.F.,.F.) B_SPLINE_CURVE_WITH_KNOTS((3,2,2,3),(0.9,
0.933333333333,0.966666666667,1.),.PIECEWISE_BEZIER_KNOTS.) CURVE() 
GEOMETRIC_REPRESENTATION_ITEM() RATIONAL_B_SPLINE_CURVE((1.,
    0.866025403784,1.,0.866025403784,1.,0.866025403784,1.)) 
REPRESENTATION_ITEM('') );
#597 = CARTESIAN_POINT('',(-9.797174393179E-17,-0.8,0.275));
#598 = CARTESIAN_POINT('',(0.461880215352,-0.8,0.304166666667));
#599 = CARTESIAN_POINT('',(0.692820323028,-0.4,0.333333333333));
#600 = CARTESIAN_POINT('',(0.923760430703,-1.552525297472E-14,0.3625));
#601 = CARTESIAN_POINT('',(0.692820323028,0.4,0.391666666667));
#602 = CARTESIAN_POINT('',(0.461880215352,0.8,0.420833333333));
#603 = CARTESIAN_POINT('',(0.,0.8,0.45));
#604 = ORIENTED_EDGE('',*,*,#605,.T.);
#605 = EDGE_CURVE('',#594,#606,#608,.T.);
#606 = VERTEX_POINT('',#607);
#607 = CARTESIAN_POINT('',(0.,0.8,0.49375));
#608 = LINE('',#609,#610);
#609 = CARTESIAN_POINT('',(9.797174393179E-17,0.8,2.7));
#610 = VECTOR('',#611,1.);
#611 = DIRECTION('',(-0.,-1.224646799147E-16,1.));
#612 = ORIENTED_EDGE('',*,*,#613,.T.);
#613 = EDGE_CURVE('',#606,#614,#616,.T.);
#614 = VERTEX_POINT('',#615);
#615 = CARTESIAN_POINT('',(-9.797174393179E-17,-0.8,0.31875));
#616 = ( BOUNDED_CURVE() B_SPLINE_CURVE(2,(#617,#618,#619,#620,#621,#622
,#623),.UNSPECIFIED.,.F.,.F.) B_SPLINE_CURVE_WITH_KNOTS((3,2,2,3),(0.6,
0.633333333333,0.666666666667,0.7),.PIECEWISE_BEZIER_KNOTS.) CURVE() 
GEOMETRIC_REPRESENTATION_ITEM() RATIONAL_B_SPLINE_CURVE((1.,
    0.866025403784,1.,0.866025403784,1.,0.866025403784,1.)) 
REPRESENTATION_ITEM('') );
#617 = CARTESIAN_POINT('',(0.,0.8,0.49375));
#618 = CARTESIAN_POINT('',(0.461880215352,0.8,0.464583333333));
#619 = CARTESIAN_POINT('',(0.692820323028,0.4,0.435416666667));
#620 = CARTESIAN_POINT('',(0.923760430703,-1.553061080447E-14,0.40625));
#621 = CARTESIAN_POINT('',(0.692820323028,-0.4,0.377083333333));
#622 = CARTESIAN_POINT('',(0.461880215352,-0.8,0.347916666667));
#623 = CARTESIAN_POINT('',(-9.797174393179E-17,-0.8,0.31875));
#624 = ORIENTED_EDGE('',*,*,#625,.F.);
#625 = EDGE_CURVE('',#592,#614,#626,.T.);
#626 = LINE('',#627,#628);
#627 = CARTESIAN_POINT('',(0.,-0.8,2.7));
#628 = VECTOR('',#629,1.);
#629 = DIRECTION('',(-0.,-1.224646799147E-16,1.));
#630 = CYLINDRICAL_SURFACE('',#631,0.8);
#631 = AXIS2_PLACEMENT_3D('',#632,#633,#634);
#632 = CARTESIAN_POINT('',(0.,9.908951626062E-16,2.7));
#633 = DIRECTION('',(-0.,-1.224646799147E-16,1.));
#634 = DIRECTION('',(0.,-1.,-1.224646799147E-16));
#635 = ADVANCED_FACE('',(#636),#678,.T.);
#636 = FACE_BOUND('',#637,.T.);
#637 = EDGE_LOOP('',(#638,#652,#660,#672));
#638 = ORIENTED_EDGE('',*,*,#639,.T.);
#639 = EDGE_CURVE('',#640,#642,#644,.T.);
#640 = VERTEX_POINT('',#641);
#641 = CARTESIAN_POINT('',(-9.797174393179E-17,-0.8,0.625));
#642 = VERTEX_POINT('',#643);
#643 = CARTESIAN_POINT('',(0.,0.8,0.8));
#644 = ( BOUNDED_CURVE() B_SPLINE_CURVE(2,(#645,#646,#647,#648,#649,#650
,#651),.UNSPECIFIED.,.F.,.F.) B_SPLINE_CURVE_WITH_KNOTS((3,2,2,3),(0.3,
0.333333333333,0.366666666667,0.4),.PIECEWISE_BEZIER_KNOTS.) CURVE() 
GEOMETRIC_REPRESENTATION_ITEM() RATIONAL_B_SPLINE_CURVE((1.,
    0.866025403784,1.,0.866025403784,1.,0.866025403784,1.)) 
REPRESENTATION_ITEM('') );
#645 = CARTESIAN_POINT('',(-9.797174393179E-17,-0.8,0.625));
#646 = CARTESIAN_POINT('',(0.461880215352,-0.8,0.654166666667));
#647 = CARTESIAN_POINT('',(0.692820323028,-0.4,0.683333333333));
#648 = CARTESIAN_POINT('',(0.923760430703,-1.556811561269E-14,0.7125));
#649 = CARTESIAN_POINT('',(0.692820323028,0.4,0.741666666667));
#650 = CARTESIAN_POINT('',(0.461880215352,0.8,0.770833333333));
#651 = CARTESIAN_POINT('',(0.,0.8,0.8));
#652 = ORIENTED_EDGE('',*,*,#653,.T.);
#653 = EDGE_CURVE('',#642,#654,#656,.T.);
#654 = VERTEX_POINT('',#655);
#655 = CARTESIAN_POINT('',(0.,0.8,0.84375));
#656 = LINE('',#657,#658);
#657 = CARTESIAN_POINT('',(9.797174393179E-17,0.8,2.7));
#658 = VECTOR('',#659,1.);
#659 = DIRECTION('',(-0.,-1.224646799147E-16,1.));
#660 = ORIENTED_EDGE('',*,*,#661,.T.);
#661 = EDGE_CURVE('',#654,#662,#664,.T.);
#662 = VERTEX_POINT('',#663);
#663 = CARTESIAN_POINT('',(-9.797174393179E-17,-0.8,0.66875));
#664 = ( BOUNDED_CURVE() B_SPLINE_CURVE(2,(#665,#666,#667,#668,#669,#670
,#671),.UNSPECIFIED.,.F.,.F.) B_SPLINE_CURVE_WITH_KNOTS((3,2,2,3),(0.4,
0.433333333333,0.466666666667,0.5),.PIECEWISE_BEZIER_KNOTS.) CURVE() 
GEOMETRIC_REPRESENTATION_ITEM() RATIONAL_B_SPLINE_CURVE((1.,
    0.866025403784,1.,0.866025403784,1.,0.866025403784,1.)) 
REPRESENTATION_ITEM('') );
#665 = CARTESIAN_POINT('',(0.,0.8,0.84375));
#666 = CARTESIAN_POINT('',(0.461880215352,0.8,0.814583333333));
#667 = CARTESIAN_POINT('',(0.692820323028,0.4,0.785416666667));
#668 = CARTESIAN_POINT('',(0.923760430703,-1.557347344244E-14,0.75625));
#669 = CARTESIAN_POINT('',(0.692820323028,-0.4,0.727083333333));
#670 = CARTESIAN_POINT('',(0.461880215352,-0.8,0.697916666667));
#671 = CARTESIAN_POINT('',(-9.797174393179E-17,-0.8,0.66875));
#672 = ORIENTED_EDGE('',*,*,#673,.F.);
#673 = EDGE_CURVE('',#640,#662,#674,.T.);
#674 = LINE('',#675,#676);
#675 = CARTESIAN_POINT('',(0.,-0.8,2.7));
#676 = VECTOR('',#677,1.);
#677 = DIRECTION('',(-0.,-1.224646799147E-16,1.));
#678 = CYLINDRICAL_SURFACE('',#679,0.8);
#679 = AXIS2_PLACEMENT_3D('',#680,#681,#682);
#680 = CARTESIAN_POINT('',(0.,9.908951626062E-16,2.7));
#681 = DIRECTION('',(-0.,-1.224646799147E-16,1.));
#682 = DIRECTION('',(0.,-1.,-1.224646799147E-16));
#683 = ADVANCED_FACE('',(#684),#708,.T.);
#684 = FACE_BOUND('',#685,.T.);
#685 = EDGE_LOOP('',(#686,#687,#697,#698));
#686 = ORIENTED_EDGE('',*,*,#222,.F.);
#687 = ORIENTED_EDGE('',*,*,#688,.T.);
#688 = EDGE_CURVE('',#211,#256,#689,.T.);
#689 = ( BOUNDED_CURVE() B_SPLINE_CURVE(2,(#690,#691,#692,#693,#694,#695
,#696),.UNSPECIFIED.,.F.,.F.) B_SPLINE_CURVE_WITH_KNOTS((3,2,2,3),(0.2,
0.233333333333,0.266666666667,0.3),.PIECEWISE_BEZIER_KNOTS.) CURVE() 
GEOMETRIC_REPRESENTATION_ITEM() RATIONAL_B_SPLINE_CURVE((1.,
    0.866025403784,1.,0.866025403784,1.,0.866025403784,1.)) 
REPRESENTATION_ITEM('') );
#690 = CARTESIAN_POINT('',(0.,0.8,-2.35));
#691 = CARTESIAN_POINT('',(-0.461880215352,0.8,-2.320833333333));
#692 = CARTESIAN_POINT('',(-0.692820323028,0.4,-2.291666666667));
#693 = CARTESIAN_POINT('',(-0.923760430703,-1.497752713902E-14,-2.2625)
  );
#694 = CARTESIAN_POINT('',(-0.692820323028,-0.4,-2.233333333333));
#695 = CARTESIAN_POINT('',(-0.461880215352,-0.8,-2.204166666667));
#696 = CARTESIAN_POINT('',(-9.797174393179E-17,-0.8,-2.175));
#697 = ORIENTED_EDGE('',*,*,#289,.T.);
#698 = ORIENTED_EDGE('',*,*,#699,.T.);
#699 = EDGE_CURVE('',#278,#223,#700,.T.);
#700 = ( BOUNDED_CURVE() B_SPLINE_CURVE(2,(#701,#702,#703,#704,#705,#706
,#707),.UNSPECIFIED.,.F.,.F.) B_SPLINE_CURVE_WITH_KNOTS((3,2,2,3),(0.5,
0.533333333333,0.566666666667,0.6),.PIECEWISE_BEZIER_KNOTS.) CURVE() 
GEOMETRIC_REPRESENTATION_ITEM() RATIONAL_B_SPLINE_CURVE((1.,
    0.866025403784,1.,0.866025403784,1.,0.866025403784,1.)) 
REPRESENTATION_ITEM('') );
#701 = CARTESIAN_POINT('',(-9.797174393179E-17,-0.8,-2.13125));
#702 = CARTESIAN_POINT('',(-0.461880215352,-0.8,-2.160416666667));
#703 = CARTESIAN_POINT('',(-0.692820323028,-0.4,-2.189583333333));
#704 = CARTESIAN_POINT('',(-0.923760430703,-1.498288496877E-14,-2.21875)
  );
#705 = CARTESIAN_POINT('',(-0.692820323028,0.4,-2.247916666667));
#706 = CARTESIAN_POINT('',(-0.461880215352,0.8,-2.277083333333));
#707 = CARTESIAN_POINT('',(0.,0.8,-2.30625));
#708 = CYLINDRICAL_SURFACE('',#709,0.8);
#709 = AXIS2_PLACEMENT_3D('',#710,#711,#712);
#710 = CARTESIAN_POINT('',(0.,9.908951626062E-16,2.7));
#711 = DIRECTION('',(-0.,-1.224646799147E-16,1.));
#712 = DIRECTION('',(0.,-1.,-1.224646799147E-16));
#713 = ADVANCED_FACE('',(#714),#738,.T.);
#714 = FACE_BOUND('',#715,.T.);
#715 = EDGE_LOOP('',(#716,#717,#727,#728));
#716 = ORIENTED_EDGE('',*,*,#269,.F.);
#717 = ORIENTED_EDGE('',*,*,#718,.T.);
#718 = EDGE_CURVE('',#258,#304,#719,.T.);
#719 = ( BOUNDED_CURVE() B_SPLINE_CURVE(2,(#720,#721,#722,#723,#724,#725
,#726),.UNSPECIFIED.,.F.,.F.) B_SPLINE_CURVE_WITH_KNOTS((3,2,2,3),(0.4,
0.433333333333,0.466666666667,0.5),.PIECEWISE_BEZIER_KNOTS.) CURVE() 
GEOMETRIC_REPRESENTATION_ITEM() RATIONAL_B_SPLINE_CURVE((1.,
    0.866025403784,1.,0.866025403784,1.,0.866025403784,1.)) 
REPRESENTATION_ITEM('') );
#720 = CARTESIAN_POINT('',(0.,0.8,-2.));
#721 = CARTESIAN_POINT('',(-0.461880215352,0.8,-1.970833333333));
#722 = CARTESIAN_POINT('',(-0.692820323028,0.4,-1.941666666667));
#723 = CARTESIAN_POINT('',(-0.923760430703,-1.502038977699E-14,-1.9125)
  );
#724 = CARTESIAN_POINT('',(-0.692820323028,-0.4,-1.883333333333));
#725 = CARTESIAN_POINT('',(-0.461880215352,-0.8,-1.854166666667));
#726 = CARTESIAN_POINT('',(-9.797174393179E-17,-0.8,-1.825));
#727 = ORIENTED_EDGE('',*,*,#337,.T.);
#728 = ORIENTED_EDGE('',*,*,#729,.T.);
#729 = EDGE_CURVE('',#326,#270,#730,.T.);
#730 = ( BOUNDED_CURVE() B_SPLINE_CURVE(2,(#731,#732,#733,#734,#735,#736
,#737),.UNSPECIFIED.,.F.,.F.) B_SPLINE_CURVE_WITH_KNOTS((3,2,2,3),(0.3,
0.333333333333,0.366666666667,0.4),.PIECEWISE_BEZIER_KNOTS.) CURVE() 
GEOMETRIC_REPRESENTATION_ITEM() RATIONAL_B_SPLINE_CURVE((1.,
    0.866025403784,1.,0.866025403784,1.,0.866025403784,1.)) 
REPRESENTATION_ITEM('') );
#731 = CARTESIAN_POINT('',(-9.797174393179E-17,-0.8,-1.78125));
#732 = CARTESIAN_POINT('',(-0.461880215352,-0.8,-1.810416666667));
#733 = CARTESIAN_POINT('',(-0.692820323028,-0.4,-1.839583333333));
#734 = CARTESIAN_POINT('',(-0.923760430703,-1.502574760674E-14,-1.86875)
  );
#735 = CARTESIAN_POINT('',(-0.692820323028,0.4,-1.897916666667));
#736 = CARTESIAN_POINT('',(-0.461880215352,0.8,-1.927083333333));
#737 = CARTESIAN_POINT('',(0.,0.8,-1.95625));
#738 = CYLINDRICAL_SURFACE('',#739,0.8);
#739 = AXIS2_PLACEMENT_3D('',#740,#741,#742);
#740 = CARTESIAN_POINT('',(0.,9.908951626062E-16,2.7));
#741 = DIRECTION('',(-0.,-1.224646799147E-16,1.));
#742 = DIRECTION('',(0.,-1.,-1.224646799147E-16));
#743 = ADVANCED_FACE('',(#744),#768,.T.);
#744 = FACE_BOUND('',#745,.T.);
#745 = EDGE_LOOP('',(#746,#747,#757,#758));
#746 = ORIENTED_EDGE('',*,*,#317,.F.);
#747 = ORIENTED_EDGE('',*,*,#748,.T.);
#748 = EDGE_CURVE('',#306,#352,#749,.T.);
#749 = ( BOUNDED_CURVE() B_SPLINE_CURVE(2,(#750,#751,#752,#753,#754,#755
,#756),.UNSPECIFIED.,.F.,.F.) B_SPLINE_CURVE_WITH_KNOTS((3,2,2,3),(0.6,
0.633333333333,0.666666666667,0.7),.PIECEWISE_BEZIER_KNOTS.) CURVE() 
GEOMETRIC_REPRESENTATION_ITEM() RATIONAL_B_SPLINE_CURVE((1.,
    0.866025403784,1.,0.866025403784,1.,0.866025403784,1.)) 
REPRESENTATION_ITEM('') );
#750 = CARTESIAN_POINT('',(0.,0.8,-1.65));
#751 = CARTESIAN_POINT('',(-0.461880215352,0.8,-1.620833333333));
#752 = CARTESIAN_POINT('',(-0.692820323028,0.4,-1.591666666667));
#753 = CARTESIAN_POINT('',(-0.923760430703,-1.506325241496E-14,-1.5625)
  );
#754 = CARTESIAN_POINT('',(-0.692820323028,-0.4,-1.533333333333));
#755 = CARTESIAN_POINT('',(-0.461880215352,-0.8,-1.504166666667));
#756 = CARTESIAN_POINT('',(-9.797174393179E-17,-0.8,-1.475));
#757 = ORIENTED_EDGE('',*,*,#385,.T.);
#758 = ORIENTED_EDGE('',*,*,#759,.T.);
#759 = EDGE_CURVE('',#374,#318,#760,.T.);
#760 = ( BOUNDED_CURVE() B_SPLINE_CURVE(2,(#761,#762,#763,#764,#765,#766
,#767),.UNSPECIFIED.,.F.,.F.) B_SPLINE_CURVE_WITH_KNOTS((3,2,2,3),(
    1.E-01,0.133333333333,0.166666666667,0.2),.PIECEWISE_BEZIER_KNOTS.) 
CURVE() GEOMETRIC_REPRESENTATION_ITEM() RATIONAL_B_SPLINE_CURVE((1.,
    0.866025403784,1.,0.866025403784,1.,0.866025403784,1.)) 
REPRESENTATION_ITEM('') );
#761 = CARTESIAN_POINT('',(-9.797174393179E-17,-0.8,-1.43125));
#762 = CARTESIAN_POINT('',(-0.461880215352,-0.8,-1.460416666667));
#763 = CARTESIAN_POINT('',(-0.692820323028,-0.4,-1.489583333333));
#764 = CARTESIAN_POINT('',(-0.923760430703,-1.506861024471E-14,-1.51875)
  );
#765 = CARTESIAN_POINT('',(-0.692820323028,0.4,-1.547916666667));
#766 = CARTESIAN_POINT('',(-0.461880215352,0.8,-1.577083333333));
#767 = CARTESIAN_POINT('',(0.,0.8,-1.60625));
#768 = CYLINDRICAL_SURFACE('',#769,0.8);
#769 = AXIS2_PLACEMENT_3D('',#770,#771,#772);
#770 = CARTESIAN_POINT('',(0.,9.908951626062E-16,2.7));
#771 = DIRECTION('',(-0.,-1.224646799147E-16,1.));
#772 = DIRECTION('',(0.,-1.,-1.224646799147E-16));
#773 = ADVANCED_FACE('',(#774),#798,.T.);
#774 = FACE_BOUND('',#775,.T.);
#775 = EDGE_LOOP('',(#776,#777,#787,#788));
#776 = ORIENTED_EDGE('',*,*,#365,.F.);
#777 = ORIENTED_EDGE('',*,*,#778,.T.);
#778 = EDGE_CURVE('',#354,#400,#779,.T.);
#779 = ( BOUNDED_CURVE() B_SPLINE_CURVE(2,(#780,#781,#782,#783,#784,#785
,#786),.UNSPECIFIED.,.F.,.F.) B_SPLINE_CURVE_WITH_KNOTS((3,2,2,3),(0.8,
0.833333333333,0.866666666667,0.9),.PIECEWISE_BEZIER_KNOTS.) CURVE() 
GEOMETRIC_REPRESENTATION_ITEM() RATIONAL_B_SPLINE_CURVE((1.,
    0.866025403784,1.,0.866025403784,1.,0.866025403784,1.)) 
REPRESENTATION_ITEM('') );
#780 = CARTESIAN_POINT('',(0.,0.8,-1.3));
#781 = CARTESIAN_POINT('',(-0.461880215352,0.8,-1.270833333333));
#782 = CARTESIAN_POINT('',(-0.692820323028,0.4,-1.241666666667));
#783 = CARTESIAN_POINT('',(-0.923760430703,-1.510611505293E-14,-1.2125)
  );
#784 = CARTESIAN_POINT('',(-0.692820323028,-0.4,-1.183333333333));
#785 = CARTESIAN_POINT('',(-0.461880215352,-0.8,-1.154166666667));
#786 = CARTESIAN_POINT('',(-9.797174393179E-17,-0.8,-1.125));
#787 = ORIENTED_EDGE('',*,*,#433,.T.);
#788 = ORIENTED_EDGE('',*,*,#789,.T.);
#789 = EDGE_CURVE('',#422,#366,#790,.T.);
#790 = ( BOUNDED_CURVE() B_SPLINE_CURVE(2,(#791,#792,#793,#794,#795,#796
,#797),.UNSPECIFIED.,.F.,.F.) B_SPLINE_CURVE_WITH_KNOTS((3,2,2,3),(0.7,
0.733333333333,0.766666666667,0.8),.PIECEWISE_BEZIER_KNOTS.) CURVE() 
GEOMETRIC_REPRESENTATION_ITEM() RATIONAL_B_SPLINE_CURVE((1.,
    0.866025403784,1.,0.866025403784,1.,0.866025403784,1.)) 
REPRESENTATION_ITEM('') );
#791 = CARTESIAN_POINT('',(-9.797174393179E-17,-0.8,-1.08125));
#792 = CARTESIAN_POINT('',(-0.461880215352,-0.8,-1.110416666667));
#793 = CARTESIAN_POINT('',(-0.692820323028,-0.4,-1.139583333333));
#794 = CARTESIAN_POINT('',(-0.923760430703,-1.511147288268E-14,-1.16875)
  );
#795 = CARTESIAN_POINT('',(-0.692820323028,0.4,-1.197916666667));
#796 = CARTESIAN_POINT('',(-0.461880215352,0.8,-1.227083333333));
#797 = CARTESIAN_POINT('',(0.,0.8,-1.25625));
#798 = CYLINDRICAL_SURFACE('',#799,0.8);
#799 = AXIS2_PLACEMENT_3D('',#800,#801,#802);
#800 = CARTESIAN_POINT('',(0.,9.908951626062E-16,2.7));
#801 = DIRECTION('',(-0.,-1.224646799147E-16,1.));
#802 = DIRECTION('',(0.,-1.,-1.224646799147E-16));
#803 = ADVANCED_FACE('',(#804),#828,.T.);
#804 = FACE_BOUND('',#805,.T.);
#805 = EDGE_LOOP('',(#806,#807,#817,#818));
#806 = ORIENTED_EDGE('',*,*,#413,.F.);
#807 = ORIENTED_EDGE('',*,*,#808,.T.);
#808 = EDGE_CURVE('',#402,#448,#809,.T.);
#809 = ( BOUNDED_CURVE() B_SPLINE_CURVE(2,(#810,#811,#812,#813,#814,#815
,#816),.UNSPECIFIED.,.F.,.F.) B_SPLINE_CURVE_WITH_KNOTS((3,2,2,3),(0.2,
0.233333333333,0.266666666667,0.3),.PIECEWISE_BEZIER_KNOTS.) CURVE() 
GEOMETRIC_REPRESENTATION_ITEM() RATIONAL_B_SPLINE_CURVE((1.,
    0.866025403784,1.,0.866025403784,1.,0.866025403784,1.)) 
REPRESENTATION_ITEM('') );
#810 = CARTESIAN_POINT('',(0.,0.8,-0.95));
#811 = CARTESIAN_POINT('',(-0.461880215352,0.8,-0.920833333333));
#812 = CARTESIAN_POINT('',(-0.692820323028,0.4,-0.891666666667));
#813 = CARTESIAN_POINT('',(-0.923760430703,-1.51489776909E-14,-0.8625));
#814 = CARTESIAN_POINT('',(-0.692820323028,-0.4,-0.833333333333));
#815 = CARTESIAN_POINT('',(-0.461880215352,-0.8,-0.804166666667));
#816 = CARTESIAN_POINT('',(-9.797174393179E-17,-0.8,-0.775));
#817 = ORIENTED_EDGE('',*,*,#481,.T.);
#818 = ORIENTED_EDGE('',*,*,#819,.T.);
#819 = EDGE_CURVE('',#470,#414,#820,.T.);
#820 = ( BOUNDED_CURVE() B_SPLINE_CURVE(2,(#821,#822,#823,#824,#825,#826
,#827),.UNSPECIFIED.,.F.,.F.) B_SPLINE_CURVE_WITH_KNOTS((3,2,2,3),(0.5,
0.533333333333,0.566666666667,0.6),.PIECEWISE_BEZIER_KNOTS.) CURVE() 
GEOMETRIC_REPRESENTATION_ITEM() RATIONAL_B_SPLINE_CURVE((1.,
    0.866025403784,1.,0.866025403784,1.,0.866025403784,1.)) 
REPRESENTATION_ITEM('') );
#821 = CARTESIAN_POINT('',(-9.797174393179E-17,-0.8,-0.73125));
#822 = CARTESIAN_POINT('',(-0.461880215352,-0.8,-0.760416666667));
#823 = CARTESIAN_POINT('',(-0.692820323028,-0.4,-0.789583333333));
#824 = CARTESIAN_POINT('',(-0.923760430703,-1.515433552065E-14,-0.81875)
  );
#825 = CARTESIAN_POINT('',(-0.692820323028,0.4,-0.847916666667));
#826 = CARTESIAN_POINT('',(-0.461880215352,0.8,-0.877083333333));
#827 = CARTESIAN_POINT('',(0.,0.8,-0.90625));
#828 = CYLINDRICAL_SURFACE('',#829,0.8);
#829 = AXIS2_PLACEMENT_3D('',#830,#831,#832);
#830 = CARTESIAN_POINT('',(0.,9.908951626062E-16,2.7));
#831 = DIRECTION('',(-0.,-1.224646799147E-16,1.));
#832 = DIRECTION('',(0.,-1.,-1.224646799147E-16));
#833 = ADVANCED_FACE('',(#834),#858,.T.);
#834 = FACE_BOUND('',#835,.T.);
#835 = EDGE_LOOP('',(#836,#837,#847,#848));
#836 = ORIENTED_EDGE('',*,*,#461,.F.);
#837 = ORIENTED_EDGE('',*,*,#838,.T.);
#838 = EDGE_CURVE('',#450,#496,#839,.T.);
#839 = ( BOUNDED_CURVE() B_SPLINE_CURVE(2,(#840,#841,#842,#843,#844,#845
,#846),.UNSPECIFIED.,.F.,.F.) B_SPLINE_CURVE_WITH_KNOTS((3,2,2,3),(0.4,
0.433333333333,0.466666666667,0.5),.PIECEWISE_BEZIER_KNOTS.) CURVE() 
GEOMETRIC_REPRESENTATION_ITEM() RATIONAL_B_SPLINE_CURVE((1.,
    0.866025403784,1.,0.866025403784,1.,0.866025403784,1.)) 
REPRESENTATION_ITEM('') );
#840 = CARTESIAN_POINT('',(0.,0.8,-0.6));
#841 = CARTESIAN_POINT('',(-0.461880215352,0.8,-0.570833333333));
#842 = CARTESIAN_POINT('',(-0.692820323028,0.4,-0.541666666667));
#843 = CARTESIAN_POINT('',(-0.923760430703,-1.519184032887E-14,-0.5125)
  );
#844 = CARTESIAN_POINT('',(-0.692820323028,-0.4,-0.483333333333));
#845 = CARTESIAN_POINT('',(-0.461880215352,-0.8,-0.454166666667));
#846 = CARTESIAN_POINT('',(-9.797174393179E-17,-0.8,-0.425));
#847 = ORIENTED_EDGE('',*,*,#529,.T.);
#848 = ORIENTED_EDGE('',*,*,#849,.T.);
#849 = EDGE_CURVE('',#518,#462,#850,.T.);
#850 = ( BOUNDED_CURVE() B_SPLINE_CURVE(2,(#851,#852,#853,#854,#855,#856
,#857),.UNSPECIFIED.,.F.,.F.) B_SPLINE_CURVE_WITH_KNOTS((3,2,2,3),(0.3,
0.333333333333,0.366666666667,0.4),.PIECEWISE_BEZIER_KNOTS.) CURVE() 
GEOMETRIC_REPRESENTATION_ITEM() RATIONAL_B_SPLINE_CURVE((1.,
    0.866025403784,1.,0.866025403784,1.,0.866025403784,1.)) 
REPRESENTATION_ITEM('') );
#851 = CARTESIAN_POINT('',(-9.797174393179E-17,-0.8,-0.38125));
#852 = CARTESIAN_POINT('',(-0.461880215352,-0.8,-0.410416666667));
#853 = CARTESIAN_POINT('',(-0.692820323028,-0.4,-0.439583333333));
#854 = CARTESIAN_POINT('',(-0.923760430703,-1.519719815862E-14,-0.46875)
  );
#855 = CARTESIAN_POINT('',(-0.692820323028,0.4,-0.497916666667));
#856 = CARTESIAN_POINT('',(-0.461880215352,0.8,-0.527083333333));
#857 = CARTESIAN_POINT('',(0.,0.8,-0.55625));
#858 = CYLINDRICAL_SURFACE('',#859,0.8);
#859 = AXIS2_PLACEMENT_3D('',#860,#861,#862);
#860 = CARTESIAN_POINT('',(0.,9.908951626062E-16,2.7));
#861 = DIRECTION('',(-0.,-1.224646799147E-16,1.));
#862 = DIRECTION('',(0.,-1.,-1.224646799147E-16));
#863 = ADVANCED_FACE('',(#864),#888,.T.);
#864 = FACE_BOUND('',#865,.T.);
#865 = EDGE_LOOP('',(#866,#867,#877,#878));
#866 = ORIENTED_EDGE('',*,*,#509,.F.);
#867 = ORIENTED_EDGE('',*,*,#868,.T.);
#868 = EDGE_CURVE('',#498,#544,#869,.T.);
#869 = ( BOUNDED_CURVE() B_SPLINE_CURVE(2,(#870,#871,#872,#873,#874,#875
,#876),.UNSPECIFIED.,.F.,.F.) B_SPLINE_CURVE_WITH_KNOTS((3,2,2,3),(0.6,
0.633333333333,0.666666666667,0.7),.PIECEWISE_BEZIER_KNOTS.) CURVE() 
GEOMETRIC_REPRESENTATION_ITEM() RATIONAL_B_SPLINE_CURVE((1.,
    0.866025403784,1.,0.866025403784,1.,0.866025403784,1.)) 
REPRESENTATION_ITEM('') );
#870 = CARTESIAN_POINT('',(0.,0.8,-0.25));
#871 = CARTESIAN_POINT('',(-0.461880215352,0.8,-0.220833333333));
#872 = CARTESIAN_POINT('',(-0.692820323028,0.4,-0.191666666667));
#873 = CARTESIAN_POINT('',(-0.923760430703,-1.523470296684E-14,-0.1625)
  );
#874 = CARTESIAN_POINT('',(-0.692820323028,-0.4,-0.133333333333));
#875 = CARTESIAN_POINT('',(-0.461880215352,-0.8,-0.104166666667));
#876 = CARTESIAN_POINT('',(-9.797174393179E-17,-0.8,-7.499999999999E-02)
  );
#877 = ORIENTED_EDGE('',*,*,#577,.T.);
#878 = ORIENTED_EDGE('',*,*,#879,.T.);
#879 = EDGE_CURVE('',#566,#510,#880,.T.);
#880 = ( BOUNDED_CURVE() B_SPLINE_CURVE(2,(#881,#882,#883,#884,#885,#886
,#887),.UNSPECIFIED.,.F.,.F.) B_SPLINE_CURVE_WITH_KNOTS((3,2,2,3),(0.1,
0.133333333333,0.166666666667,0.2),.PIECEWISE_BEZIER_KNOTS.) CURVE() 
GEOMETRIC_REPRESENTATION_ITEM() RATIONAL_B_SPLINE_CURVE((1.,
    0.866025403784,1.,0.866025403784,1.,0.866025403784,1.)) 
REPRESENTATION_ITEM('') );
#881 = CARTESIAN_POINT('',(-9.797174393179E-17,-0.8,-3.125E-02));
#882 = CARTESIAN_POINT('',(-0.461880215352,-0.8,-6.041666666667E-02));
#883 = CARTESIAN_POINT('',(-0.692820323028,-0.4,-8.958333333333E-02));
#884 = CARTESIAN_POINT('',(-0.923760430703,-1.524006079659E-14,-0.11875)
  );
#885 = CARTESIAN_POINT('',(-0.692820323028,0.4,-0.147916666667));
#886 = CARTESIAN_POINT('',(-0.461880215352,0.8,-0.177083333333));
#887 = CARTESIAN_POINT('',(0.,0.8,-0.20625));
#888 = CYLINDRICAL_SURFACE('',#889,0.8);
#889 = AXIS2_PLACEMENT_3D('',#890,#891,#892);
#890 = CARTESIAN_POINT('',(0.,9.908951626062E-16,2.7));
#891 = DIRECTION('',(-0.,-1.224646799147E-16,1.));
#892 = DIRECTION('',(0.,-1.,-1.224646799147E-16));
#893 = ADVANCED_FACE('',(#894),#918,.T.);
#894 = FACE_BOUND('',#895,.T.);
#895 = EDGE_LOOP('',(#896,#897,#907,#908));
#896 = ORIENTED_EDGE('',*,*,#557,.F.);
#897 = ORIENTED_EDGE('',*,*,#898,.T.);
#898 = EDGE_CURVE('',#546,#592,#899,.T.);
#899 = ( BOUNDED_CURVE() B_SPLINE_CURVE(2,(#900,#901,#902,#903,#904,#905
,#906),.UNSPECIFIED.,.F.,.F.) B_SPLINE_CURVE_WITH_KNOTS((3,2,2,3),(0.8,
0.833333333333,0.866666666667,0.9),.PIECEWISE_BEZIER_KNOTS.) CURVE() 
GEOMETRIC_REPRESENTATION_ITEM() RATIONAL_B_SPLINE_CURVE((1.,
    0.866025403784,1.,0.866025403784,1.,0.866025403784,1.)) 
REPRESENTATION_ITEM('') );
#900 = CARTESIAN_POINT('',(0.,0.8,0.1));
#901 = CARTESIAN_POINT('',(-0.461880215352,0.8,0.129166666667));
#902 = CARTESIAN_POINT('',(-0.692820323028,0.4,0.158333333333));
#903 = CARTESIAN_POINT('',(-0.923760430703,-1.527756560481E-14,0.1875));
#904 = CARTESIAN_POINT('',(-0.692820323028,-0.4,0.216666666667));
#905 = CARTESIAN_POINT('',(-0.461880215352,-0.8,0.245833333333));
#906 = CARTESIAN_POINT('',(-9.797174393179E-17,-0.8,0.275));
#907 = ORIENTED_EDGE('',*,*,#625,.T.);
#908 = ORIENTED_EDGE('',*,*,#909,.T.);
#909 = EDGE_CURVE('',#614,#558,#910,.T.);
#910 = ( BOUNDED_CURVE() B_SPLINE_CURVE(2,(#911,#912,#913,#914,#915,#916
,#917),.UNSPECIFIED.,.F.,.F.) B_SPLINE_CURVE_WITH_KNOTS((3,2,2,3),(0.7,
0.733333333333,0.766666666667,0.8),.PIECEWISE_BEZIER_KNOTS.) CURVE() 
GEOMETRIC_REPRESENTATION_ITEM() RATIONAL_B_SPLINE_CURVE((1.,
    0.866025403784,1.,0.866025403784,1.,0.866025403784,1.)) 
REPRESENTATION_ITEM('') );
#911 = CARTESIAN_POINT('',(-9.797174393179E-17,-0.8,0.31875));
#912 = CARTESIAN_POINT('',(-0.461880215352,-0.8,0.289583333333));
#913 = CARTESIAN_POINT('',(-0.692820323028,-0.4,0.260416666667));
#914 = CARTESIAN_POINT('',(-0.923760430703,-1.528292343456E-14,0.23125)
  );
#915 = CARTESIAN_POINT('',(-0.692820323028,0.4,0.202083333333));
#916 = CARTESIAN_POINT('',(-0.461880215352,0.8,0.172916666667));
#917 = CARTESIAN_POINT('',(0.,0.8,0.14375));
#918 = CYLINDRICAL_SURFACE('',#919,0.8);
#919 = AXIS2_PLACEMENT_3D('',#920,#921,#922);
#920 = CARTESIAN_POINT('',(0.,9.908951626062E-16,2.7));
#921 = DIRECTION('',(-0.,-1.224646799147E-16,1.));
#922 = DIRECTION('',(0.,-1.,-1.224646799147E-16));
#923 = ADVANCED_FACE('',(#924),#948,.T.);
#924 = FACE_BOUND('',#925,.T.);
#925 = EDGE_LOOP('',(#926,#927,#937,#938));
#926 = ORIENTED_EDGE('',*,*,#605,.F.);
#927 = ORIENTED_EDGE('',*,*,#928,.T.);
#928 = EDGE_CURVE('',#594,#640,#929,.T.);
#929 = ( BOUNDED_CURVE() B_SPLINE_CURVE(2,(#930,#931,#932,#933,#934,#935
,#936),.UNSPECIFIED.,.F.,.F.) B_SPLINE_CURVE_WITH_KNOTS((3,2,2,3),(0.2,
0.233333333333,0.266666666667,0.3),.PIECEWISE_BEZIER_KNOTS.) CURVE() 
GEOMETRIC_REPRESENTATION_ITEM() RATIONAL_B_SPLINE_CURVE((1.,
    0.866025403784,1.,0.866025403784,1.,0.866025403784,1.)) 
REPRESENTATION_ITEM('') );
#930 = CARTESIAN_POINT('',(0.,0.8,0.45));
#931 = CARTESIAN_POINT('',(-0.461880215352,0.8,0.479166666667));
#932 = CARTESIAN_POINT('',(-0.692820323028,0.4,0.508333333333));
#933 = CARTESIAN_POINT('',(-0.923760430703,-1.532042824278E-14,0.5375));
#934 = CARTESIAN_POINT('',(-0.692820323028,-0.4,0.566666666667));
#935 = CARTESIAN_POINT('',(-0.461880215352,-0.8,0.595833333333));
#936 = CARTESIAN_POINT('',(-9.797174393179E-17,-0.8,0.625));
#937 = ORIENTED_EDGE('',*,*,#673,.T.);
#938 = ORIENTED_EDGE('',*,*,#939,.T.);
#939 = EDGE_CURVE('',#662,#606,#940,.T.);
#940 = ( BOUNDED_CURVE() B_SPLINE_CURVE(2,(#941,#942,#943,#944,#945,#946
,#947),.UNSPECIFIED.,.F.,.F.) B_SPLINE_CURVE_WITH_KNOTS((3,2,2,3),(0.5,
0.533333333333,0.566666666667,0.6),.PIECEWISE_BEZIER_KNOTS.) CURVE() 
GEOMETRIC_REPRESENTATION_ITEM() RATIONAL_B_SPLINE_CURVE((1.,
    0.866025403784,1.,0.866025403784,1.,0.866025403784,1.)) 
REPRESENTATION_ITEM('') );
#941 = CARTESIAN_POINT('',(-9.797174393179E-17,-0.8,0.66875));
#942 = CARTESIAN_POINT('',(-0.461880215352,-0.8,0.639583333333));
#943 = CARTESIAN_POINT('',(-0.692820323028,-0.4,0.610416666667));
#944 = CARTESIAN_POINT('',(-0.923760430703,-1.532578607253E-14,0.58125)
  );
#945 = CARTESIAN_POINT('',(-0.692820323028,0.4,0.552083333333));
#946 = CARTESIAN_POINT('',(-0.461880215352,0.8,0.522916666667));
#947 = CARTESIAN_POINT('',(0.,0.8,0.49375));
#948 = CYLINDRICAL_SURFACE('',#949,0.8);
#949 = AXIS2_PLACEMENT_3D('',#950,#951,#952);
#950 = CARTESIAN_POINT('',(0.,9.908951626062E-16,2.7));
#951 = DIRECTION('',(-0.,-1.224646799147E-16,1.));
#952 = DIRECTION('',(0.,-1.,-1.224646799147E-16));
#953 = ADVANCED_FACE('',(#954),#978,.T.);
#954 = FACE_BOUND('',#955,.T.);
#955 = EDGE_LOOP('',(#956,#957,#967,#968));
#956 = ORIENTED_EDGE('',*,*,#653,.F.);
#957 = ORIENTED_EDGE('',*,*,#958,.T.);
#958 = EDGE_CURVE('',#642,#152,#959,.T.);
#959 = ( BOUNDED_CURVE() B_SPLINE_CURVE(2,(#960,#961,#962,#963,#964,#965
,#966),.UNSPECIFIED.,.F.,.F.) B_SPLINE_CURVE_WITH_KNOTS((3,2,2,3),(0.4,
0.433333333333,0.466666666667,0.5),.PIECEWISE_BEZIER_KNOTS.) CURVE() 
GEOMETRIC_REPRESENTATION_ITEM() RATIONAL_B_SPLINE_CURVE((1.,
    0.866025403784,1.,0.866025403784,1.,0.866025403784,1.)) 
REPRESENTATION_ITEM('') );
#960 = CARTESIAN_POINT('',(0.,0.8,0.8));
#961 = CARTESIAN_POINT('',(-0.461880215352,0.8,0.829166666667));
#962 = CARTESIAN_POINT('',(-0.692820323028,0.4,0.858333333333));
#963 = CARTESIAN_POINT('',(-0.923760430703,-1.536329088075E-14,0.8875));
#964 = CARTESIAN_POINT('',(-0.692820323028,-0.4,0.916666666667));
#965 = CARTESIAN_POINT('',(-0.461880215352,-0.8,0.945833333333));
#966 = CARTESIAN_POINT('',(-9.797174393179E-17,-0.8,0.975));
#967 = ORIENTED_EDGE('',*,*,#194,.T.);
#968 = ORIENTED_EDGE('',*,*,#969,.T.);
#969 = EDGE_CURVE('',#183,#654,#970,.T.);
#970 = ( BOUNDED_CURVE() B_SPLINE_CURVE(2,(#971,#972,#973,#974,#975,#976
,#977),.UNSPECIFIED.,.F.,.F.) B_SPLINE_CURVE_WITH_KNOTS((3,2,2,3),(0.3,
0.333333333333,0.366666666667,0.4),.PIECEWISE_BEZIER_KNOTS.) CURVE() 
GEOMETRIC_REPRESENTATION_ITEM() RATIONAL_B_SPLINE_CURVE((1.,
    0.866025403784,1.,0.866025403784,1.,0.866025403784,1.)) 
REPRESENTATION_ITEM('') );
#971 = CARTESIAN_POINT('',(-9.797174393179E-17,-0.8,1.01875));
#972 = CARTESIAN_POINT('',(-0.461880215352,-0.8,0.989583333333));
#973 = CARTESIAN_POINT('',(-0.692820323028,-0.4,0.960416666667));
#974 = CARTESIAN_POINT('',(-0.923760430703,-1.53686487105E-14,0.93125));
#975 = CARTESIAN_POINT('',(-0.692820323028,0.4,0.902083333333));
#976 = CARTESIAN_POINT('',(-0.461880215352,0.8,0.872916666667));
#977 = CARTESIAN_POINT('',(0.,0.8,0.84375));
#978 = CYLINDRICAL_SURFACE('',#979,0.8);
#979 = AXIS2_PLACEMENT_3D('',#980,#981,#982);
#980 = CARTESIAN_POINT('',(0.,9.908951626062E-16,2.7));
#981 = DIRECTION('',(-0.,-1.224646799147E-16,1.));
#982 = DIRECTION('',(0.,-1.,-1.224646799147E-16));
#983 = ADVANCED_FACE('',(#984),#1024,.F.);
#984 = FACE_BOUND('',#985,.F.);
#985 = EDGE_LOOP('',(#986,#1000,#1009,#1017));
#986 = ORIENTED_EDGE('',*,*,#987,.F.);
#987 = EDGE_CURVE('',#988,#990,#992,.T.);
#988 = VERTEX_POINT('',#989);
#989 = CARTESIAN_POINT('',(0.110175331856,-0.840287319675,2.542817270877
    ));
#990 = VERTEX_POINT('',#991);
#991 = CARTESIAN_POINT('',(7.618862897539E-02,-0.810766351259,2.2275));
#992 = B_SPLINE_CURVE_WITH_KNOTS('',3,(#993,#994,#995,#996,#997,#998,
    #999),.UNSPECIFIED.,.F.,.F.,(4,3,4),(0.,1.57391907484E-04,
    3.185147516924E-04),.UNSPECIFIED.);
#993 = CARTESIAN_POINT('',(0.110175331856,-0.840287319675,2.542817270877
    ));
#994 = CARTESIAN_POINT('',(0.104581882203,-0.835514224462,2.49087115511)
  );
#995 = CARTESIAN_POINT('',(9.898622161983E-02,-0.830698568053,
    2.438929168494));
#996 = CARTESIAN_POINT('',(9.338822404075E-02,-0.825837961653,
    2.386991658074));
#997 = CARTESIAN_POINT('',(8.76575275635E-02,-0.820862135998,
    2.333822984133));
#998 = CARTESIAN_POINT('',(8.192437764601E-02,-0.815839203273,
    2.280658959464));
#999 = CARTESIAN_POINT('',(7.618862897539E-02,-0.810766351259,2.2275));
#1000 = ORIENTED_EDGE('',*,*,#1001,.T.);
#1001 = EDGE_CURVE('',#988,#1002,#1004,.T.);
#1002 = VERTEX_POINT('',#1003);
#1003 = CARTESIAN_POINT('',(-1.03786297063E-16,-0.847479429459,
    2.542817270877));
#1004 = CIRCLE('',#1005,0.847479429459);
#1005 = AXIS2_PLACEMENT_3D('',#1006,#1007,#1008);
#1006 = CARTESIAN_POINT('',(2.400760845644E-15,-3.078834747077E-16,
    2.542817270877));
#1007 = DIRECTION('',(0.,2.449293598295E-16,-1.));
#1008 = DIRECTION('',(1.438849039914E-13,-1.,-2.449293598295E-16));
#1009 = ORIENTED_EDGE('',*,*,#1010,.F.);
#1010 = EDGE_CURVE('',#1011,#1002,#1013,.T.);
#1011 = VERTEX_POINT('',#1012);
#1012 = CARTESIAN_POINT('',(2.400760845644E-15,-0.814338248837,2.2275));
#1013 = LINE('',#1014,#1015);
#1014 = CARTESIAN_POINT('',(2.400760845644E-15,-0.864,2.7));
#1015 = VECTOR('',#1016,1.);
#1016 = DIRECTION('',(0.,-0.104528463268,0.994521895368));
#1017 = ORIENTED_EDGE('',*,*,#1018,.T.);
#1018 = EDGE_CURVE('',#1011,#990,#1019,.T.);
#1019 = CIRCLE('',#1020,0.814338248837);
#1020 = AXIS2_PLACEMENT_3D('',#1021,#1022,#1023);
#1021 = CARTESIAN_POINT('',(2.305995324733E-15,-3.463821399281E-16,
    2.2275));
#1022 = DIRECTION('',(0.,0.,1.));
#1023 = DIRECTION('',(1.,0.,-0.));
#1024 = CONICAL_SURFACE('',#1025,0.864,0.10471975512);
#1025 = AXIS2_PLACEMENT_3D('',#1026,#1027,#1028);
#1026 = CARTESIAN_POINT('',(2.400760845644E-15,-3.463821399281E-16,2.7)
  );
#1027 = DIRECTION('',(0.,-2.449293598295E-16,1.));
#1028 = DIRECTION('',(-0.,-1.,-2.449293598295E-16));
#1029 = ADVANCED_FACE('',(#1030),#1070,.F.);
#1030 = FACE_BOUND('',#1031,.F.);
#1031 = EDGE_LOOP('',(#1032,#1046,#1055,#1063));
#1032 = ORIENTED_EDGE('',*,*,#1033,.F.);
#1033 = EDGE_CURVE('',#1034,#1036,#1038,.T.);
#1034 = VERTEX_POINT('',#1035);
#1035 = CARTESIAN_POINT('',(0.840287319675,0.110175331856,2.542817270877
    ));
#1036 = VERTEX_POINT('',#1037);
#1037 = CARTESIAN_POINT('',(0.810766351259,7.618862897539E-02,2.2275));
#1038 = B_SPLINE_CURVE_WITH_KNOTS('',3,(#1039,#1040,#1041,#1042,#1043,
    #1044,#1045),.UNSPECIFIED.,.F.,.F.,(4,3,4),(0.,1.573925448574E-04,
    3.185147516914E-04),.UNSPECIFIED.);
#1039 = CARTESIAN_POINT('',(0.840287319675,0.110175331856,2.542817270877
    ));
#1040 = CARTESIAN_POINT('',(0.835514205133,0.104581859551,2.490870944749
    ));
#1041 = CARTESIAN_POINT('',(0.83069852905,9.898617629951E-02,
    2.438928747806));
#1042 = CARTESIAN_POINT('',(0.825837902602,9.338815603186E-02,
    2.386991027096));
#1043 = CARTESIAN_POINT('',(0.820862096258,8.765748220483E-02,
    2.333822563518));
#1044 = CARTESIAN_POINT('',(0.815839183206,8.19243549564E-02,
    2.280658749177));
#1045 = CARTESIAN_POINT('',(0.810766351259,7.618862897539E-02,2.2275));
#1046 = ORIENTED_EDGE('',*,*,#1047,.T.);
#1047 = EDGE_CURVE('',#1034,#1048,#1050,.T.);
#1048 = VERTEX_POINT('',#1049);
#1049 = CARTESIAN_POINT('',(0.847479429459,2.070106209875E-15,
    2.542817270877));
#1050 = CIRCLE('',#1051,0.847479429459);
#1051 = AXIS2_PLACEMENT_3D('',#1052,#1053,#1054);
#1052 = CARTESIAN_POINT('',(0.,2.710505431214E-15,2.542817270877));
#1053 = DIRECTION('',(-0.,0.,-1.));
#1054 = DIRECTION('',(-1.,0.,0.));
#1055 = ORIENTED_EDGE('',*,*,#1056,.F.);
#1056 = EDGE_CURVE('',#1057,#1048,#1059,.T.);
#1057 = VERTEX_POINT('',#1058);
#1058 = CARTESIAN_POINT('',(0.814338248837,2.070106209875E-15,2.2275));
#1059 = LINE('',#1060,#1061);
#1060 = CARTESIAN_POINT('',(0.864,2.070106209875E-15,2.7));
#1061 = VECTOR('',#1062,1.);
#1062 = DIRECTION('',(0.104528463268,0.,0.994521895368));
#1063 = ORIENTED_EDGE('',*,*,#1064,.T.);
#1064 = EDGE_CURVE('',#1057,#1036,#1065,.T.);
#1065 = CIRCLE('',#1066,0.814338248837);
#1066 = AXIS2_PLACEMENT_3D('',#1067,#1068,#1069);
#1067 = CARTESIAN_POINT('',(0.,2.070106209875E-15,2.2275));
#1068 = DIRECTION('',(0.,0.,1.));
#1069 = DIRECTION('',(1.,0.,-0.));
#1070 = CONICAL_SURFACE('',#1071,0.864,0.10471975512);
#1071 = AXIS2_PLACEMENT_3D('',#1072,#1073,#1074);
#1072 = CARTESIAN_POINT('',(0.,2.070106209875E-15,2.7));
#1073 = DIRECTION('',(0.,0.,1.));
#1074 = DIRECTION('',(1.,0.,-0.));
#1075 = ADVANCED_FACE('',(#1076),#1114,.T.);
#1076 = FACE_BOUND('',#1077,.T.);
#1077 = EDGE_LOOP('',(#1078,#1089,#1098,#1107));
#1078 = ORIENTED_EDGE('',*,*,#1079,.T.);
#1079 = EDGE_CURVE('',#1080,#1082,#1084,.T.);
#1080 = VERTEX_POINT('',#1081);
#1081 = CARTESIAN_POINT('',(0.,-1.5808,2.07));
#1082 = VERTEX_POINT('',#1083);
#1083 = CARTESIAN_POINT('',(1.935921660092E-16,1.5808,2.07));
#1084 = CIRCLE('',#1085,1.5808);
#1085 = AXIS2_PLACEMENT_3D('',#1086,#1087,#1088);
#1086 = CARTESIAN_POINT('',(0.,1.068047910953E-15,2.07));
#1087 = DIRECTION('',(0.,-1.224646799147E-16,1.));
#1088 = DIRECTION('',(0.,-1.,-1.224646799147E-16));
#1089 = ORIENTED_EDGE('',*,*,#1090,.T.);
#1090 = EDGE_CURVE('',#1082,#1091,#1093,.T.);
#1091 = VERTEX_POINT('',#1092);
#1092 = CARTESIAN_POINT('',(0.,1.554580545778,2.116705993672));
#1093 = CIRCLE('',#1094,8.E-02);
#1094 = AXIS2_PLACEMENT_3D('',#1095,#1096,#1097);
#1095 = CARTESIAN_POINT('',(1.839365152301E-16,1.501955628008,
    2.056451383644));
#1096 = DIRECTION('',(1.,-1.224646799147E-16,-1.499759782662E-32));
#1097 = DIRECTION('',(1.224646799147E-16,1.,3.342439846507E-63));
#1098 = ORIENTED_EDGE('',*,*,#1099,.F.);
#1099 = EDGE_CURVE('',#1100,#1091,#1102,.T.);
#1100 = VERTEX_POINT('',#1101);
#1101 = CARTESIAN_POINT('',(-1.903812089404E-16,-1.554580545778,
    2.116705993672));
#1102 = CIRCLE('',#1103,1.554580545778);
#1103 = AXIS2_PLACEMENT_3D('',#1104,#1105,#1106);
#1104 = CARTESIAN_POINT('',(0.,1.062328076387E-15,2.116705993672));
#1105 = DIRECTION('',(0.,-1.224646799147E-16,1.));
#1106 = DIRECTION('',(0.,-1.,-1.224646799147E-16));
#1107 = ORIENTED_EDGE('',*,*,#1108,.F.);
#1108 = EDGE_CURVE('',#1080,#1100,#1109,.T.);
#1109 = CIRCLE('',#1110,8.E-02);
#1110 = AXIS2_PLACEMENT_3D('',#1111,#1112,#1113);
#1111 = CARTESIAN_POINT('',(0.,-1.501955628008,2.056451383644));
#1112 = DIRECTION('',(-1.,0.,0.));
#1113 = DIRECTION('',(0.,0.,1.));
#1114 = TOROIDAL_SURFACE('',#1115,1.501955628008,8.E-02);
#1115 = AXIS2_PLACEMENT_3D('',#1116,#1117,#1118);
#1116 = CARTESIAN_POINT('',(0.,1.084202172486E-15,2.056451383644));
#1117 = DIRECTION('',(-0.,-1.224646799147E-16,1.));
#1118 = DIRECTION('',(0.,-1.,-1.224646799147E-16));
#1119 = ADVANCED_FACE('',(#1120),#1386,.T.);
#1120 = FACE_BOUND('',#1121,.T.);
#1121 = EDGE_LOOP('',(#1122,#1129,#1136,#1145,#1166,#1175,#1184,#1193,
    #1208,#1217,#1226,#1235,#1253,#1262,#1283,#1292,#1301,#1310,#1325,
    #1334,#1343,#1352,#1370,#1379));
#1122 = ORIENTED_EDGE('',*,*,#1123,.T.);
#1123 = EDGE_CURVE('',#1091,#1100,#1124,.T.);
#1124 = CIRCLE('',#1125,1.554580545778);
#1125 = AXIS2_PLACEMENT_3D('',#1126,#1127,#1128);
#1126 = CARTESIAN_POINT('',(0.,1.062328076387E-15,2.116705993672));
#1127 = DIRECTION('',(0.,-1.224646799147E-16,1.));
#1128 = DIRECTION('',(0.,-1.,-1.224646799147E-16));
#1129 = ORIENTED_EDGE('',*,*,#1130,.T.);
#1130 = EDGE_CURVE('',#1100,#1002,#1131,.T.);
#1131 = CIRCLE('',#1132,2.363261529539);
#1132 = AXIS2_PLACEMENT_3D('',#1133,#1134,#1135);
#1133 = CARTESIAN_POINT('',(0.,2.710505431214E-15,0.336738470461));
#1134 = DIRECTION('',(-1.,1.224646799147E-16,1.499759782662E-32));
#1135 = DIRECTION('',(-1.224646799147E-16,-1.,0.));
#1136 = ORIENTED_EDGE('',*,*,#1137,.T.);
#1137 = EDGE_CURVE('',#1002,#1138,#1140,.T.);
#1138 = VERTEX_POINT('',#1139);
#1139 = CARTESIAN_POINT('',(-0.110175331856,-0.840287319675,
    2.542817270877));
#1140 = CIRCLE('',#1141,0.847479429459);
#1141 = AXIS2_PLACEMENT_3D('',#1142,#1143,#1144);
#1142 = CARTESIAN_POINT('',(2.400760845644E-15,-3.078834747077E-16,
    2.542817270877));
#1143 = DIRECTION('',(0.,2.449293598295E-16,-1.));
#1144 = DIRECTION('',(-2.6645352591E-15,-1.,-2.449293598295E-16));
#1145 = ORIENTED_EDGE('',*,*,#1146,.T.);
#1146 = EDGE_CURVE('',#1138,#1147,#1149,.T.);
#1147 = VERTEX_POINT('',#1148);
#1148 = CARTESIAN_POINT('',(-0.131120107037,-0.817951179564,
    2.550054634586));
#1149 = B_SPLINE_CURVE_WITH_KNOTS('',3,(#1150,#1151,#1152,#1153,#1154,
    #1155,#1156,#1157,#1158,#1159,#1160,#1161,#1162,#1163,#1164,#1165),
  .UNSPECIFIED.,.F.,.F.,(4,3,3,3,3,4),(1.355252715607E-20,
    7.831333227104E-06,1.564942199834E-05,2.366798176627E-05,
    3.19478718437E-05,3.403289870655E-05),.UNSPECIFIED.);
#1150 = CARTESIAN_POINT('',(-0.110175331856,-0.840287319675,
    2.542817270877));
#1151 = CARTESIAN_POINT('',(-0.112763622803,-0.839947952642,
    2.542817270877));
#1152 = CARTESIAN_POINT('',(-0.115330816358,-0.839174858672,
    2.542978763536));
#1153 = CARTESIAN_POINT('',(-0.11766431492,-0.838045084144,
    2.543283417417));
#1154 = CARTESIAN_POINT('',(-0.119995483188,-0.836916437839,
    2.543587767061));
#1155 = CARTESIAN_POINT('',(-0.122157433474,-0.835402778752,2.5440426218
    ));
#1156 = CARTESIAN_POINT('',(-0.123988594292,-0.833634037674,
    2.54460761892));
#1157 = CARTESIAN_POINT('',(-0.125866498857,-0.831820146228,
    2.54518703863));
#1158 = CARTESIAN_POINT('',(-0.127447043282,-0.829690471531,
    2.545897401381));
#1159 = CARTESIAN_POINT('',(-0.128615901191,-0.827416184122,
    2.546680882655));
#1160 = CARTESIAN_POINT('',(-0.129822148059,-0.825069147718,
    2.547489425614));
#1161 = CARTESIAN_POINT('',(-0.130622581146,-0.82250466783,
    2.548397686309));
#1162 = CARTESIAN_POINT('',(-0.130954620736,-0.819929146367,
    2.549332454735));
#1163 = CARTESIAN_POINT('',(-0.131039323273,-0.819272136762,
    2.549570912012));
#1164 = CARTESIAN_POINT('',(-0.131094612016,-0.818611640267,
    2.549812065671));
#1165 = CARTESIAN_POINT('',(-0.131120107037,-0.817951179564,
    2.550054634586));
#1166 = ORIENTED_EDGE('',*,*,#1167,.T.);
#1167 = EDGE_CURVE('',#1147,#1168,#1170,.T.);
#1168 = VERTEX_POINT('',#1169);
#1169 = CARTESIAN_POINT('',(-0.139551354824,-0.552477762745,
    2.63027259884));
#1170 = CIRCLE('',#1171,2.361104319026);
#1171 = AXIS2_PLACEMENT_3D('',#1172,#1173,#1174);
#1172 = CARTESIAN_POINT('',(0.100399690428,2.707920830632E-15,
    0.347290903145));
#1173 = DIRECTION('',(-0.994521895368,2.56020895921E-17,-0.104528463268)
  );
#1174 = DIRECTION('',(0.104528463268,1.06581410364E-14,-0.994521895368)
  );
#1175 = ORIENTED_EDGE('',*,*,#1176,.T.);
#1176 = EDGE_CURVE('',#1168,#1177,#1179,.T.);
#1177 = VERTEX_POINT('',#1178);
#1178 = CARTESIAN_POINT('',(-0.152645801556,-0.4935516361,2.64284148177)
  );
#1179 = B_SPLINE_CURVE_WITH_KNOTS('',3,(#1180,#1181,#1182,#1183),
  .UNSPECIFIED.,.F.,.F.,(4,4),(0.,6.165816859745E-05),
  .PIECEWISE_BEZIER_KNOTS.);
#1180 = CARTESIAN_POINT('',(-0.139551354824,-0.552477762745,
    2.63027259884));
#1181 = CARTESIAN_POINT('',(-0.140063372003,-0.532125005858,
    2.635144116887));
#1182 = CARTESIAN_POINT('',(-0.144407131071,-0.512478773098,
    2.639336035165));
#1183 = CARTESIAN_POINT('',(-0.152645801556,-0.4935516361,2.64284148177)
  );
#1184 = ORIENTED_EDGE('',*,*,#1185,.T.);
#1185 = EDGE_CURVE('',#1177,#1186,#1188,.T.);
#1186 = VERTEX_POINT('',#1187);
#1187 = CARTESIAN_POINT('',(-0.229983363184,-0.313689106046,
    2.667770828539));
#1188 = CIRCLE('',#1189,2.361658133986);
#1189 = AXIS2_PLACEMENT_3D('',#1190,#1191,#1192);
#1190 = CARTESIAN_POINT('',(-7.997371055743E-02,-3.312619554619E-02,
    0.327640340896));
#1191 = DIRECTION('',(-0.918818423765,-0.380587052482,-0.104528463268));
#1192 = DIRECTION('',(-0.382683432365,0.923879532511,2.384203945383E-14)
  );
#1193 = ORIENTED_EDGE('',*,*,#1194,.T.);
#1194 = EDGE_CURVE('',#1186,#1195,#1197,.T.);
#1195 = VERTEX_POINT('',#1196);
#1196 = CARTESIAN_POINT('',(-0.313689106046,-0.229983363184,
    2.667770828539));
#1197 = B_SPLINE_CURVE_WITH_KNOTS('',3,(#1198,#1199,#1200,#1201,#1202,
    #1203,#1204,#1205,#1206,#1207),.UNSPECIFIED.,.F.,.F.,(4,3,3,4),(0.,
    5.19364244771E-05,1.038756107989E-04,1.20757572624E-04),
  .UNSPECIFIED.);
#1198 = CARTESIAN_POINT('',(-0.229983363184,-0.313689106046,
    2.667770828539));
#1199 = CARTESIAN_POINT('',(-0.236727060487,-0.297812444494,
    2.669242021151));
#1200 = CARTESIAN_POINT('',(-0.246272020723,-0.28280988754,
    2.670120870875));
#1201 = CARTESIAN_POINT('',(-0.257834544227,-0.269926833992,
    2.67033353154));
#1202 = CARTESIAN_POINT('',(-0.269397520811,-0.257043275618,
    2.670546200539));
#1203 = CARTESIAN_POINT('',(-0.283296668402,-0.245924923431,
    2.670098434213));
#1204 = CARTESIAN_POINT('',(-0.29837785964,-0.237490148329,
    2.669027933483));
#1205 = CARTESIAN_POINT('',(-0.303342757447,-0.234713325481,2.6686755126
    ));
#1206 = CARTESIAN_POINT('',(-0.308462125651,-0.232203551193,
    2.668255180675));
#1207 = CARTESIAN_POINT('',(-0.313689106046,-0.229983363184,
    2.667770828539));
#1208 = ORIENTED_EDGE('',*,*,#1209,.T.);
#1209 = EDGE_CURVE('',#1195,#1210,#1212,.T.);
#1210 = VERTEX_POINT('',#1211);
#1211 = CARTESIAN_POINT('',(-0.4935516361,-0.152645801556,2.64284148177)
  );
#1212 = CIRCLE('',#1213,2.361658133986);
#1213 = AXIS2_PLACEMENT_3D('',#1214,#1215,#1216);
#1214 = CARTESIAN_POINT('',(-3.312619554619E-02,-7.997371055743E-02,
    0.327640340896));
#1215 = DIRECTION('',(-0.380587052482,-0.918818423765,-0.104528463268));
#1216 = DIRECTION('',(-0.923879532511,0.382683432365,-1.414840467007E-14
    ));
#1217 = ORIENTED_EDGE('',*,*,#1218,.T.);
#1218 = EDGE_CURVE('',#1210,#1219,#1221,.T.);
#1219 = VERTEX_POINT('',#1220);
#1220 = CARTESIAN_POINT('',(-0.552477762745,-0.139551354824,
    2.63027259884));
#1221 = B_SPLINE_CURVE_WITH_KNOTS('',3,(#1222,#1223,#1224,#1225),
  .UNSPECIFIED.,.F.,.F.,(4,4),(0.,6.165816859745E-05),
  .PIECEWISE_BEZIER_KNOTS.);
#1222 = CARTESIAN_POINT('',(-0.4935516361,-0.152645801556,2.64284148177)
  );
#1223 = CARTESIAN_POINT('',(-0.512478773098,-0.144407131071,
    2.639336035165));
#1224 = CARTESIAN_POINT('',(-0.532125005858,-0.140063372003,
    2.635144116887));
#1225 = CARTESIAN_POINT('',(-0.552477762745,-0.139551354824,
    2.63027259884));
#1226 = ORIENTED_EDGE('',*,*,#1227,.T.);
#1227 = EDGE_CURVE('',#1219,#1228,#1230,.T.);
#1228 = VERTEX_POINT('',#1229);
#1229 = CARTESIAN_POINT('',(-0.817951179564,-0.131120107037,
    2.550054634586));
#1230 = CIRCLE('',#1231,2.361104319026);
#1231 = AXIS2_PLACEMENT_3D('',#1232,#1233,#1234);
#1232 = CARTESIAN_POINT('',(9.948428627387E-17,0.100399690428,
    0.347290903145));
#1233 = DIRECTION('',(-9.854542431665E-16,-0.994521895368,
    -0.104528463268));
#1234 = DIRECTION('',(8.881784197001E-16,-0.104528463268,0.994521895368)
  );
#1235 = ORIENTED_EDGE('',*,*,#1236,.T.);
#1236 = EDGE_CURVE('',#1228,#1237,#1239,.T.);
#1237 = VERTEX_POINT('',#1238);
#1238 = CARTESIAN_POINT('',(-0.840287319675,-0.110175331856,
    2.542817270877));
#1239 = B_SPLINE_CURVE_WITH_KNOTS('',3,(#1240,#1241,#1242,#1243,#1244,
    #1245,#1246,#1247,#1248,#1249,#1250,#1251,#1252),.UNSPECIFIED.,.F.,
  .F.,(4,3,3,3,4),(4.412383163948E-19,8.401705101954E-06,
    1.680674533539E-05,2.514481716025E-05,3.407931161545E-05),
  .UNSPECIFIED.);
#1240 = CARTESIAN_POINT('',(-0.817951179564,-0.131120107037,
    2.550054634586));
#1241 = CARTESIAN_POINT('',(-0.82057832776,-0.131018694195,2.54908975585
    ));
#1242 = CARTESIAN_POINT('',(-0.823232618093,-0.130433327036,
    2.548138050792));
#1243 = CARTESIAN_POINT('',(-0.82569493819,-0.129413266977,
    2.547278027306));
#1244 = CARTESIAN_POINT('',(-0.828157722909,-0.12839301444,2.54641784154
    ));
#1245 = CARTESIAN_POINT('',(-0.830497600653,-0.126908658855,
    2.545625255871));
#1246 = CARTESIAN_POINT('',(-0.832512566234,-0.125076756606,
    2.544969366228));
#1247 = CARTESIAN_POINT('',(-0.834510743525,-0.123260117399,
    2.544318941326));
#1248 = CARTESIAN_POINT('',(-0.836246042655,-0.121048183412,
    2.54378461098));
#1249 = CARTESIAN_POINT('',(-0.837553657151,-0.118624941844,
    2.543418567703));
#1250 = CARTESIAN_POINT('',(-0.838950378682,-0.116036569138,
    2.543027580507));
#1251 = CARTESIAN_POINT('',(-0.839901592878,-0.113117200332,
    2.542817270877));
#1252 = CARTESIAN_POINT('',(-0.840287319675,-0.110175331856,
    2.542817270877));
#1253 = ORIENTED_EDGE('',*,*,#1254,.T.);
#1254 = EDGE_CURVE('',#1237,#1255,#1257,.T.);
#1255 = VERTEX_POINT('',#1256);
#1256 = CARTESIAN_POINT('',(-0.840287319675,0.110175331856,
    2.542817270877));
#1257 = CIRCLE('',#1258,0.847479429459);
#1258 = AXIS2_PLACEMENT_3D('',#1259,#1260,#1261);
#1259 = CARTESIAN_POINT('',(3.497683676852E-17,-2.712166148804E-15,
    2.542817270877));
#1260 = DIRECTION('',(1.224646799147E-16,1.224646799147E-16,-1.));
#1261 = DIRECTION('',(1.,5.329070518201E-15,1.224646799147E-16));
#1262 = ORIENTED_EDGE('',*,*,#1263,.T.);
#1263 = EDGE_CURVE('',#1255,#1264,#1266,.T.);
#1264 = VERTEX_POINT('',#1265);
#1265 = CARTESIAN_POINT('',(-0.817951179564,0.131120107037,
    2.550054634586));
#1266 = B_SPLINE_CURVE_WITH_KNOTS('',3,(#1267,#1268,#1269,#1270,#1271,
    #1272,#1273,#1274,#1275,#1276,#1277,#1278,#1279,#1280,#1281,#1282),
  .UNSPECIFIED.,.F.,.F.,(4,3,3,3,3,4),(0.,7.831333227104E-06,
    1.564942199834E-05,2.366798176627E-05,3.19478718437E-05,
    3.403289870655E-05),.UNSPECIFIED.);
#1267 = CARTESIAN_POINT('',(-0.840287319675,0.110175331856,
    2.542817270877));
#1268 = CARTESIAN_POINT('',(-0.839947952642,0.112763622803,
    2.542817270877));
#1269 = CARTESIAN_POINT('',(-0.839174858672,0.115330816358,
    2.542978763536));
#1270 = CARTESIAN_POINT('',(-0.838045084144,0.11766431492,2.543283417417
    ));
#1271 = CARTESIAN_POINT('',(-0.836916437839,0.119995483188,
    2.543587767061));
#1272 = CARTESIAN_POINT('',(-0.835402778752,0.122157433474,2.5440426218)
  );
#1273 = CARTESIAN_POINT('',(-0.833634037674,0.123988594292,2.54460761892
    ));
#1274 = CARTESIAN_POINT('',(-0.831820146228,0.125866498857,2.54518703863
    ));
#1275 = CARTESIAN_POINT('',(-0.829690471531,0.127447043282,
    2.545897401381));
#1276 = CARTESIAN_POINT('',(-0.827416184122,0.128615901191,
    2.546680882655));
#1277 = CARTESIAN_POINT('',(-0.825069147718,0.129822148059,
    2.547489425614));
#1278 = CARTESIAN_POINT('',(-0.82250466783,0.130622581146,2.548397686309
    ));
#1279 = CARTESIAN_POINT('',(-0.819929146367,0.130954620736,
    2.549332454735));
#1280 = CARTESIAN_POINT('',(-0.819272136762,0.131039323273,
    2.549570912012));
#1281 = CARTESIAN_POINT('',(-0.818611640267,0.131094612016,
    2.549812065671));
#1282 = CARTESIAN_POINT('',(-0.817951179564,0.131120107037,
    2.550054634586));
#1283 = ORIENTED_EDGE('',*,*,#1284,.T.);
#1284 = EDGE_CURVE('',#1264,#1285,#1287,.T.);
#1285 = VERTEX_POINT('',#1286);
#1286 = CARTESIAN_POINT('',(-0.552477762745,0.139551354824,2.63027259884
    ));
#1287 = CIRCLE('',#1288,2.361104319026);
#1288 = AXIS2_PLACEMENT_3D('',#1289,#1290,#1291);
#1289 = CARTESIAN_POINT('',(-1.052923236951E-15,-0.100399690428,
    0.347290903145));
#1290 = DIRECTION('',(1.042986496104E-14,0.994521895368,-0.104528463268)
  );
#1291 = DIRECTION('',(-1.972152263053E-31,-0.104528463268,
    -0.994521895368));
#1292 = ORIENTED_EDGE('',*,*,#1293,.T.);
#1293 = EDGE_CURVE('',#1285,#1294,#1296,.T.);
#1294 = VERTEX_POINT('',#1295);
#1295 = CARTESIAN_POINT('',(-0.4935516361,0.152645801556,2.64284148177)
  );
#1296 = B_SPLINE_CURVE_WITH_KNOTS('',3,(#1297,#1298,#1299,#1300),
  .UNSPECIFIED.,.F.,.F.,(4,4),(0.,6.165816859745E-05),
  .PIECEWISE_BEZIER_KNOTS.);
#1297 = CARTESIAN_POINT('',(-0.552477762745,0.139551354824,2.63027259884
    ));
#1298 = CARTESIAN_POINT('',(-0.532125005858,0.140063372003,
    2.635144116887));
#1299 = CARTESIAN_POINT('',(-0.512478773098,0.144407131071,
    2.639336035165));
#1300 = CARTESIAN_POINT('',(-0.4935516361,0.152645801556,2.64284148177)
  );
#1301 = ORIENTED_EDGE('',*,*,#1302,.T.);
#1302 = EDGE_CURVE('',#1294,#1303,#1305,.T.);
#1303 = VERTEX_POINT('',#1304);
#1304 = CARTESIAN_POINT('',(-0.313689106046,0.229983363184,
    2.667770828539));
#1305 = CIRCLE('',#1306,2.361658133986);
#1306 = AXIS2_PLACEMENT_3D('',#1307,#1308,#1309);
#1307 = CARTESIAN_POINT('',(-3.312619554619E-02,7.997371055743E-02,
    0.327640340896));
#1308 = DIRECTION('',(-0.380587052482,0.918818423765,-0.104528463268));
#1309 = DIRECTION('',(0.923879532511,0.382683432365,2.385591724163E-14)
  );
#1310 = ORIENTED_EDGE('',*,*,#1311,.T.);
#1311 = EDGE_CURVE('',#1303,#1312,#1314,.T.);
#1312 = VERTEX_POINT('',#1313);
#1313 = CARTESIAN_POINT('',(-0.229983363184,0.313689106046,
    2.667770828539));
#1314 = B_SPLINE_CURVE_WITH_KNOTS('',3,(#1315,#1316,#1317,#1318,#1319,
    #1320,#1321,#1322,#1323,#1324),.UNSPECIFIED.,.F.,.F.,(4,3,3,4),(
    6.060874397576E-20,5.19364244771E-05,1.038756107989E-04,
    1.20757572624E-04),.UNSPECIFIED.);
#1315 = CARTESIAN_POINT('',(-0.313689106046,0.229983363184,
    2.667770828539));
#1316 = CARTESIAN_POINT('',(-0.297812444494,0.236727060487,
    2.669242021151));
#1317 = CARTESIAN_POINT('',(-0.28280988754,0.246272020723,2.670120870875
    ));
#1318 = CARTESIAN_POINT('',(-0.269926833992,0.257834544227,2.67033353154
    ));
#1319 = CARTESIAN_POINT('',(-0.257043275618,0.269397520811,
    2.670546200539));
#1320 = CARTESIAN_POINT('',(-0.245924923431,0.283296668402,
    2.670098434213));
#1321 = CARTESIAN_POINT('',(-0.237490148329,0.29837785964,2.669027933483
    ));
#1322 = CARTESIAN_POINT('',(-0.234713325481,0.303342757447,2.6686755126)
  );
#1323 = CARTESIAN_POINT('',(-0.232203551193,0.308462125651,
    2.668255180675));
#1324 = CARTESIAN_POINT('',(-0.229983363184,0.313689106046,
    2.667770828539));
#1325 = ORIENTED_EDGE('',*,*,#1326,.T.);
#1326 = EDGE_CURVE('',#1312,#1327,#1329,.T.);
#1327 = VERTEX_POINT('',#1328);
#1328 = CARTESIAN_POINT('',(-0.152645801556,0.4935516361,2.64284148177)
  );
#1329 = CIRCLE('',#1330,2.361658133986);
#1330 = AXIS2_PLACEMENT_3D('',#1331,#1332,#1333);
#1331 = CARTESIAN_POINT('',(-7.997371055743E-02,3.312619554619E-02,
    0.327640340896));
#1332 = DIRECTION('',(-0.918818423765,0.380587052482,-0.104528463268));
#1333 = DIRECTION('',(0.382683432365,0.923879532511,3.79973830178E-14));
#1334 = ORIENTED_EDGE('',*,*,#1335,.T.);
#1335 = EDGE_CURVE('',#1327,#1336,#1338,.T.);
#1336 = VERTEX_POINT('',#1337);
#1337 = CARTESIAN_POINT('',(-0.139551354824,0.552477762745,2.63027259884
    ));
#1338 = B_SPLINE_CURVE_WITH_KNOTS('',3,(#1339,#1340,#1341,#1342),
  .UNSPECIFIED.,.F.,.F.,(4,4),(0.,6.165816859745E-05),
  .PIECEWISE_BEZIER_KNOTS.);
#1339 = CARTESIAN_POINT('',(-0.152645801556,0.4935516361,2.64284148177)
  );
#1340 = CARTESIAN_POINT('',(-0.144407131071,0.512478773098,
    2.639336035165));
#1341 = CARTESIAN_POINT('',(-0.140063372003,0.532125005858,
    2.635144116887));
#1342 = CARTESIAN_POINT('',(-0.139551354824,0.552477762745,2.63027259884
    ));
#1343 = ORIENTED_EDGE('',*,*,#1344,.T.);
#1344 = EDGE_CURVE('',#1336,#1345,#1347,.T.);
#1345 = VERTEX_POINT('',#1346);
#1346 = CARTESIAN_POINT('',(-0.131120107037,0.817951179564,
    2.550054634586));
#1347 = CIRCLE('',#1348,2.361104319026);
#1348 = AXIS2_PLACEMENT_3D('',#1349,#1350,#1351);
#1349 = CARTESIAN_POINT('',(0.100399690428,1.558097907989E-15,
    0.347290903145));
#1350 = DIRECTION('',(-0.994521895368,1.141531920421E-14,-0.104528463268
    ));
#1351 = DIRECTION('',(0.104528463268,3.944304526105E-31,-0.994521895368)
  );
#1352 = ORIENTED_EDGE('',*,*,#1353,.T.);
#1353 = EDGE_CURVE('',#1345,#1354,#1356,.T.);
#1354 = VERTEX_POINT('',#1355);
#1355 = CARTESIAN_POINT('',(-0.110175331856,0.840287319674,
    2.542817270876));
#1356 = B_SPLINE_CURVE_WITH_KNOTS('',3,(#1357,#1358,#1359,#1360,#1361,
    #1362,#1363,#1364,#1365,#1366,#1367,#1368,#1369),.UNSPECIFIED.,.F.,
  .F.,(4,3,3,3,4),(4.412383163948E-19,8.401705101954E-06,
    1.680674533539E-05,2.514481716025E-05,3.407931161557E-05),
  .UNSPECIFIED.);
#1357 = CARTESIAN_POINT('',(-0.131120107037,0.817951179564,
    2.550054634586));
#1358 = CARTESIAN_POINT('',(-0.131018694195,0.82057832776,2.54908975585)
  );
#1359 = CARTESIAN_POINT('',(-0.130433327036,0.823232618093,
    2.548138050792));
#1360 = CARTESIAN_POINT('',(-0.129413266977,0.82569493819,2.547278027306
    ));
#1361 = CARTESIAN_POINT('',(-0.12839301444,0.828157722909,2.54641784154)
  );
#1362 = CARTESIAN_POINT('',(-0.126908658855,0.830497600653,
    2.545625255871));
#1363 = CARTESIAN_POINT('',(-0.125076756606,0.832512566234,
    2.544969366228));
#1364 = CARTESIAN_POINT('',(-0.123260117399,0.834510743525,
    2.544318941326));
#1365 = CARTESIAN_POINT('',(-0.121048183412,0.836246042655,2.54378461098
    ));
#1366 = CARTESIAN_POINT('',(-0.118624941844,0.837553657151,
    2.543418567703));
#1367 = CARTESIAN_POINT('',(-0.116036569138,0.838950378682,
    2.543027580507));
#1368 = CARTESIAN_POINT('',(-0.113117200332,0.839901592878,
    2.542817270877));
#1369 = CARTESIAN_POINT('',(-0.110175331856,0.840287319674,
    2.542817270876));
#1370 = ORIENTED_EDGE('',*,*,#1371,.T.);
#1371 = EDGE_CURVE('',#1354,#1372,#1374,.T.);
#1372 = VERTEX_POINT('',#1373);
#1373 = CARTESIAN_POINT('',(0.,0.84747942946,2.542817270876));
#1374 = CIRCLE('',#1375,0.847479429458);
#1375 = AXIS2_PLACEMENT_3D('',#1376,#1377,#1378);
#1376 = CARTESIAN_POINT('',(0.,2.070106209875E-15,2.542817270876));
#1377 = DIRECTION('',(0.,-0.,-1.));
#1378 = DIRECTION('',(1.,7.105427357601E-15,-0.));
#1379 = ORIENTED_EDGE('',*,*,#1380,.F.);
#1380 = EDGE_CURVE('',#1091,#1372,#1381,.T.);
#1381 = CIRCLE('',#1382,2.363261529539);
#1382 = AXIS2_PLACEMENT_3D('',#1383,#1384,#1385);
#1383 = CARTESIAN_POINT('',(0.,2.710505431214E-15,0.336738470461));
#1384 = DIRECTION('',(1.,0.,0.));
#1385 = DIRECTION('',(0.,0.,-1.));
#1386 = SPHERICAL_SURFACE('',#1387,2.363261529539);
#1387 = AXIS2_PLACEMENT_3D('',#1388,#1389,#1390);
#1388 = CARTESIAN_POINT('',(0.,2.710505431214E-15,0.336738470461));
#1389 = DIRECTION('',(-1.,0.,0.));
#1390 = DIRECTION('',(0.,1.,1.146934182838E-16));
#1391 = ADVANCED_FACE('',(#1392),#1430,.T.);
#1392 = FACE_BOUND('',#1393,.T.);
#1393 = EDGE_LOOP('',(#1394,#1405,#1414,#1423));
#1394 = ORIENTED_EDGE('',*,*,#1395,.T.);
#1395 = EDGE_CURVE('',#1396,#1398,#1400,.T.);
#1396 = VERTEX_POINT('',#1397);
#1397 = CARTESIAN_POINT('',(0.,-1.201361459788,1.3));
#1398 = VERTEX_POINT('',#1399);
#1399 = CARTESIAN_POINT('',(1.70358256322E-16,1.201361459788,1.3));
#1400 = CIRCLE('',#1401,1.201361459788);
#1401 = AXIS2_PLACEMENT_3D('',#1402,#1403,#1404);
#1402 = CARTESIAN_POINT('',(0.,1.162345714487E-15,1.3));
#1403 = DIRECTION('',(0.,-1.224646799147E-16,1.));
#1404 = DIRECTION('',(0.,-1.,-1.224646799147E-16));
#1405 = ORIENTED_EDGE('',*,*,#1406,.T.);
#1406 = EDGE_CURVE('',#1398,#1407,#1409,.T.);
#1407 = VERTEX_POINT('',#1408);
#1408 = CARTESIAN_POINT('',(1.935921660092E-16,1.5808,1.619797283786));
#1409 = CIRCLE('',#1410,0.385);
#1410 = AXIS2_PLACEMENT_3D('',#1411,#1412,#1413);
#1411 = CARTESIAN_POINT('',(1.471243466348E-16,1.201361459788,1.685));
#1412 = DIRECTION('',(1.,-1.224646799147E-16,-1.499759782662E-32));
#1413 = DIRECTION('',(1.224646799147E-16,1.,1.215432671457E-63));
#1414 = ORIENTED_EDGE('',*,*,#1415,.F.);
#1415 = EDGE_CURVE('',#1416,#1407,#1418,.T.);
#1416 = VERTEX_POINT('',#1417);
#1417 = CARTESIAN_POINT('',(0.,-1.5808,1.619797283786));
#1418 = CIRCLE('',#1419,1.5808);
#1419 = AXIS2_PLACEMENT_3D('',#1420,#1421,#1422);
#1420 = CARTESIAN_POINT('',(0.,1.12318184249E-15,1.619797283786));
#1421 = DIRECTION('',(0.,-1.224646799147E-16,1.));
#1422 = DIRECTION('',(0.,-1.,-1.224646799147E-16));
#1423 = ORIENTED_EDGE('',*,*,#1424,.F.);
#1424 = EDGE_CURVE('',#1396,#1416,#1425,.T.);
#1425 = CIRCLE('',#1426,0.385);
#1426 = AXIS2_PLACEMENT_3D('',#1427,#1428,#1429);
#1427 = CARTESIAN_POINT('',(0.,-1.201361459788,1.685));
#1428 = DIRECTION('',(-1.,0.,0.));
#1429 = DIRECTION('',(0.,0.,1.));
#1430 = TOROIDAL_SURFACE('',#1431,1.201361459788,0.385);
#1431 = AXIS2_PLACEMENT_3D('',#1432,#1433,#1434);
#1432 = CARTESIAN_POINT('',(0.,1.301042606983E-15,1.685));
#1433 = DIRECTION('',(-0.,-1.224646799147E-16,1.));
#1434 = DIRECTION('',(0.,-1.,-1.224646799147E-16));
#1435 = ADVANCED_FACE('',(#1436),#1454,.T.);
#1436 = FACE_BOUND('',#1437,.T.);
#1437 = EDGE_LOOP('',(#1438,#1439,#1446,#1447));
#1438 = ORIENTED_EDGE('',*,*,#1415,.T.);
#1439 = ORIENTED_EDGE('',*,*,#1440,.T.);
#1440 = EDGE_CURVE('',#1407,#1082,#1441,.T.);
#1441 = CIRCLE('',#1442,1.329147432855);
#1442 = AXIS2_PLACEMENT_3D('',#1443,#1444,#1445);
#1443 = CARTESIAN_POINT('',(3.316987293945E-17,0.270852567145,
    1.844898641893));
#1444 = DIRECTION('',(1.,-1.224646799147E-16,-1.499759782662E-32));
#1445 = DIRECTION('',(1.224646799147E-16,1.,3.038581678643E-64));
#1446 = ORIENTED_EDGE('',*,*,#1079,.F.);
#1447 = ORIENTED_EDGE('',*,*,#1448,.F.);
#1448 = EDGE_CURVE('',#1416,#1080,#1449,.T.);
#1449 = CIRCLE('',#1450,1.329147432855);
#1450 = AXIS2_PLACEMENT_3D('',#1451,#1452,#1453);
#1451 = CARTESIAN_POINT('',(0.,-0.270852567145,1.844898641893));
#1452 = DIRECTION('',(-1.,0.,0.));
#1453 = DIRECTION('',(0.,0.,1.));
#1454 = SURFACE_OF_REVOLUTION('',#1455,#1461);
#1455 = B_SPLINE_CURVE_WITH_KNOTS('',4,(#1456,#1457,#1458,#1459,#1460),
  .UNSPECIFIED.,.F.,.F.,(5,5),(6.113007384316,6.453363230043),
  .PIECEWISE_BEZIER_KNOTS.);
#1456 = CARTESIAN_POINT('',(0.,-1.5808,1.619797283786));
#1457 = CARTESIAN_POINT('',(0.,-1.599953640778,1.731259350378));
#1458 = CARTESIAN_POINT('',(0.,-1.606461801438,1.844898641893));
#1459 = CARTESIAN_POINT('',(0.,-1.599953640778,1.958537933408));
#1460 = CARTESIAN_POINT('',(0.,-1.5808,2.07));
#1461 = AXIS1_PLACEMENT('',#1462,#1463);
#1462 = CARTESIAN_POINT('',(0.,1.084202172486E-15,1.844898641893));
#1463 = DIRECTION('',(-0.,-1.224646799147E-16,1.));
#1464 = ADVANCED_FACE('',(#1465),#1533,.T.);
#1465 = FACE_BOUND('',#1466,.T.);
#1466 = EDGE_LOOP('',(#1467,#1486,#1494,#1503,#1509,#1518,#1527));
#1467 = ORIENTED_EDGE('',*,*,#1468,.T.);
#1468 = EDGE_CURVE('',#1469,#1471,#1473,.T.);
#1469 = VERTEX_POINT('',#1470);
#1470 = CARTESIAN_POINT('',(0.,0.704753516047,0.898740583149));
#1471 = VERTEX_POINT('',#1472);
#1472 = CARTESIAN_POINT('',(2.261072052351E-14,-0.757387822661,
    1.043352152058));
#1473 = B_SPLINE_CURVE_WITH_KNOTS('',3,(#1474,#1475,#1476,#1477,#1478,
    #1479,#1480,#1481,#1482,#1483,#1484,#1485),.UNSPECIFIED.,.F.,.F.,(4,
    2,2,2,2,4),(5.051395460212E-03,5.627820904181E-03,6.204246348151E-03
    ,6.492459070136E-03,6.78067179212E-03,7.35709723609E-03),
  .UNSPECIFIED.);
#1474 = CARTESIAN_POINT('',(0.,0.704753516047,0.898740583149));
#1475 = CARTESIAN_POINT('',(-0.191033136336,0.708872117209,
    0.910056346841));
#1476 = CARTESIAN_POINT('',(-0.383023625314,0.632374130243,
    0.923968519627));
#1477 = CARTESIAN_POINT('',(-0.655141137351,0.36102047887,0.948714276316
    ));
#1478 = CARTESIAN_POINT('',(-0.732131855521,0.169618266368,
    0.959878620679));
#1479 = CARTESIAN_POINT('',(-0.730844506955,-0.116051471612,
    0.97868882852));
#1480 = CARTESIAN_POINT('',(-0.711302253123,-0.212207023548,
    0.984958194279));
#1481 = CARTESIAN_POINT('',(-0.63755750766,-0.3880925304,0.996333383853)
  );
#1482 = CARTESIAN_POINT('',(-0.582991800161,-0.46925179283,
    1.001716154338));
#1483 = CARTESIAN_POINT('',(-0.380307803848,-0.672860879699,
    1.019776081807));
#1484 = CARTESIAN_POINT('',(-0.192497495425,-0.753526064721,
    1.032742059319));
#1485 = CARTESIAN_POINT('',(2.261072052351E-14,-0.757387822661,
    1.043352152058));
#1486 = ORIENTED_EDGE('',*,*,#1487,.T.);
#1487 = EDGE_CURVE('',#1471,#1488,#1490,.T.);
#1488 = VERTEX_POINT('',#1489);
#1489 = CARTESIAN_POINT('',(-1.041929496715E-16,-0.8508,1.3));
#1490 = LINE('',#1491,#1492);
#1491 = CARTESIAN_POINT('',(-1.041929496715E-16,-0.8508,1.3));
#1492 = VECTOR('',#1493,1.);
#1493 = DIRECTION('',(-4.188538737677E-17,-0.342020143326,0.939692620786
    ));
#1494 = ORIENTED_EDGE('',*,*,#1495,.T.);
#1495 = EDGE_CURVE('',#1488,#1496,#1498,.T.);
#1496 = VERTEX_POINT('',#1497);
#1497 = CARTESIAN_POINT('',(0.,0.8508,1.3));
#1498 = CIRCLE('',#1499,0.8508);
#1499 = AXIS2_PLACEMENT_3D('',#1500,#1501,#1502);
#1500 = CARTESIAN_POINT('',(0.,-1.592040838892E-16,1.3));
#1501 = DIRECTION('',(0.,1.224646799147E-16,-1.));
#1502 = DIRECTION('',(0.,1.,1.224646799147E-16));
#1503 = ORIENTED_EDGE('',*,*,#1504,.F.);
#1504 = EDGE_CURVE('',#166,#1496,#1505,.T.);
#1505 = LINE('',#1506,#1507);
#1506 = CARTESIAN_POINT('',(0.,0.8508,1.3));
#1507 = VECTOR('',#1508,1.);
#1508 = DIRECTION('',(0.,0.342020143326,0.939692620786));
#1509 = ORIENTED_EDGE('',*,*,#1510,.F.);
#1510 = EDGE_CURVE('',#1511,#166,#1513,.T.);
#1511 = VERTEX_POINT('',#1512);
#1512 = CARTESIAN_POINT('',(-0.156244349055,0.784593973587,
    1.160428147092));
#1513 = CIRCLE('',#1514,0.8);
#1514 = AXIS2_PLACEMENT_3D('',#1515,#1516,#1517);
#1515 = CARTESIAN_POINT('',(0.,-1.421114615976E-16,1.160428147092));
#1516 = DIRECTION('',(0.,1.224646799147E-16,-1.));
#1517 = DIRECTION('',(7.105427357601E-15,-1.,-1.224646799147E-16));
#1518 = ORIENTED_EDGE('',*,*,#1519,.T.);
#1519 = EDGE_CURVE('',#1511,#1520,#1522,.T.);
#1520 = VERTEX_POINT('',#1521);
#1521 = CARTESIAN_POINT('',(-2.383677307021E-14,0.795194683827,
    1.147225649414));
#1522 = B_SPLINE_CURVE_WITH_KNOTS('',3,(#1523,#1524,#1525,#1526),
  .UNSPECIFIED.,.F.,.F.,(4,4),(2.806603656695E-14,1.567415168783E-04),
  .PIECEWISE_BEZIER_KNOTS.);
#1523 = CARTESIAN_POINT('',(-0.156244349055,0.784593973587,
    1.160428147092));
#1524 = CARTESIAN_POINT('',(-0.104153064557,0.793255058023,
    1.155813984795));
#1525 = CARTESIAN_POINT('',(-5.207193431885E-02,0.796719061181,
    1.15141384177));
#1526 = CARTESIAN_POINT('',(-2.383677307021E-14,0.795194683827,
    1.147225649414));
#1527 = ORIENTED_EDGE('',*,*,#1528,.F.);
#1528 = EDGE_CURVE('',#1469,#1520,#1529,.T.);
#1529 = LINE('',#1530,#1531);
#1530 = CARTESIAN_POINT('',(0.,0.8508,1.3));
#1531 = VECTOR('',#1532,1.);
#1532 = DIRECTION('',(0.,0.342020143326,0.939692620786));
#1533 = CONICAL_SURFACE('',#1534,0.8508,0.349065850399);
#1534 = AXIS2_PLACEMENT_3D('',#1535,#1536,#1537);
#1535 = CARTESIAN_POINT('',(0.,-1.592040838892E-16,1.3));
#1536 = DIRECTION('',(-0.,-1.224646799147E-16,1.));
#1537 = DIRECTION('',(0.,1.,1.224646799147E-16));
#1538 = ADVANCED_FACE('',(#1539),#1589,.T.);
#1539 = FACE_BOUND('',#1540,.T.);
#1540 = EDGE_LOOP('',(#1541,#1558,#1566,#1583));
#1541 = ORIENTED_EDGE('',*,*,#1542,.T.);
#1542 = EDGE_CURVE('',#1543,#1545,#1547,.T.);
#1543 = VERTEX_POINT('',#1544);
#1544 = CARTESIAN_POINT('',(0.,0.599484902821,0.609517445333));
#1545 = VERTEX_POINT('',#1546);
#1546 = CARTESIAN_POINT('',(-7.986157024961E-17,-0.652119209434,
    0.754129014241));
#1547 = B_SPLINE_CURVE_WITH_KNOTS('',3,(#1548,#1549,#1550,#1551,#1552,
    #1553,#1554,#1555,#1556,#1557),.UNSPECIFIED.,.F.,.F.,(4,2,2,2,4),(
    9.400944970062E-04,1.433083678042E-03,1.926072859078E-03,
    2.419062040115E-03,2.912051221151E-03),.UNSPECIFIED.);
#1548 = CARTESIAN_POINT('',(0.,0.599484902821,0.609517445333));
#1549 = CARTESIAN_POINT('',(-0.164950228344,0.603665640838,
    0.621003928631));
#1550 = CARTESIAN_POINT('',(-0.328892044337,0.537618807403,
    0.634978335348));
#1551 = CARTESIAN_POINT('',(-0.560182139371,0.307216208483,0.65957961694
    ));
#1552 = CARTESIAN_POINT('',(-0.626825559628,0.143027916148,
    0.670827835139));
#1553 = CARTESIAN_POINT('',(-0.625255539966,-0.18409460886,
    0.695978977295));
#1554 = CARTESIAN_POINT('',(-0.557123826688,-0.346084756929,
    0.706614113625));
#1555 = CARTESIAN_POINT('',(-0.324498097498,-0.579744586108,
    0.730772320463));
#1556 = CARTESIAN_POINT('',(-0.163421832497,-0.648311521343,
    0.74366747719));
#1557 = CARTESIAN_POINT('',(-7.986157024961E-17,-0.652119209434,
    0.754129014241));
#1558 = ORIENTED_EDGE('',*,*,#1559,.T.);
#1559 = EDGE_CURVE('',#1545,#1560,#1562,.T.);
#1560 = VERTEX_POINT('',#1561);
#1561 = CARTESIAN_POINT('',(8.083057930522E-14,-0.714554247631,
    0.925667871868));
#1562 = LINE('',#1563,#1564);
#1563 = CARTESIAN_POINT('',(-1.041929496715E-16,-0.8508,1.3));
#1564 = VECTOR('',#1565,1.);
#1565 = DIRECTION('',(-4.188538737677E-17,-0.342020143326,0.939692620786
    ));
#1566 = ORIENTED_EDGE('',*,*,#1567,.T.);
#1567 = EDGE_CURVE('',#1560,#1568,#1570,.T.);
#1568 = VERTEX_POINT('',#1569);
#1569 = CARTESIAN_POINT('',(-2.185254626699E-13,0.633913811434,
    0.704110094323));
#1570 = B_SPLINE_CURVE_WITH_KNOTS('',3,(#1571,#1572,#1573,#1574,#1575,
    #1576,#1577,#1578,#1579,#1580,#1581,#1582),.UNSPECIFIED.,.F.,.F.,(4,
    2,2,2,2,4),(2.526765991622E-03,3.055990132523E-03,3.585214273424E-03
    ,3.849826343874E-03,4.114438414325E-03,4.643662555226E-03),
  .UNSPECIFIED.);
#1571 = CARTESIAN_POINT('',(8.083057930522E-14,-0.714554247631,
    0.925667871868));
#1572 = CARTESIAN_POINT('',(-0.176480061559,-0.708804845486,
    0.909871519301));
#1573 = CARTESIAN_POINT('',(-0.349171972043,-0.63409581845,
    0.890459413474));
#1574 = CARTESIAN_POINT('',(-0.599691731962,-0.381785494464,
    0.853680776291));
#1575 = CARTESIAN_POINT('',(-0.673593798459,-0.208010063235,
    0.837595993303));
#1576 = CARTESIAN_POINT('',(-0.675334511314,5.711361930298E-02,
    0.808662295126));
#1577 = CARTESIAN_POINT('',(-0.658241456854,0.145631738695,
    0.798843663127));
#1578 = CARTESIAN_POINT('',(-0.59185588108,0.30871788592,0.780479759683)
  );
#1579 = CARTESIAN_POINT('',(-0.541931865003,0.384537006532,
    0.772150238098));
#1580 = CARTESIAN_POINT('',(-0.354996387662,0.570215101744,
    0.743780575928));
#1581 = CARTESIAN_POINT('',(-0.1774758539,0.640431165352,0.722016377048)
  );
#1582 = CARTESIAN_POINT('',(-2.185254626699E-13,0.633913811434,
    0.704110094323));
#1583 = ORIENTED_EDGE('',*,*,#1584,.F.);
#1584 = EDGE_CURVE('',#1543,#1568,#1585,.T.);
#1585 = LINE('',#1586,#1587);
#1586 = CARTESIAN_POINT('',(0.,0.8508,1.3));
#1587 = VECTOR('',#1588,1.);
#1588 = DIRECTION('',(0.,0.342020143326,0.939692620786));
#1589 = CONICAL_SURFACE('',#1590,0.8508,0.349065850399);
#1590 = AXIS2_PLACEMENT_3D('',#1591,#1592,#1593);
#1591 = CARTESIAN_POINT('',(0.,-1.592040838892E-16,1.3));
#1592 = DIRECTION('',(-0.,-1.224646799147E-16,1.));
#1593 = DIRECTION('',(0.,1.,1.224646799147E-16));
#1594 = ADVANCED_FACE('',(#1595),#1631,.T.);
#1595 = FACE_BOUND('',#1596,.T.);
#1596 = EDGE_LOOP('',(#1597,#1608,#1609,#1624));
#1597 = ORIENTED_EDGE('',*,*,#1598,.T.);
#1598 = EDGE_CURVE('',#1599,#1543,#1601,.T.);
#1599 = VERTEX_POINT('',#1600);
#1600 = CARTESIAN_POINT('',(0.572436274724,-1.630120518595E-02,
    0.535839521179));
#1601 = B_SPLINE_CURVE_WITH_KNOTS('',3,(#1602,#1603,#1604,#1605,#1606,
    #1607),.UNSPECIFIED.,.F.,.F.,(4,2,4),(3.061328474186E-18,
    4.700472485031E-04,9.400944970062E-04),.UNSPECIFIED.);
#1602 = CARTESIAN_POINT('',(0.572436274724,-1.630120518595E-02,
    0.535839521179));
#1603 = CARTESIAN_POINT('',(0.581746339042,0.141088511725,0.549099226694
    ));
#1604 = CARTESIAN_POINT('',(0.522645167193,0.2988319202,0.560380555657)
  );
#1605 = CARTESIAN_POINT('',(0.310054806727,0.526171477453,0.585066239385
    ));
#1606 = CARTESIAN_POINT('',(0.157274041613,0.595498721223,0.598565501402
    ));
#1607 = CARTESIAN_POINT('',(0.,0.599484902821,0.609517445333));
#1608 = ORIENTED_EDGE('',*,*,#1584,.T.);
#1609 = ORIENTED_EDGE('',*,*,#1610,.T.);
#1610 = EDGE_CURVE('',#1568,#1611,#1613,.T.);
#1611 = VERTEX_POINT('',#1612);
#1612 = CARTESIAN_POINT('',(0.38908855069,-0.420189383056,0.535839521179
    ));
#1613 = B_SPLINE_CURVE_WITH_KNOTS('',3,(#1614,#1615,#1616,#1617,#1618,
    #1619,#1620,#1621,#1622,#1623),.UNSPECIFIED.,.F.,.F.,(4,2,2,2,4),(
    4.643662555226E-03,5.004784007353E-03,5.36590545948E-03,
    5.727026911608E-03,6.088148363735E-03),.UNSPECIFIED.);
#1614 = CARTESIAN_POINT('',(-2.185254626699E-13,0.633913811434,
    0.704110094323));
#1615 = CARTESIAN_POINT('',(0.12110244625,0.629466628985,0.691891560964)
  );
#1616 = CARTESIAN_POINT('',(0.239708784459,0.588711201568,0.677566932854
    ));
#1617 = CARTESIAN_POINT('',(0.43493603576,0.449455062908,0.649025233533)
  );
#1618 = CARTESIAN_POINT('',(0.513047972006,0.349479801759,0.635816967652
    ));
#1619 = CARTESIAN_POINT('',(0.598243768042,0.124862040182,0.608830392911
    ));
#1620 = CARTESIAN_POINT('',(0.605846862157,-1.82526362863E-04,
    0.593444406814));
#1621 = CARTESIAN_POINT('',(0.546800528466,-0.235179815107,
    0.563667423894));
#1622 = CARTESIAN_POINT('',(0.481917251489,-0.341802832451,
    0.551102793278));
#1623 = CARTESIAN_POINT('',(0.38908855069,-0.420189383056,0.535839521179
    ));
#1624 = ORIENTED_EDGE('',*,*,#1625,.T.);
#1625 = EDGE_CURVE('',#1611,#1599,#1626,.T.);
#1626 = B_SPLINE_CURVE_WITH_KNOTS('',3,(#1627,#1628,#1629,#1630),
  .UNSPECIFIED.,.F.,.F.,(4,4),(6.137484539459E-18,4.574893659594E-04),
  .PIECEWISE_BEZIER_KNOTS.);
#1627 = CARTESIAN_POINT('',(0.38908855069,-0.420189383056,0.535839521179
    ));
#1628 = CARTESIAN_POINT('',(0.501311136138,-0.316273089862,
    0.535839521179));
#1629 = CARTESIAN_POINT('',(0.56808261072,-0.169185312553,0.535839521179
    ));
#1630 = CARTESIAN_POINT('',(0.572436274724,-1.630120518595E-02,
    0.535839521179));
#1631 = CONICAL_SURFACE('',#1632,0.8508,0.349065850399);
#1632 = AXIS2_PLACEMENT_3D('',#1633,#1634,#1635);
#1633 = CARTESIAN_POINT('',(0.,-1.592040838892E-16,1.3));
#1634 = DIRECTION('',(-0.,-1.224646799147E-16,1.));
#1635 = DIRECTION('',(0.,1.,1.224646799147E-16));
#1636 = ADVANCED_FACE('',(#1637),#1671,.T.);
#1637 = FACE_BOUND('',#1638,.T.);
#1638 = EDGE_LOOP('',(#1639,#1640,#1653,#1654));
#1639 = ORIENTED_EDGE('',*,*,#1559,.F.);
#1640 = ORIENTED_EDGE('',*,*,#1641,.T.);
#1641 = EDGE_CURVE('',#1545,#1469,#1642,.T.);
#1642 = B_SPLINE_CURVE_WITH_KNOTS('',3,(#1643,#1644,#1645,#1646,#1647,
    #1648,#1649,#1650,#1651,#1652),.UNSPECIFIED.,.F.,.F.,(4,2,2,2,4),(
    2.912051221151E-03,3.446887280916E-03,3.981723340681E-03,
    4.516559400446E-03,5.051395460212E-03),.UNSPECIFIED.);
#1643 = CARTESIAN_POINT('',(-7.986157024961E-17,-0.652119209434,
    0.754129014241));
#1644 = CARTESIAN_POINT('',(0.177293726382,-0.656250109206,
    0.765478568087));
#1645 = CARTESIAN_POINT('',(0.35580497927,-0.585009237327,0.779453901576
    ));
#1646 = CARTESIAN_POINT('',(0.607300144205,-0.33461427322,0.804103578683
    ));
#1647 = CARTESIAN_POINT('',(0.679594006315,-0.157217411642,
    0.815283417308));
#1648 = CARTESIAN_POINT('',(0.67771319839,0.199436517017,0.840583496946)
  );
#1649 = CARTESIAN_POINT('',(0.602707950351,0.375014256363,0.851263534216
    ));
#1650 = CARTESIAN_POINT('',(0.352956183089,0.625597983781,0.875207263296
    ));
#1651 = CARTESIAN_POINT('',(0.177249999964,0.70093207402,0.88824125747)
  );
#1652 = CARTESIAN_POINT('',(0.,0.704753516047,0.898740583149));
#1653 = ORIENTED_EDGE('',*,*,#1528,.T.);
#1654 = ORIENTED_EDGE('',*,*,#1655,.T.);
#1655 = EDGE_CURVE('',#1520,#1560,#1656,.T.);
#1656 = B_SPLINE_CURVE_WITH_KNOTS('',3,(#1657,#1658,#1659,#1660,#1661,
    #1662,#1663,#1664,#1665,#1666,#1667,#1668,#1669,#1670),
  .UNSPECIFIED.,.F.,.F.,(4,2,2,2,2,2,4),(1.567415168783E-04,
    7.492476355641E-04,1.045500694907E-03,1.34175375425E-03,
    1.638006813593E-03,1.934259872936E-03,2.526765991622E-03),
  .UNSPECIFIED.);
#1657 = CARTESIAN_POINT('',(-2.383677307021E-14,0.795194683827,
    1.147225649414));
#1658 = CARTESIAN_POINT('',(0.196839614144,0.789432311949,1.131393662796
    ));
#1659 = CARTESIAN_POINT('',(0.391772552759,0.705330768065,1.111718598061
    ));
#1660 = CARTESIAN_POINT('',(0.600863840238,0.495102034214,1.084249789365
    ));
#1661 = CARTESIAN_POINT('',(0.657190509356,0.412021387958,1.076037287181
    ));
#1662 = CARTESIAN_POINT('',(0.734531779163,0.228965680232,1.058646290181
    ));
#1663 = CARTESIAN_POINT('',(0.754704844055,0.131243777562,1.049253339962
    ));
#1664 = CARTESIAN_POINT('',(0.755969351482,-6.797458532776E-02,
    1.029820867108));
#1665 = CARTESIAN_POINT('',(0.736896784051,-0.166270596102,
    1.020091551937));
#1666 = CARTESIAN_POINT('',(0.662206743613,-0.349526410183,
    1.001710033858));
#1667 = CARTESIAN_POINT('',(0.606444971897,-0.433999205102,0.99342909143
    ));
#1668 = CARTESIAN_POINT('',(0.396871683927,-0.642284697817,
    0.965058479301));
#1669 = CARTESIAN_POINT('',(0.197582665298,-0.720991134549,
    0.943353073328));
#1670 = CARTESIAN_POINT('',(8.083057930522E-14,-0.714554247631,
    0.925667871868));
#1671 = CONICAL_SURFACE('',#1672,0.8508,0.349065850399);
#1672 = AXIS2_PLACEMENT_3D('',#1673,#1674,#1675);
#1673 = CARTESIAN_POINT('',(0.,-1.592040838892E-16,1.3));
#1674 = DIRECTION('',(-0.,-1.224646799147E-16,1.));
#1675 = DIRECTION('',(0.,1.,1.224646799147E-16));
#1676 = ADVANCED_FACE('',(#1677),#1702,.T.);
#1677 = FACE_BOUND('',#1678,.T.);
#1678 = EDGE_LOOP('',(#1679,#1680,#1693,#1694,#1695));
#1679 = ORIENTED_EDGE('',*,*,#1487,.F.);
#1680 = ORIENTED_EDGE('',*,*,#1681,.T.);
#1681 = EDGE_CURVE('',#1471,#174,#1682,.T.);
#1682 = B_SPLINE_CURVE_WITH_KNOTS('',3,(#1683,#1684,#1685,#1686,#1687,
    #1688,#1689,#1690,#1691,#1692),.UNSPECIFIED.,.F.,.F.,(4,2,2,2,4),(
    7.35709723609E-03,7.85470891571E-03,8.35232059533E-03,
    8.84993227495E-03,9.34754395457E-03),.UNSPECIFIED.);
#1683 = CARTESIAN_POINT('',(2.261072052351E-14,-0.757387822661,
    1.043352152058));
#1684 = CARTESIAN_POINT('',(0.166177608957,-0.760721568377,
    1.052511543136));
#1685 = CARTESIAN_POINT('',(0.329849651021,-0.709616193576,
    1.063145688115));
#1686 = CARTESIAN_POINT('',(0.599736934909,-0.514072433865,
    1.083883059739));
#1687 = CARTESIAN_POINT('',(0.698881843009,-0.374403692653,
    1.092423876008));
#1688 = CARTESIAN_POINT('',(0.79784429697,-5.711324644889E-02,
    1.112184770736));
#1689 = CARTESIAN_POINT('',(0.795190733953,0.115059748868,1.122753295345
    ));
#1690 = CARTESIAN_POINT('',(0.688039169754,0.427857325888,1.141701128573
    ));
#1691 = CARTESIAN_POINT('',(0.584344445997,0.566132334687,1.150409861749
    ));
#1692 = CARTESIAN_POINT('',(0.448334730466,0.662567709338,1.160428147092
    ));
#1693 = ORIENTED_EDGE('',*,*,#173,.F.);
#1694 = ORIENTED_EDGE('',*,*,#1504,.T.);
#1695 = ORIENTED_EDGE('',*,*,#1696,.T.);
#1696 = EDGE_CURVE('',#1496,#1488,#1697,.T.);
#1697 = CIRCLE('',#1698,0.8508);
#1698 = AXIS2_PLACEMENT_3D('',#1699,#1700,#1701);
#1699 = CARTESIAN_POINT('',(0.,-1.592040838892E-16,1.3));
#1700 = DIRECTION('',(0.,1.224646799147E-16,-1.));
#1701 = DIRECTION('',(0.,1.,1.224646799147E-16));
#1702 = CONICAL_SURFACE('',#1703,0.8508,0.349065850399);
#1703 = AXIS2_PLACEMENT_3D('',#1704,#1705,#1706);
#1704 = CARTESIAN_POINT('',(0.,-1.592040838892E-16,1.3));
#1705 = DIRECTION('',(-0.,-1.224646799147E-16,1.));
#1706 = DIRECTION('',(0.,1.,1.224646799147E-16));
#1707 = ADVANCED_FACE('',(#1708),#1726,.T.);
#1708 = FACE_BOUND('',#1709,.T.);
#1709 = EDGE_LOOP('',(#1710,#1711,#1718,#1719));
#1710 = ORIENTED_EDGE('',*,*,#1440,.F.);
#1711 = ORIENTED_EDGE('',*,*,#1712,.T.);
#1712 = EDGE_CURVE('',#1407,#1416,#1713,.T.);
#1713 = CIRCLE('',#1714,1.5808);
#1714 = AXIS2_PLACEMENT_3D('',#1715,#1716,#1717);
#1715 = CARTESIAN_POINT('',(0.,1.12318184249E-15,1.619797283786));
#1716 = DIRECTION('',(0.,-1.224646799147E-16,1.));
#1717 = DIRECTION('',(0.,-1.,-1.224646799147E-16));
#1718 = ORIENTED_EDGE('',*,*,#1448,.T.);
#1719 = ORIENTED_EDGE('',*,*,#1720,.F.);
#1720 = EDGE_CURVE('',#1082,#1080,#1721,.T.);
#1721 = CIRCLE('',#1722,1.5808);
#1722 = AXIS2_PLACEMENT_3D('',#1723,#1724,#1725);
#1723 = CARTESIAN_POINT('',(0.,1.068047910953E-15,2.07));
#1724 = DIRECTION('',(0.,-1.224646799147E-16,1.));
#1725 = DIRECTION('',(0.,-1.,-1.224646799147E-16));
#1726 = SURFACE_OF_REVOLUTION('',#1727,#1733);
#1727 = B_SPLINE_CURVE_WITH_KNOTS('',4,(#1728,#1729,#1730,#1731,#1732),
  .UNSPECIFIED.,.F.,.F.,(5,5),(6.113007384316,6.453363230043),
  .PIECEWISE_BEZIER_KNOTS.);
#1728 = CARTESIAN_POINT('',(0.,-1.5808,1.619797283786));
#1729 = CARTESIAN_POINT('',(0.,-1.599953640778,1.731259350378));
#1730 = CARTESIAN_POINT('',(0.,-1.606461801438,1.844898641893));
#1731 = CARTESIAN_POINT('',(0.,-1.599953640778,1.958537933408));
#1732 = CARTESIAN_POINT('',(0.,-1.5808,2.07));
#1733 = AXIS1_PLACEMENT('',#1734,#1735);
#1734 = CARTESIAN_POINT('',(0.,1.084202172486E-15,1.844898641893));
#1735 = DIRECTION('',(-0.,-1.224646799147E-16,1.));
#1736 = ADVANCED_FACE('',(#1737),#1749,.T.);
#1737 = FACE_BOUND('',#1738,.T.);
#1738 = EDGE_LOOP('',(#1739,#1740,#1747,#1748));
#1739 = ORIENTED_EDGE('',*,*,#1406,.F.);
#1740 = ORIENTED_EDGE('',*,*,#1741,.T.);
#1741 = EDGE_CURVE('',#1398,#1396,#1742,.T.);
#1742 = CIRCLE('',#1743,1.201361459788);
#1743 = AXIS2_PLACEMENT_3D('',#1744,#1745,#1746);
#1744 = CARTESIAN_POINT('',(0.,1.162345714487E-15,1.3));
#1745 = DIRECTION('',(0.,-1.224646799147E-16,1.));
#1746 = DIRECTION('',(0.,-1.,-1.224646799147E-16));
#1747 = ORIENTED_EDGE('',*,*,#1424,.T.);
#1748 = ORIENTED_EDGE('',*,*,#1712,.F.);
#1749 = TOROIDAL_SURFACE('',#1750,1.201361459788,0.385);
#1750 = AXIS2_PLACEMENT_3D('',#1751,#1752,#1753);
#1751 = CARTESIAN_POINT('',(0.,1.301042606983E-15,1.685));
#1752 = DIRECTION('',(-0.,-1.224646799147E-16,1.));
#1753 = DIRECTION('',(0.,-1.,-1.224646799147E-16));
#1754 = ADVANCED_FACE('',(#1755),#1992,.T.);
#1755 = FACE_BOUND('',#1756,.T.);
#1756 = EDGE_LOOP('',(#1757,#1758,#1759,#1760,#1769,#1790,#1799,#1808,
    #1817,#1832,#1841,#1850,#1859,#1875,#1876,#1885,#1906,#1915,#1924,
    #1933,#1948,#1957,#1966,#1975,#1991));
#1757 = ORIENTED_EDGE('',*,*,#1130,.F.);
#1758 = ORIENTED_EDGE('',*,*,#1099,.T.);
#1759 = ORIENTED_EDGE('',*,*,#1380,.T.);
#1760 = ORIENTED_EDGE('',*,*,#1761,.T.);
#1761 = EDGE_CURVE('',#1372,#1762,#1764,.T.);
#1762 = VERTEX_POINT('',#1763);
#1763 = CARTESIAN_POINT('',(0.110175331856,0.840287319674,2.542817270876
    ));
#1764 = CIRCLE('',#1765,0.847479429458);
#1765 = AXIS2_PLACEMENT_3D('',#1766,#1767,#1768);
#1766 = CARTESIAN_POINT('',(0.,2.070106209875E-15,2.542817270876));
#1767 = DIRECTION('',(0.,-0.,-1.));
#1768 = DIRECTION('',(1.,1.59872115546E-14,-0.));
#1769 = ORIENTED_EDGE('',*,*,#1770,.T.);
#1770 = EDGE_CURVE('',#1762,#1771,#1773,.T.);
#1771 = VERTEX_POINT('',#1772);
#1772 = CARTESIAN_POINT('',(0.131120107037,0.817951179564,2.550054634586
    ));
#1773 = B_SPLINE_CURVE_WITH_KNOTS('',3,(#1774,#1775,#1776,#1777,#1778,
    #1779,#1780,#1781,#1782,#1783,#1784,#1785,#1786,#1787,#1788,#1789),
  .UNSPECIFIED.,.F.,.F.,(4,3,3,3,3,4),(4.065758146821E-20,
    7.831333227186E-06,1.564942199851E-05,2.366798176648E-05,
    3.194787184394E-05,3.403289870678E-05),.UNSPECIFIED.);
#1774 = CARTESIAN_POINT('',(0.110175331856,0.840287319674,2.542817270876
    ));
#1775 = CARTESIAN_POINT('',(0.112763622803,0.839947952642,2.542817270876
    ));
#1776 = CARTESIAN_POINT('',(0.115330816358,0.839174858672,2.542978763536
    ));
#1777 = CARTESIAN_POINT('',(0.11766431492,0.838045084144,2.543283417417)
  );
#1778 = CARTESIAN_POINT('',(0.119995483188,0.836916437839,2.543587767061
    ));
#1779 = CARTESIAN_POINT('',(0.122157433474,0.835402778752,2.5440426218)
  );
#1780 = CARTESIAN_POINT('',(0.123988594292,0.833634037674,2.54460761892)
  );
#1781 = CARTESIAN_POINT('',(0.125866498857,0.831820146228,2.54518703863)
  );
#1782 = CARTESIAN_POINT('',(0.127447043282,0.829690471531,2.545897401381
    ));
#1783 = CARTESIAN_POINT('',(0.128615901191,0.827416184122,2.546680882655
    ));
#1784 = CARTESIAN_POINT('',(0.129822148059,0.825069147718,2.547489425614
    ));
#1785 = CARTESIAN_POINT('',(0.130622581146,0.82250466783,2.548397686309)
  );
#1786 = CARTESIAN_POINT('',(0.130954620736,0.819929146367,2.549332454735
    ));
#1787 = CARTESIAN_POINT('',(0.131039323273,0.819272136762,2.549570912012
    ));
#1788 = CARTESIAN_POINT('',(0.131094612016,0.818611640267,2.549812065671
    ));
#1789 = CARTESIAN_POINT('',(0.131120107037,0.817951179564,2.550054634586
    ));
#1790 = ORIENTED_EDGE('',*,*,#1791,.T.);
#1791 = EDGE_CURVE('',#1771,#1792,#1794,.T.);
#1792 = VERTEX_POINT('',#1793);
#1793 = CARTESIAN_POINT('',(0.139551354824,0.552477762745,2.63027259884)
  );
#1794 = CIRCLE('',#1795,2.361104319026);
#1795 = AXIS2_PLACEMENT_3D('',#1796,#1797,#1798);
#1796 = CARTESIAN_POINT('',(-0.100399690428,2.710505431214E-15,
    0.347290903145));
#1797 = DIRECTION('',(0.994521895368,0.,-0.104528463268));
#1798 = DIRECTION('',(0.104528463268,-4.440892098501E-15,0.994521895368)
  );
#1799 = ORIENTED_EDGE('',*,*,#1800,.T.);
#1800 = EDGE_CURVE('',#1792,#1801,#1803,.T.);
#1801 = VERTEX_POINT('',#1802);
#1802 = CARTESIAN_POINT('',(0.152645801556,0.4935516361,2.64284148177));
#1803 = B_SPLINE_CURVE_WITH_KNOTS('',3,(#1804,#1805,#1806,#1807),
  .UNSPECIFIED.,.F.,.F.,(4,4),(0.,6.165816859745E-05),
  .PIECEWISE_BEZIER_KNOTS.);
#1804 = CARTESIAN_POINT('',(0.139551354824,0.552477762745,2.63027259884)
  );
#1805 = CARTESIAN_POINT('',(0.140063372003,0.532125005858,2.635144116887
    ));
#1806 = CARTESIAN_POINT('',(0.144407131071,0.512478773098,2.639336035165
    ));
#1807 = CARTESIAN_POINT('',(0.152645801556,0.4935516361,2.64284148177));
#1808 = ORIENTED_EDGE('',*,*,#1809,.T.);
#1809 = EDGE_CURVE('',#1801,#1810,#1812,.T.);
#1810 = VERTEX_POINT('',#1811);
#1811 = CARTESIAN_POINT('',(0.229983363184,0.313689106046,2.667770828539
    ));
#1812 = CIRCLE('',#1813,2.361658133986);
#1813 = AXIS2_PLACEMENT_3D('',#1814,#1815,#1816);
#1814 = CARTESIAN_POINT('',(7.997371055743E-02,3.312619554619E-02,
    0.327640340896));
#1815 = DIRECTION('',(0.918818423765,0.380587052482,-0.104528463268));
#1816 = DIRECTION('',(0.382683432365,-0.923879532511,-2.471634008572E-14
    ));
#1817 = ORIENTED_EDGE('',*,*,#1818,.T.);
#1818 = EDGE_CURVE('',#1810,#1819,#1821,.T.);
#1819 = VERTEX_POINT('',#1820);
#1820 = CARTESIAN_POINT('',(0.313689106046,0.229983363184,2.667770828539
    ));
#1821 = B_SPLINE_CURVE_WITH_KNOTS('',3,(#1822,#1823,#1824,#1825,#1826,
    #1827,#1828,#1829,#1830,#1831),.UNSPECIFIED.,.F.,.F.,(4,3,3,4),(0.,
    5.19364244771E-05,1.038756107989E-04,1.20757572624E-04),
  .UNSPECIFIED.);
#1822 = CARTESIAN_POINT('',(0.229983363184,0.313689106046,2.667770828539
    ));
#1823 = CARTESIAN_POINT('',(0.236727060487,0.297812444494,2.669242021151
    ));
#1824 = CARTESIAN_POINT('',(0.246272020723,0.28280988754,2.670120870875)
  );
#1825 = CARTESIAN_POINT('',(0.257834544227,0.269926833992,2.67033353154)
  );
#1826 = CARTESIAN_POINT('',(0.269397520811,0.257043275618,2.670546200539
    ));
#1827 = CARTESIAN_POINT('',(0.283296668402,0.245924923431,2.670098434213
    ));
#1828 = CARTESIAN_POINT('',(0.29837785964,0.237490148329,2.669027933483)
  );
#1829 = CARTESIAN_POINT('',(0.303342757447,0.234713325481,2.6686755126)
  );
#1830 = CARTESIAN_POINT('',(0.308462125651,0.232203551193,2.668255180675
    ));
#1831 = CARTESIAN_POINT('',(0.313689106046,0.229983363184,2.667770828539
    ));
#1832 = ORIENTED_EDGE('',*,*,#1833,.T.);
#1833 = EDGE_CURVE('',#1819,#1834,#1836,.T.);
#1834 = VERTEX_POINT('',#1835);
#1835 = CARTESIAN_POINT('',(0.4935516361,0.152645801556,2.64284148177));
#1836 = CIRCLE('',#1837,2.361658133986);
#1837 = AXIS2_PLACEMENT_3D('',#1838,#1839,#1840);
#1838 = CARTESIAN_POINT('',(3.312619554619E-02,7.997371055743E-02,
    0.327640340896));
#1839 = DIRECTION('',(0.380587052482,0.918818423765,-0.104528463268));
#1840 = DIRECTION('',(0.923879532511,-0.382683432365,2.561839629323E-14)
  );
#1841 = ORIENTED_EDGE('',*,*,#1842,.T.);
#1842 = EDGE_CURVE('',#1834,#1843,#1845,.T.);
#1843 = VERTEX_POINT('',#1844);
#1844 = CARTESIAN_POINT('',(0.552477762745,0.139551354824,2.63027259884)
  );
#1845 = B_SPLINE_CURVE_WITH_KNOTS('',3,(#1846,#1847,#1848,#1849),
  .UNSPECIFIED.,.F.,.F.,(4,4),(1.11757001917E-19,6.165816859745E-05),
  .PIECEWISE_BEZIER_KNOTS.);
#1846 = CARTESIAN_POINT('',(0.4935516361,0.152645801556,2.64284148177));
#1847 = CARTESIAN_POINT('',(0.512478773098,0.144407131071,2.639336035165
    ));
#1848 = CARTESIAN_POINT('',(0.532125005858,0.140063372003,2.635144116887
    ));
#1849 = CARTESIAN_POINT('',(0.552477762745,0.139551354824,2.63027259884)
  );
#1850 = ORIENTED_EDGE('',*,*,#1851,.T.);
#1851 = EDGE_CURVE('',#1843,#1852,#1854,.T.);
#1852 = VERTEX_POINT('',#1853);
#1853 = CARTESIAN_POINT('',(0.817951179564,0.131120107037,2.550054634586
    ));
#1854 = CIRCLE('',#1855,2.361104319026);
#1855 = AXIS2_PLACEMENT_3D('',#1856,#1857,#1858);
#1856 = CARTESIAN_POINT('',(-9.948428627387E-17,-0.100399690428,
    0.347290903145));
#1857 = DIRECTION('',(9.854542431665E-16,0.994521895368,-0.104528463268)
  );
#1858 = DIRECTION('',(1.232595164408E-32,-0.104528463268,-0.994521895368
    ));
#1859 = ORIENTED_EDGE('',*,*,#1860,.T.);
#1860 = EDGE_CURVE('',#1852,#1034,#1861,.T.);
#1861 = B_SPLINE_CURVE_WITH_KNOTS('',3,(#1862,#1863,#1864,#1865,#1866,
    #1867,#1868,#1869,#1870,#1871,#1872,#1873,#1874),.UNSPECIFIED.,.F.,
  .F.,(4,3,3,3,4),(5.528368034183E-19,8.401705101954E-06,
    1.68067453354E-05,2.514481716025E-05,3.407931161545E-05),
  .UNSPECIFIED.);
#1862 = CARTESIAN_POINT('',(0.817951179564,0.131120107037,2.550054634586
    ));
#1863 = CARTESIAN_POINT('',(0.82057832776,0.131018694195,2.54908975585)
  );
#1864 = CARTESIAN_POINT('',(0.823232618093,0.130433327036,2.548138050792
    ));
#1865 = CARTESIAN_POINT('',(0.82569493819,0.129413266977,2.547278027306)
  );
#1866 = CARTESIAN_POINT('',(0.828157722909,0.12839301444,2.54641784154)
  );
#1867 = CARTESIAN_POINT('',(0.830497600653,0.126908658855,2.545625255871
    ));
#1868 = CARTESIAN_POINT('',(0.832512566234,0.125076756606,2.544969366228
    ));
#1869 = CARTESIAN_POINT('',(0.834510743525,0.123260117399,2.544318941326
    ));
#1870 = CARTESIAN_POINT('',(0.836246042655,0.121048183412,2.54378461098)
  );
#1871 = CARTESIAN_POINT('',(0.837553657151,0.118624941844,2.543418567703
    ));
#1872 = CARTESIAN_POINT('',(0.838950378682,0.116036569138,2.543027580507
    ));
#1873 = CARTESIAN_POINT('',(0.839901592878,0.113117200332,2.542817270877
    ));
#1874 = CARTESIAN_POINT('',(0.840287319675,0.110175331856,2.542817270877
    ));
#1875 = ORIENTED_EDGE('',*,*,#1047,.T.);
#1876 = ORIENTED_EDGE('',*,*,#1877,.T.);
#1877 = EDGE_CURVE('',#1048,#1878,#1880,.T.);
#1878 = VERTEX_POINT('',#1879);
#1879 = CARTESIAN_POINT('',(0.840287319675,-0.110175331856,
    2.542817270877));
#1880 = CIRCLE('',#1881,0.847479429459);
#1881 = AXIS2_PLACEMENT_3D('',#1882,#1883,#1884);
#1882 = CARTESIAN_POINT('',(0.,2.710505431214E-15,2.542817270877));
#1883 = DIRECTION('',(-0.,0.,-1.));
#1884 = DIRECTION('',(-1.,0.,0.));
#1885 = ORIENTED_EDGE('',*,*,#1886,.T.);
#1886 = EDGE_CURVE('',#1878,#1887,#1889,.T.);
#1887 = VERTEX_POINT('',#1888);
#1888 = CARTESIAN_POINT('',(0.817951179564,-0.131120107037,
    2.550054634586));
#1889 = B_SPLINE_CURVE_WITH_KNOTS('',3,(#1890,#1891,#1892,#1893,#1894,
    #1895,#1896,#1897,#1898,#1899,#1900,#1901,#1902,#1903,#1904,#1905),
  .UNSPECIFIED.,.F.,.F.,(4,3,3,3,3,4),(1.355252715607E-20,
    7.831333227104E-06,1.564942199834E-05,2.366798176627E-05,
    3.19478718437E-05,3.403289870655E-05),.UNSPECIFIED.);
#1890 = CARTESIAN_POINT('',(0.840287319675,-0.110175331856,
    2.542817270877));
#1891 = CARTESIAN_POINT('',(0.839947952642,-0.112763622803,
    2.542817270877));
#1892 = CARTESIAN_POINT('',(0.839174858672,-0.115330816358,
    2.542978763536));
#1893 = CARTESIAN_POINT('',(0.838045084144,-0.11766431492,2.543283417417
    ));
#1894 = CARTESIAN_POINT('',(0.836916437839,-0.119995483188,
    2.543587767061));
#1895 = CARTESIAN_POINT('',(0.835402778752,-0.122157433474,2.5440426218)
  );
#1896 = CARTESIAN_POINT('',(0.833634037674,-0.123988594292,2.54460761892
    ));
#1897 = CARTESIAN_POINT('',(0.831820146228,-0.125866498857,2.54518703863
    ));
#1898 = CARTESIAN_POINT('',(0.829690471531,-0.127447043282,
    2.545897401381));
#1899 = CARTESIAN_POINT('',(0.827416184122,-0.128615901191,
    2.546680882655));
#1900 = CARTESIAN_POINT('',(0.825069147718,-0.129822148059,
    2.547489425614));
#1901 = CARTESIAN_POINT('',(0.82250466783,-0.130622581146,2.548397686309
    ));
#1902 = CARTESIAN_POINT('',(0.819929146367,-0.130954620736,
    2.549332454735));
#1903 = CARTESIAN_POINT('',(0.819272136762,-0.131039323273,
    2.549570912012));
#1904 = CARTESIAN_POINT('',(0.818611640267,-0.131094612016,
    2.549812065671));
#1905 = CARTESIAN_POINT('',(0.817951179564,-0.131120107037,
    2.550054634586));
#1906 = ORIENTED_EDGE('',*,*,#1907,.T.);
#1907 = EDGE_CURVE('',#1887,#1908,#1910,.T.);
#1908 = VERTEX_POINT('',#1909);
#1909 = CARTESIAN_POINT('',(0.552477762745,-0.139551354824,2.63027259884
    ));
#1910 = CIRCLE('',#1911,2.361104319026);
#1911 = AXIS2_PLACEMENT_3D('',#1912,#1913,#1914);
#1912 = CARTESIAN_POINT('',(3.518359458444E-16,0.100399690428,
    0.347290903145));
#1913 = DIRECTION('',(-3.485155683545E-15,-0.994521895368,
    -0.104528463268));
#1914 = DIRECTION('',(-9.769962616701E-15,-0.104528463268,0.994521895368
    ));
#1915 = ORIENTED_EDGE('',*,*,#1916,.T.);
#1916 = EDGE_CURVE('',#1908,#1917,#1919,.T.);
#1917 = VERTEX_POINT('',#1918);
#1918 = CARTESIAN_POINT('',(0.4935516361,-0.152645801556,2.64284148177)
  );
#1919 = B_SPLINE_CURVE_WITH_KNOTS('',3,(#1920,#1921,#1922,#1923),
  .UNSPECIFIED.,.F.,.F.,(4,4),(0.,6.165816859745E-05),
  .PIECEWISE_BEZIER_KNOTS.);
#1920 = CARTESIAN_POINT('',(0.552477762745,-0.139551354824,2.63027259884
    ));
#1921 = CARTESIAN_POINT('',(0.532125005858,-0.140063372003,
    2.635144116887));
#1922 = CARTESIAN_POINT('',(0.512478773098,-0.144407131071,
    2.639336035165));
#1923 = CARTESIAN_POINT('',(0.4935516361,-0.152645801556,2.64284148177)
  );
#1924 = ORIENTED_EDGE('',*,*,#1925,.T.);
#1925 = EDGE_CURVE('',#1917,#1926,#1928,.T.);
#1926 = VERTEX_POINT('',#1927);
#1927 = CARTESIAN_POINT('',(0.313689106046,-0.229983363184,
    2.667770828539));
#1928 = CIRCLE('',#1929,2.361658133986);
#1929 = AXIS2_PLACEMENT_3D('',#1930,#1931,#1932);
#1930 = CARTESIAN_POINT('',(3.312619554619E-02,-7.997371055743E-02,
    0.327640340896));
#1931 = DIRECTION('',(0.380587052482,-0.918818423765,-0.104528463268));
#1932 = DIRECTION('',(-0.923879532511,-0.382683432365,2.384897834773E-14
    ));
#1933 = ORIENTED_EDGE('',*,*,#1934,.T.);
#1934 = EDGE_CURVE('',#1926,#1935,#1937,.T.);
#1935 = VERTEX_POINT('',#1936);
#1936 = CARTESIAN_POINT('',(0.229983363184,-0.313689106046,
    2.667770828539));
#1937 = B_SPLINE_CURVE_WITH_KNOTS('',3,(#1938,#1939,#1940,#1941,#1942,
    #1943,#1944,#1945,#1946,#1947),.UNSPECIFIED.,.F.,.F.,(4,3,3,4),(
    6.060874397576E-20,5.19364244771E-05,1.038756107989E-04,
    1.20757572624E-04),.UNSPECIFIED.);
#1938 = CARTESIAN_POINT('',(0.313689106046,-0.229983363184,
    2.667770828539));
#1939 = CARTESIAN_POINT('',(0.297812444494,-0.236727060487,
    2.669242021151));
#1940 = CARTESIAN_POINT('',(0.28280988754,-0.246272020723,2.670120870875
    ));
#1941 = CARTESIAN_POINT('',(0.269926833992,-0.257834544227,2.67033353154
    ));
#1942 = CARTESIAN_POINT('',(0.257043275618,-0.269397520811,
    2.670546200539));
#1943 = CARTESIAN_POINT('',(0.245924923431,-0.283296668402,
    2.670098434213));
#1944 = CARTESIAN_POINT('',(0.237490148329,-0.29837785964,2.669027933483
    ));
#1945 = CARTESIAN_POINT('',(0.234713325481,-0.303342757447,2.6686755126)
  );
#1946 = CARTESIAN_POINT('',(0.232203551193,-0.308462125651,
    2.668255180675));
#1947 = CARTESIAN_POINT('',(0.229983363184,-0.313689106046,
    2.667770828539));
#1948 = ORIENTED_EDGE('',*,*,#1949,.T.);
#1949 = EDGE_CURVE('',#1935,#1950,#1952,.T.);
#1950 = VERTEX_POINT('',#1951);
#1951 = CARTESIAN_POINT('',(0.152645801556,-0.4935516361,2.64284148177)
  );
#1952 = CIRCLE('',#1953,2.361658133986);
#1953 = AXIS2_PLACEMENT_3D('',#1954,#1955,#1956);
#1954 = CARTESIAN_POINT('',(7.997371055743E-02,-3.312619554618E-02,
    0.327640340896));
#1955 = DIRECTION('',(0.918818423765,-0.380587052482,-0.104528463268));
#1956 = DIRECTION('',(-0.382683432365,-0.923879532511,
    -2.649963581902E-14));
#1957 = ORIENTED_EDGE('',*,*,#1958,.T.);
#1958 = EDGE_CURVE('',#1950,#1959,#1961,.T.);
#1959 = VERTEX_POINT('',#1960);
#1960 = CARTESIAN_POINT('',(0.139551354824,-0.552477762745,2.63027259884
    ));
#1961 = B_SPLINE_CURVE_WITH_KNOTS('',3,(#1962,#1963,#1964,#1965),
  .UNSPECIFIED.,.F.,.F.,(4,4),(0.,6.165816859745E-05),
  .PIECEWISE_BEZIER_KNOTS.);
#1962 = CARTESIAN_POINT('',(0.152645801556,-0.4935516361,2.64284148177)
  );
#1963 = CARTESIAN_POINT('',(0.144407131071,-0.512478773098,
    2.639336035165));
#1964 = CARTESIAN_POINT('',(0.140063372003,-0.532125005858,
    2.635144116887));
#1965 = CARTESIAN_POINT('',(0.139551354824,-0.552477762745,2.63027259884
    ));
#1966 = ORIENTED_EDGE('',*,*,#1967,.T.);
#1967 = EDGE_CURVE('',#1959,#1968,#1970,.T.);
#1968 = VERTEX_POINT('',#1969);
#1969 = CARTESIAN_POINT('',(0.131120107037,-0.817951179564,
    2.550054634586));
#1970 = CIRCLE('',#1971,2.361104319026);
#1971 = AXIS2_PLACEMENT_3D('',#1972,#1973,#1974);
#1972 = CARTESIAN_POINT('',(-0.100399690428,3.15924106275E-15,
    0.347290903145));
#1973 = DIRECTION('',(0.994521895368,-4.44500783712E-15,-0.104528463268)
  );
#1974 = DIRECTION('',(0.104528463268,0.,0.994521895368));
#1975 = ORIENTED_EDGE('',*,*,#1976,.T.);
#1976 = EDGE_CURVE('',#1968,#988,#1977,.T.);
#1977 = B_SPLINE_CURVE_WITH_KNOTS('',3,(#1978,#1979,#1980,#1981,#1982,
    #1983,#1984,#1985,#1986,#1987,#1988,#1989,#1990),.UNSPECIFIED.,.F.,
  .F.,(4,3,3,3,4),(5.528368034183E-19,8.401705101954E-06,
    1.68067453354E-05,2.514481716025E-05,3.407931161545E-05),
  .UNSPECIFIED.);
#1978 = CARTESIAN_POINT('',(0.131120107037,-0.817951179564,
    2.550054634586));
#1979 = CARTESIAN_POINT('',(0.131018694195,-0.82057832776,2.54908975585)
  );
#1980 = CARTESIAN_POINT('',(0.130433327036,-0.823232618093,
    2.548138050792));
#1981 = CARTESIAN_POINT('',(0.129413266977,-0.82569493819,2.547278027306
    ));
#1982 = CARTESIAN_POINT('',(0.12839301444,-0.828157722909,2.54641784154)
  );
#1983 = CARTESIAN_POINT('',(0.126908658855,-0.830497600653,
    2.545625255871));
#1984 = CARTESIAN_POINT('',(0.125076756606,-0.832512566234,
    2.544969366228));
#1985 = CARTESIAN_POINT('',(0.123260117399,-0.834510743525,
    2.544318941326));
#1986 = CARTESIAN_POINT('',(0.121048183412,-0.836246042655,2.54378461098
    ));
#1987 = CARTESIAN_POINT('',(0.118624941844,-0.837553657151,
    2.543418567703));
#1988 = CARTESIAN_POINT('',(0.116036569138,-0.838950378682,
    2.543027580507));
#1989 = CARTESIAN_POINT('',(0.113117200332,-0.839901592878,
    2.542817270877));
#1990 = CARTESIAN_POINT('',(0.110175331856,-0.840287319675,
    2.542817270877));
#1991 = ORIENTED_EDGE('',*,*,#1001,.T.);
#1992 = SPHERICAL_SURFACE('',#1993,2.363261529539);
#1993 = AXIS2_PLACEMENT_3D('',#1994,#1995,#1996);
#1994 = CARTESIAN_POINT('',(0.,2.710505431214E-15,0.336738470461));
#1995 = DIRECTION('',(-1.,0.,0.));
#1996 = DIRECTION('',(0.,1.,1.146934182838E-16));
#1997 = ADVANCED_FACE('',(#1998),#2004,.T.);
#1998 = FACE_BOUND('',#1999,.T.);
#1999 = EDGE_LOOP('',(#2000,#2001,#2002,#2003));
#2000 = ORIENTED_EDGE('',*,*,#1090,.F.);
#2001 = ORIENTED_EDGE('',*,*,#1720,.T.);
#2002 = ORIENTED_EDGE('',*,*,#1108,.T.);
#2003 = ORIENTED_EDGE('',*,*,#1123,.F.);
#2004 = TOROIDAL_SURFACE('',#2005,1.501955628008,8.E-02);
#2005 = AXIS2_PLACEMENT_3D('',#2006,#2007,#2008);
#2006 = CARTESIAN_POINT('',(0.,1.084202172486E-15,2.056451383644));
#2007 = DIRECTION('',(-0.,-1.224646799147E-16,1.));
#2008 = DIRECTION('',(0.,-1.,-1.224646799147E-16));
#2009 = ADVANCED_FACE('',(#2010),#2045,.F.);
#2010 = FACE_BOUND('',#2011,.F.);
#2011 = EDGE_LOOP('',(#2012,#2013,#2025,#2034,#2044));
#2012 = ORIENTED_EDGE('',*,*,#1761,.T.);
#2013 = ORIENTED_EDGE('',*,*,#2014,.F.);
#2014 = EDGE_CURVE('',#2015,#1762,#2017,.T.);
#2015 = VERTEX_POINT('',#2016);
#2016 = CARTESIAN_POINT('',(7.618862897539E-02,0.810766351259,2.2275));
#2017 = B_SPLINE_CURVE_WITH_KNOTS('',3,(#2018,#2019,#2020,#2021,#2022,
    #2023,#2024),.UNSPECIFIED.,.F.,.F.,(4,3,4),(0.,1.611221993239E-04,
    3.185147368442E-04),.UNSPECIFIED.);
#2018 = CARTESIAN_POINT('',(7.618862897539E-02,0.810766351259,2.2275));
#2019 = CARTESIAN_POINT('',(8.19243549564E-02,0.815839183206,
    2.280658749177));
#2020 = CARTESIAN_POINT('',(8.765748220483E-02,0.820862096258,
    2.333822563518));
#2021 = CARTESIAN_POINT('',(9.338815603186E-02,0.825837902602,
    2.386991027096));
#2022 = CARTESIAN_POINT('',(9.898617629948E-02,0.83069852905,
    2.438928747806));
#2023 = CARTESIAN_POINT('',(0.104581859551,0.835514205133,2.490870944749
    ));
#2024 = CARTESIAN_POINT('',(0.110175331856,0.840287319674,2.542817270876
    ));
#2025 = ORIENTED_EDGE('',*,*,#2026,.T.);
#2026 = EDGE_CURVE('',#2015,#2027,#2029,.T.);
#2027 = VERTEX_POINT('',#2028);
#2028 = CARTESIAN_POINT('',(-7.618862897538E-02,0.810766351259,2.2275));
#2029 = CIRCLE('',#2030,0.814338248837);
#2030 = AXIS2_PLACEMENT_3D('',#2031,#2032,#2033);
#2031 = CARTESIAN_POINT('',(0.,2.070106209875E-15,2.2275));
#2032 = DIRECTION('',(0.,0.,1.));
#2033 = DIRECTION('',(1.,0.,-0.));
#2034 = ORIENTED_EDGE('',*,*,#2035,.F.);
#2035 = EDGE_CURVE('',#1354,#2027,#2036,.T.);
#2036 = B_SPLINE_CURVE_WITH_KNOTS('',3,(#2037,#2038,#2039,#2040,#2041,
    #2042,#2043),.UNSPECIFIED.,.F.,.F.,(4,3,4),(0.,1.573925448566E-04,
    3.185147516906E-04),.UNSPECIFIED.);
#2037 = CARTESIAN_POINT('',(-0.110175331856,0.840287319674,
    2.542817270876));
#2038 = CARTESIAN_POINT('',(-0.104581859551,0.835514205133,
    2.490870944749));
#2039 = CARTESIAN_POINT('',(-9.898617629948E-02,0.83069852905,
    2.438928747806));
#2040 = CARTESIAN_POINT('',(-9.338815603185E-02,0.825837902602,
    2.386991027096));
#2041 = CARTESIAN_POINT('',(-8.765748220483E-02,0.820862096258,
    2.333822563518));
#2042 = CARTESIAN_POINT('',(-8.19243549564E-02,0.815839183206,
    2.280658749177));
#2043 = CARTESIAN_POINT('',(-7.618862897538E-02,0.810766351259,2.2275));
#2044 = ORIENTED_EDGE('',*,*,#1371,.T.);
#2045 = CONICAL_SURFACE('',#2046,0.864,0.10471975512);
#2046 = AXIS2_PLACEMENT_3D('',#2047,#2048,#2049);
#2047 = CARTESIAN_POINT('',(0.,2.070106209875E-15,2.7));
#2048 = DIRECTION('',(0.,0.,1.));
#2049 = DIRECTION('',(1.,0.,-0.));
#2050 = ADVANCED_FACE('',(#2051),#2080,.T.);
#2051 = FACE_BOUND('',#2052,.T.);
#2052 = EDGE_LOOP('',(#2053,#2054,#2066,#2074));
#2053 = ORIENTED_EDGE('',*,*,#1791,.F.);
#2054 = ORIENTED_EDGE('',*,*,#2055,.T.);
#2055 = EDGE_CURVE('',#1771,#2056,#2058,.T.);
#2056 = VERTEX_POINT('',#2057);
#2057 = CARTESIAN_POINT('',(9.721824883697E-02,0.787667906574,2.2275));
#2058 = B_SPLINE_CURVE_WITH_KNOTS('',3,(#2059,#2060,#2061,#2062,#2063,
    #2064,#2065),.UNSPECIFIED.,.F.,.F.,(4,3,4),(0.,1.646617703127E-04,
    3.257422094237E-04),.UNSPECIFIED.);
#2059 = CARTESIAN_POINT('',(0.131120107037,0.817951179564,2.550054634586
    ));
#2060 = CARTESIAN_POINT('',(0.125406767807,0.81294213999,2.495695842904)
  );
#2061 = CARTESIAN_POINT('',(0.119693863259,0.807887489367,2.441341186942
    ));
#2062 = CARTESIAN_POINT('',(0.113981431272,0.802784627295,2.386991027096
    ));
#2063 = CARTESIAN_POINT('',(0.108393242584,0.797792750601,2.333822963286
    ));
#2064 = CARTESIAN_POINT('',(0.102805501885,0.792754734249,2.280659161793
    ));
#2065 = CARTESIAN_POINT('',(9.721824883697E-02,0.787667906574,2.2275));
#2066 = ORIENTED_EDGE('',*,*,#2067,.F.);
#2067 = EDGE_CURVE('',#2068,#2056,#2070,.T.);
#2068 = VERTEX_POINT('',#2069);
#2069 = CARTESIAN_POINT('',(9.721824883697E-02,0.544057184415,2.2275));
#2070 = LINE('',#2071,#2072);
#2071 = CARTESIAN_POINT('',(9.721824883697E-02,2.070106209875E-15,2.2275
    ));
#2072 = VECTOR('',#2073,1.);
#2073 = DIRECTION('',(-0.,1.,-0.));
#2074 = ORIENTED_EDGE('',*,*,#2075,.T.);
#2075 = EDGE_CURVE('',#2068,#1792,#2076,.T.);
#2076 = LINE('',#2077,#2078);
#2077 = CARTESIAN_POINT('',(0.145676621011,0.553696153943,2.688550613725
    ));
#2078 = VECTOR('',#2079,1.);
#2079 = DIRECTION('',(0.104505876375,2.078751127482E-02,0.994306995439)
  );
#2080 = PLANE('',#2081);
#2081 = AXIS2_PLACEMENT_3D('',#2082,#2083,#2084);
#2082 = CARTESIAN_POINT('',(0.14688,0.,2.7));
#2083 = DIRECTION('',(-0.994521895368,0.,0.104528463268));
#2084 = DIRECTION('',(0.104528463268,0.,0.994521895368));
#2085 = ADVANCED_FACE('',(#2086),#2111,.T.);
#2086 = FACE_BOUND('',#2087,.T.);
#2087 = EDGE_LOOP('',(#2088,#2089,#2097,#2105));
#2088 = ORIENTED_EDGE('',*,*,#1809,.F.);
#2089 = ORIENTED_EDGE('',*,*,#2090,.T.);
#2090 = EDGE_CURVE('',#1801,#2091,#2093,.T.);
#2091 = VERTEX_POINT('',#2092);
#2092 = CARTESIAN_POINT('',(0.108991652741,0.484868286013,2.2275));
#2093 = LINE('',#2094,#2095);
#2094 = CARTESIAN_POINT('',(0.159514489749,0.494917903129,2.70819268456)
  );
#2095 = VECTOR('',#2096,1.);
#2096 = DIRECTION('',(-0.104505876375,-2.078751127482E-02,
    -0.994306995439));
#2097 = ORIENTED_EDGE('',*,*,#2098,.F.);
#2098 = EDGE_CURVE('',#2099,#2091,#2101,.T.);
#2099 = VERTEX_POINT('',#2100);
#2100 = CARTESIAN_POINT('',(0.194566525276,0.278272268138,2.2275));
#2101 = LINE('',#2102,#2103);
#2102 = CARTESIAN_POINT('',(0.264457021254,0.109541684868,2.2275));
#2103 = VECTOR('',#2104,1.);
#2104 = DIRECTION('',(-0.382683432365,0.923879532511,-0.));
#2105 = ORIENTED_EDGE('',*,*,#2106,.T.);
#2106 = EDGE_CURVE('',#2099,#1810,#2107,.T.);
#2107 = LINE('',#2108,#2109);
#2108 = CARTESIAN_POINT('',(0.231873429038,0.3155791719,2.691266456852)
  );
#2109 = VECTOR('',#2110,1.);
#2110 = DIRECTION('',(7.992773943613E-02,7.992773943613E-02,
    0.99359101895));
#2111 = PLANE('',#2112);
#2112 = AXIS2_PLACEMENT_3D('',#2113,#2114,#2115);
#2113 = CARTESIAN_POINT('',(0.310338496702,0.128546414261,2.7));
#2114 = DIRECTION('',(-0.918818423765,-0.380587052482,0.104528463268));
#2115 = DIRECTION('',(0.382683432365,-0.923879532511,6.938893903907E-18)
  );
#2116 = ADVANCED_FACE('',(#2117),#2142,.T.);
#2117 = FACE_BOUND('',#2118,.T.);
#2118 = EDGE_LOOP('',(#2119,#2120,#2128,#2136));
#2119 = ORIENTED_EDGE('',*,*,#1833,.F.);
#2120 = ORIENTED_EDGE('',*,*,#2121,.T.);
#2121 = EDGE_CURVE('',#1819,#2122,#2124,.T.);
#2122 = VERTEX_POINT('',#2123);
#2123 = CARTESIAN_POINT('',(0.278272268138,0.194566525276,2.2275));
#2124 = LINE('',#2125,#2126);
#2125 = CARTESIAN_POINT('',(0.3155791719,0.231873429038,2.691266456852)
  );
#2126 = VECTOR('',#2127,1.);
#2127 = DIRECTION('',(-7.992773943613E-02,-7.992773943613E-02,
    -0.99359101895));
#2128 = ORIENTED_EDGE('',*,*,#2129,.F.);
#2129 = EDGE_CURVE('',#2130,#2122,#2132,.T.);
#2130 = VERTEX_POINT('',#2131);
#2131 = CARTESIAN_POINT('',(0.484868286013,0.108991652741,2.2275));
#2132 = LINE('',#2133,#2134);
#2133 = CARTESIAN_POINT('',(0.109541684868,0.264457021254,2.2275));
#2134 = VECTOR('',#2135,1.);
#2135 = DIRECTION('',(-0.923879532511,0.382683432365,-0.));
#2136 = ORIENTED_EDGE('',*,*,#2137,.T.);
#2137 = EDGE_CURVE('',#2130,#1834,#2138,.T.);
#2138 = LINE('',#2139,#2140);
#2139 = CARTESIAN_POINT('',(0.494917903129,0.159514489749,2.70819268456)
  );
#2140 = VECTOR('',#2141,1.);
#2141 = DIRECTION('',(2.078751127481E-02,0.104505876375,0.994306995439)
  );
#2142 = PLANE('',#2143);
#2143 = AXIS2_PLACEMENT_3D('',#2144,#2145,#2146);
#2144 = CARTESIAN_POINT('',(0.128546414261,0.310338496702,2.7));
#2145 = DIRECTION('',(-0.380587052482,-0.918818423765,0.104528463268));
#2146 = DIRECTION('',(0.923879532511,-0.382683432365,0.));
#2147 = ADVANCED_FACE('',(#2148),#2177,.T.);
#2148 = FACE_BOUND('',#2149,.T.);
#2149 = EDGE_LOOP('',(#2150,#2160,#2170,#2171));
#2150 = ORIENTED_EDGE('',*,*,#2151,.F.);
#2151 = EDGE_CURVE('',#2152,#2154,#2156,.T.);
#2152 = VERTEX_POINT('',#2153);
#2153 = CARTESIAN_POINT('',(0.787667906574,9.721824883697E-02,2.2275));
#2154 = VERTEX_POINT('',#2155);
#2155 = CARTESIAN_POINT('',(0.544057184415,9.721824883697E-02,2.2275));
#2156 = LINE('',#2157,#2158);
#2157 = CARTESIAN_POINT('',(9.63318517931E-17,9.721824883697E-02,2.2275)
  );
#2158 = VECTOR('',#2159,1.);
#2159 = DIRECTION('',(-1.,9.908824006349E-16,-0.));
#2160 = ORIENTED_EDGE('',*,*,#2161,.T.);
#2161 = EDGE_CURVE('',#2152,#1852,#2162,.T.);
#2162 = B_SPLINE_CURVE_WITH_KNOTS('',3,(#2163,#2164,#2165,#2166,#2167,
    #2168,#2169),.UNSPECIFIED.,.F.,.F.,(4,3,4),(4.355825238257E-19,
    1.610804372195E-04,3.257422055985E-04),.UNSPECIFIED.);
#2163 = CARTESIAN_POINT('',(0.787667906574,9.721824883697E-02,2.2275));
#2164 = CARTESIAN_POINT('',(0.792754734249,0.102805501885,2.280659161793
    ));
#2165 = CARTESIAN_POINT('',(0.797792750601,0.108393242584,2.333822963286
    ));
#2166 = CARTESIAN_POINT('',(0.802784627295,0.113981431272,2.386991027096
    ));
#2167 = CARTESIAN_POINT('',(0.807887489367,0.119693863259,2.441341186942
    ));
#2168 = CARTESIAN_POINT('',(0.81294213999,0.125406767807,2.495695842903)
  );
#2169 = CARTESIAN_POINT('',(0.817951179564,0.131120107037,2.550054634586
    ));
#2170 = ORIENTED_EDGE('',*,*,#1851,.F.);
#2171 = ORIENTED_EDGE('',*,*,#2172,.T.);
#2172 = EDGE_CURVE('',#1843,#2154,#2173,.T.);
#2173 = LINE('',#2174,#2175);
#2174 = CARTESIAN_POINT('',(0.553696153943,0.145676621011,2.688550613725
    ));
#2175 = VECTOR('',#2176,1.);
#2176 = DIRECTION('',(-2.078751127481E-02,-0.104505876375,
    -0.994306995439));
#2177 = PLANE('',#2178);
#2178 = AXIS2_PLACEMENT_3D('',#2179,#2180,#2181);
#2179 = CARTESIAN_POINT('',(1.455408070053E-16,0.14688,2.7));
#2180 = DIRECTION('',(-9.854542431665E-16,-0.994521895368,0.104528463268
    ));
#2181 = DIRECTION('',(-2.465190328816E-32,-0.104528463268,
    -0.994521895368));
#2182 = ADVANCED_FACE('',(#2183),#2206,.F.);
#2183 = FACE_BOUND('',#2184,.F.);
#2184 = EDGE_LOOP('',(#2185,#2186,#2198,#2205));
#2185 = ORIENTED_EDGE('',*,*,#1877,.T.);
#2186 = ORIENTED_EDGE('',*,*,#2187,.F.);
#2187 = EDGE_CURVE('',#2188,#1878,#2190,.T.);
#2188 = VERTEX_POINT('',#2189);
#2189 = CARTESIAN_POINT('',(0.810766351259,-7.618862897541E-02,2.2275));
#2190 = B_SPLINE_CURVE_WITH_KNOTS('',3,(#2191,#2192,#2193,#2194,#2195,
    #2196,#2197),.UNSPECIFIED.,.F.,.F.,(4,3,4),(1.713065701069E-16,
    1.611221993237E-04,3.185147368449E-04),.UNSPECIFIED.);
#2191 = CARTESIAN_POINT('',(0.810766351259,-7.618862897541E-02,2.2275));
#2192 = CARTESIAN_POINT('',(0.815839183206,-8.192435495642E-02,
    2.280658749177));
#2193 = CARTESIAN_POINT('',(0.820862096258,-8.765748220484E-02,
    2.333822563518));
#2194 = CARTESIAN_POINT('',(0.825837902602,-9.338815603186E-02,
    2.386991027096));
#2195 = CARTESIAN_POINT('',(0.83069852905,-9.898617629951E-02,
    2.438928747806));
#2196 = CARTESIAN_POINT('',(0.835514205133,-0.104581859551,
    2.490870944749));
#2197 = CARTESIAN_POINT('',(0.840287319675,-0.110175331856,
    2.542817270877));
#2198 = ORIENTED_EDGE('',*,*,#2199,.T.);
#2199 = EDGE_CURVE('',#2188,#1057,#2200,.T.);
#2200 = CIRCLE('',#2201,0.814338248837);
#2201 = AXIS2_PLACEMENT_3D('',#2202,#2203,#2204);
#2202 = CARTESIAN_POINT('',(0.,2.070106209875E-15,2.2275));
#2203 = DIRECTION('',(0.,0.,1.));
#2204 = DIRECTION('',(1.,0.,-0.));
#2205 = ORIENTED_EDGE('',*,*,#1056,.T.);
#2206 = CONICAL_SURFACE('',#2207,0.864,0.10471975512);
#2207 = AXIS2_PLACEMENT_3D('',#2208,#2209,#2210);
#2208 = CARTESIAN_POINT('',(0.,2.070106209875E-15,2.7));
#2209 = DIRECTION('',(0.,0.,1.));
#2210 = DIRECTION('',(1.,0.,-0.));
#2211 = ADVANCED_FACE('',(#2212),#2598,.T.);
#2212 = FACE_BOUND('',#2213,.T.);
#2213 = EDGE_LOOP('',(#2214,#2215,#2236,#2244,#2253,#2261,#2270,#2278,
    #2287,#2295,#2316,#2325,#2346,#2354,#2363,#2371,#2380,#2388,#2397,
    #2405,#2426,#2433,#2434,#2455,#2463,#2472,#2480,#2489,#2497,#2506,
    #2514,#2533,#2534,#2535,#2554,#2555,#2562,#2563,#2570,#2571,#2578,
    #2579));
#2214 = ORIENTED_EDGE('',*,*,#2026,.T.);
#2215 = ORIENTED_EDGE('',*,*,#2216,.T.);
#2216 = EDGE_CURVE('',#2027,#2217,#2219,.T.);
#2217 = VERTEX_POINT('',#2218);
#2218 = CARTESIAN_POINT('',(-9.721824883696E-02,0.787667906574,2.2275));
#2219 = B_SPLINE_CURVE_WITH_KNOTS('',3,(#2220,#2221,#2222,#2223,#2224,
    #2225,#2226,#2227,#2228,#2229,#2230,#2231,#2232,#2233,#2234,#2235),
  .UNSPECIFIED.,.F.,.F.,(4,3,3,3,3,4),(1.355252715607E-20,
    7.806968780137E-06,1.561687155327E-05,2.338671868835E-05,
    3.11444978864E-05,3.409526620927E-05),.UNSPECIFIED.);
#2220 = CARTESIAN_POINT('',(-7.618862897538E-02,0.810766351259,2.2275));
#2221 = CARTESIAN_POINT('',(-7.877953744259E-02,0.810522880666,2.2275));
#2222 = CARTESIAN_POINT('',(-8.136460029037E-02,0.809831654876,2.2275));
#2223 = CARTESIAN_POINT('',(-8.372964764577E-02,0.808746005015,2.2275));
#2224 = CARTESIAN_POINT('',(-8.609524148223E-02,0.807660104297,2.2275));
#2225 = CARTESIAN_POINT('',(-8.830584985614E-02,0.806149270458,2.2275));
#2226 = CARTESIAN_POINT('',(-9.017550880009E-02,0.804338306625,2.2275));
#2227 = CARTESIAN_POINT('',(-9.203580638341E-02,0.802536410268,2.2275));
#2228 = CARTESIAN_POINT('',(-9.360992943788E-02,0.800387709582,2.2275));
#2229 = CARTESIAN_POINT('',(-9.476790196842E-02,0.798071109228,2.2275));
#2230 = CARTESIAN_POINT('',(-9.592423769053E-02,0.795757783418,2.2275));
#2231 = CARTESIAN_POINT('',(-9.669753511314E-02,0.793213830878,2.2275));
#2232 = CARTESIAN_POINT('',(-9.702745774781E-02,0.790648730556,2.2275));
#2233 = CARTESIAN_POINT('',(-9.715447061948E-02,0.78966122402,2.2275));
#2234 = CARTESIAN_POINT('',(-9.721824883696E-02,0.788663547788,2.2275));
#2235 = CARTESIAN_POINT('',(-9.721824883696E-02,0.787667906574,2.2275));
#2236 = ORIENTED_EDGE('',*,*,#2237,.T.);
#2237 = EDGE_CURVE('',#2217,#2238,#2240,.T.);
#2238 = VERTEX_POINT('',#2239);
#2239 = CARTESIAN_POINT('',(-9.721824883696E-02,0.544057184415,2.2275));
#2240 = LINE('',#2241,#2242);
#2241 = CARTESIAN_POINT('',(-9.721824883697E-02,3.185996516681E-15,
    2.2275));
#2242 = VECTOR('',#2243,1.);
#2243 = DIRECTION('',(-1.147819797369E-14,-1.,0.));
#2244 = ORIENTED_EDGE('',*,*,#2245,.T.);
#2245 = EDGE_CURVE('',#2238,#2246,#2248,.T.);
#2246 = VERTEX_POINT('',#2247);
#2247 = CARTESIAN_POINT('',(-0.108991652741,0.484868286013,2.2275));
#2248 = ( BOUNDED_CURVE() B_SPLINE_CURVE(3,(#2249,#2250,#2251,#2252),
.UNSPECIFIED.,.F.,.F.) B_SPLINE_CURVE_WITH_KNOTS((4,4),(2.946332657652,
3.336852649528),.PIECEWISE_BEZIER_KNOTS.) CURVE() 
GEOMETRIC_REPRESENTATION_ITEM() RATIONAL_B_SPLINE_CURVE((1.,
0.987331505253,0.987331505253,1.)) REPRESENTATION_ITEM('') );
#2249 = CARTESIAN_POINT('',(-9.721824883696E-02,0.544057184415,2.2275));
#2250 = CARTESIAN_POINT('',(-9.721824883697E-02,0.523678510419,2.2275));
#2251 = CARTESIAN_POINT('',(-0.101193071829,0.503695725817,2.2275));
#2252 = CARTESIAN_POINT('',(-0.108991652741,0.484868286013,2.2275));
#2253 = ORIENTED_EDGE('',*,*,#2254,.T.);
#2254 = EDGE_CURVE('',#2246,#2255,#2257,.T.);
#2255 = VERTEX_POINT('',#2256);
#2256 = CARTESIAN_POINT('',(-0.194566525276,0.278272268138,2.2275));
#2257 = LINE('',#2258,#2259);
#2258 = CARTESIAN_POINT('',(-0.264457021254,0.109541684868,2.2275));
#2259 = VECTOR('',#2260,1.);
#2260 = DIRECTION('',(-0.382683432365,-0.923879532511,0.));
#2261 = ORIENTED_EDGE('',*,*,#2262,.T.);
#2262 = EDGE_CURVE('',#2255,#2263,#2265,.T.);
#2263 = VERTEX_POINT('',#2264);
#2264 = CARTESIAN_POINT('',(-0.278272268138,0.194566525276,2.2275));
#2265 = ( BOUNDED_CURVE() B_SPLINE_CURVE(3,(#2266,#2267,#2268,#2269),
.UNSPECIFIED.,.F.,.F.) B_SPLINE_CURVE_WITH_KNOTS((4,4),(2.75116161371,
3.532023693469),.PIECEWISE_BEZIER_KNOTS.) CURVE() 
GEOMETRIC_REPRESENTATION_ITEM() RATIONAL_B_SPLINE_CURVE((1.,
0.949830065048,0.949830065048,1.)) REPRESENTATION_ITEM('') );
#2266 = CARTESIAN_POINT('',(-0.194566525276,0.278272268138,2.2275));
#2267 = CARTESIAN_POINT('',(-0.210479429108,0.239855119891,2.2275));
#2268 = CARTESIAN_POINT('',(-0.239855119891,0.210479429108,2.2275));
#2269 = CARTESIAN_POINT('',(-0.278272268138,0.194566525276,2.2275));
#2270 = ORIENTED_EDGE('',*,*,#2271,.T.);
#2271 = EDGE_CURVE('',#2263,#2272,#2274,.T.);
#2272 = VERTEX_POINT('',#2273);
#2273 = CARTESIAN_POINT('',(-0.484868286013,0.108991652741,2.2275));
#2274 = LINE('',#2275,#2276);
#2275 = CARTESIAN_POINT('',(-0.109541684868,0.264457021254,2.2275));
#2276 = VECTOR('',#2277,1.);
#2277 = DIRECTION('',(-0.923879532511,-0.382683432365,0.));
#2278 = ORIENTED_EDGE('',*,*,#2279,.T.);
#2279 = EDGE_CURVE('',#2272,#2280,#2282,.T.);
#2280 = VERTEX_POINT('',#2281);
#2281 = CARTESIAN_POINT('',(-0.544057184415,9.721824883697E-02,2.2275));
#2282 = ( BOUNDED_CURVE() B_SPLINE_CURVE(3,(#2283,#2284,#2285,#2286),
.UNSPECIFIED.,.F.,.F.) B_SPLINE_CURVE_WITH_KNOTS((4,4),(2.946332657652,
3.336852649528),.PIECEWISE_BEZIER_KNOTS.) CURVE() 
GEOMETRIC_REPRESENTATION_ITEM() RATIONAL_B_SPLINE_CURVE((1.,
0.987331505253,0.987331505253,1.)) REPRESENTATION_ITEM('') );
#2283 = CARTESIAN_POINT('',(-0.484868286013,0.108991652741,2.2275));
#2284 = CARTESIAN_POINT('',(-0.503695725817,0.101193071829,2.2275));
#2285 = CARTESIAN_POINT('',(-0.523678510419,9.721824883697E-02,2.2275));
#2286 = CARTESIAN_POINT('',(-0.544057184415,9.721824883697E-02,2.2275));
#2287 = ORIENTED_EDGE('',*,*,#2288,.T.);
#2288 = EDGE_CURVE('',#2280,#2289,#2291,.T.);
#2289 = VERTEX_POINT('',#2290);
#2290 = CARTESIAN_POINT('',(-0.787667906574,9.721824883698E-02,2.2275));
#2291 = LINE('',#2292,#2293);
#2292 = CARTESIAN_POINT('',(1.019558455013E-15,9.721824883697E-02,2.2275
    ));
#2293 = VECTOR('',#2294,1.);
#2294 = DIRECTION('',(-1.,1.048731557306E-14,-0.));
#2295 = ORIENTED_EDGE('',*,*,#2296,.T.);
#2296 = EDGE_CURVE('',#2289,#2297,#2299,.T.);
#2297 = VERTEX_POINT('',#2298);
#2298 = CARTESIAN_POINT('',(-0.810766351259,7.618862897541E-02,2.2275));
#2299 = B_SPLINE_CURVE_WITH_KNOTS('',3,(#2300,#2301,#2302,#2303,#2304,
    #2305,#2306,#2307,#2308,#2309,#2310,#2311,#2312,#2313,#2314,#2315),
  .UNSPECIFIED.,.F.,.F.,(4,3,3,3,3,4),(0.,7.806967098926E-06,
    1.561686886532E-05,2.33867077457E-05,3.114449109452E-05,
    3.409526632454E-05),.UNSPECIFIED.);
#2300 = CARTESIAN_POINT('',(-0.787667906574,9.721824883698E-02,2.2275));
#2301 = CARTESIAN_POINT('',(-0.79027022894,9.721824883698E-02,2.2275));
#2302 = CARTESIAN_POINT('',(-0.792908622915,9.677191179578E-02,2.2275));
#2303 = CARTESIAN_POINT('',(-0.795364868446,9.591229584082E-02,2.2275));
#2304 = CARTESIAN_POINT('',(-0.797821681677,9.50524812068E-02,2.2275));
#2305 = CARTESIAN_POINT('',(-0.80016394549,9.375509655026E-02,2.2275));
#2306 = CARTESIAN_POINT('',(-0.802194835008,9.212699943306E-02,2.2275));
#2307 = CARTESIAN_POINT('',(-0.804215554119,9.050705559621E-02,2.2275));
#2308 = CARTESIAN_POINT('',(-0.805983800914,8.851505523648E-02,2.2275));
#2309 = CARTESIAN_POINT('',(-0.807353432507,8.631695763647E-02,2.2275));
#2310 = CARTESIAN_POINT('',(-0.808721130238,8.412196365799E-02,2.2275));
#2311 = CARTESIAN_POINT('',(-0.809729047307,8.166151777779E-02,2.2275));
#2312 = CARTESIAN_POINT('',(-0.810297512419,7.91385348083E-02,2.2275));
#2313 = CARTESIAN_POINT('',(-0.810516359228,7.816724077186E-02,2.2275));
#2314 = CARTESIAN_POINT('',(-0.810673199899,7.717990535229E-02,2.2275));
#2315 = CARTESIAN_POINT('',(-0.810766351259,7.618862897541E-02,2.2275));
#2316 = ORIENTED_EDGE('',*,*,#2317,.T.);
#2317 = EDGE_CURVE('',#2297,#2318,#2320,.T.);
#2318 = VERTEX_POINT('',#2319);
#2319 = CARTESIAN_POINT('',(-0.810766351259,-7.618862897539E-02,2.2275)
  );
#2320 = CIRCLE('',#2321,0.814338248837);
#2321 = AXIS2_PLACEMENT_3D('',#2322,#2323,#2324);
#2322 = CARTESIAN_POINT('',(-5.128183830078E-17,-2.731415481414E-15,
    2.2275));
#2323 = DIRECTION('',(0.,0.,1.));
#2324 = DIRECTION('',(1.,0.,-0.));
#2325 = ORIENTED_EDGE('',*,*,#2326,.T.);
#2326 = EDGE_CURVE('',#2318,#2327,#2329,.T.);
#2327 = VERTEX_POINT('',#2328);
#2328 = CARTESIAN_POINT('',(-0.787667906574,-9.721824883697E-02,2.2275)
  );
#2329 = B_SPLINE_CURVE_WITH_KNOTS('',3,(#2330,#2331,#2332,#2333,#2334,
    #2335,#2336,#2337,#2338,#2339,#2340,#2341,#2342,#2343,#2344,#2345),
  .UNSPECIFIED.,.F.,.F.,(4,3,3,3,3,4),(4.065758146821E-20,
    7.806968780137E-06,1.561687155327E-05,2.338671868835E-05,
    3.11444978864E-05,3.409526620927E-05),.UNSPECIFIED.);
#2330 = CARTESIAN_POINT('',(-0.810766351259,-7.618862897539E-02,2.2275)
  );
#2331 = CARTESIAN_POINT('',(-0.810522880666,-7.87795374426E-02,2.2275));
#2332 = CARTESIAN_POINT('',(-0.809831654876,-8.136460029038E-02,2.2275)
  );
#2333 = CARTESIAN_POINT('',(-0.808746005015,-8.372964764578E-02,2.2275)
  );
#2334 = CARTESIAN_POINT('',(-0.807660104297,-8.609524148224E-02,2.2275)
  );
#2335 = CARTESIAN_POINT('',(-0.806149270458,-8.830584985615E-02,2.2275)
  );
#2336 = CARTESIAN_POINT('',(-0.804338306625,-9.01755088001E-02,2.2275));
#2337 = CARTESIAN_POINT('',(-0.802536410268,-9.203580638342E-02,2.2275)
  );
#2338 = CARTESIAN_POINT('',(-0.800387709582,-9.360992943789E-02,2.2275)
  );
#2339 = CARTESIAN_POINT('',(-0.798071109228,-9.476790196843E-02,2.2275)
  );
#2340 = CARTESIAN_POINT('',(-0.795757783418,-9.592423769054E-02,2.2275)
  );
#2341 = CARTESIAN_POINT('',(-0.793213830878,-9.669753511315E-02,2.2275)
  );
#2342 = CARTESIAN_POINT('',(-0.790648730556,-9.702745774782E-02,2.2275)
  );
#2343 = CARTESIAN_POINT('',(-0.78966122402,-9.715447061949E-02,2.2275));
#2344 = CARTESIAN_POINT('',(-0.788663547788,-9.721824883697E-02,2.2275)
  );
#2345 = CARTESIAN_POINT('',(-0.787667906574,-9.721824883697E-02,2.2275)
  );
#2346 = ORIENTED_EDGE('',*,*,#2347,.T.);
#2347 = EDGE_CURVE('',#2327,#2348,#2350,.T.);
#2348 = VERTEX_POINT('',#2349);
#2349 = CARTESIAN_POINT('',(-0.544057184415,-9.721824883697E-02,2.2275)
  );
#2350 = LINE('',#2351,#2352);
#2351 = CARTESIAN_POINT('',(-9.633185179311E-17,-9.721824883697E-02,
    2.2275));
#2352 = VECTOR('',#2353,1.);
#2353 = DIRECTION('',(1.,-9.908824006349E-16,-0.));
#2354 = ORIENTED_EDGE('',*,*,#2355,.T.);
#2355 = EDGE_CURVE('',#2348,#2356,#2358,.T.);
#2356 = VERTEX_POINT('',#2357);
#2357 = CARTESIAN_POINT('',(-0.484868286013,-0.108991652741,2.2275));
#2358 = ( BOUNDED_CURVE() B_SPLINE_CURVE(3,(#2359,#2360,#2361,#2362),
.UNSPECIFIED.,.F.,.F.) B_SPLINE_CURVE_WITH_KNOTS((4,4),(2.946332657652,
3.336852649528),.PIECEWISE_BEZIER_KNOTS.) CURVE() 
GEOMETRIC_REPRESENTATION_ITEM() RATIONAL_B_SPLINE_CURVE((1.,
0.987331505253,0.987331505253,1.)) REPRESENTATION_ITEM('') );
#2359 = CARTESIAN_POINT('',(-0.544057184415,-9.721824883697E-02,2.2275)
  );
#2360 = CARTESIAN_POINT('',(-0.523678510419,-9.721824883697E-02,2.2275)
  );
#2361 = CARTESIAN_POINT('',(-0.503695725817,-0.101193071829,2.2275));
#2362 = CARTESIAN_POINT('',(-0.484868286013,-0.108991652741,2.2275));
#2363 = ORIENTED_EDGE('',*,*,#2364,.T.);
#2364 = EDGE_CURVE('',#2356,#2365,#2367,.T.);
#2365 = VERTEX_POINT('',#2366);
#2366 = CARTESIAN_POINT('',(-0.278272268138,-0.194566525276,2.2275));
#2367 = LINE('',#2368,#2369);
#2368 = CARTESIAN_POINT('',(-0.109541684868,-0.264457021254,2.2275));
#2369 = VECTOR('',#2370,1.);
#2370 = DIRECTION('',(0.923879532511,-0.382683432365,-0.));
#2371 = ORIENTED_EDGE('',*,*,#2372,.T.);
#2372 = EDGE_CURVE('',#2365,#2373,#2375,.T.);
#2373 = VERTEX_POINT('',#2374);
#2374 = CARTESIAN_POINT('',(-0.194566525276,-0.278272268138,2.2275));
#2375 = ( BOUNDED_CURVE() B_SPLINE_CURVE(3,(#2376,#2377,#2378,#2379),
.UNSPECIFIED.,.F.,.F.) B_SPLINE_CURVE_WITH_KNOTS((4,4),(2.75116161371,
3.532023693469),.PIECEWISE_BEZIER_KNOTS.) CURVE() 
GEOMETRIC_REPRESENTATION_ITEM() RATIONAL_B_SPLINE_CURVE((1.,
0.949830065048,0.949830065048,1.)) REPRESENTATION_ITEM('') );
#2376 = CARTESIAN_POINT('',(-0.278272268138,-0.194566525276,2.2275));
#2377 = CARTESIAN_POINT('',(-0.239855119891,-0.210479429108,2.2275));
#2378 = CARTESIAN_POINT('',(-0.210479429108,-0.239855119891,2.2275));
#2379 = CARTESIAN_POINT('',(-0.194566525276,-0.278272268138,2.2275));
#2380 = ORIENTED_EDGE('',*,*,#2381,.T.);
#2381 = EDGE_CURVE('',#2373,#2382,#2384,.T.);
#2382 = VERTEX_POINT('',#2383);
#2383 = CARTESIAN_POINT('',(-0.108991652741,-0.484868286013,2.2275));
#2384 = LINE('',#2385,#2386);
#2385 = CARTESIAN_POINT('',(-0.264457021254,-0.109541684868,2.2275));
#2386 = VECTOR('',#2387,1.);
#2387 = DIRECTION('',(0.382683432365,-0.923879532511,-0.));
#2388 = ORIENTED_EDGE('',*,*,#2389,.T.);
#2389 = EDGE_CURVE('',#2382,#2390,#2392,.T.);
#2390 = VERTEX_POINT('',#2391);
#2391 = CARTESIAN_POINT('',(-9.721824883697E-02,-0.544057184415,2.2275)
  );
#2392 = ( BOUNDED_CURVE() B_SPLINE_CURVE(3,(#2393,#2394,#2395,#2396),
.UNSPECIFIED.,.F.,.F.) B_SPLINE_CURVE_WITH_KNOTS((4,4),(2.946332657652,
3.336852649528),.PIECEWISE_BEZIER_KNOTS.) CURVE() 
GEOMETRIC_REPRESENTATION_ITEM() RATIONAL_B_SPLINE_CURVE((1.,
0.987331505253,0.987331505253,1.)) REPRESENTATION_ITEM('') );
#2393 = CARTESIAN_POINT('',(-0.108991652741,-0.484868286013,2.2275));
#2394 = CARTESIAN_POINT('',(-0.101193071829,-0.503695725817,2.2275));
#2395 = CARTESIAN_POINT('',(-9.721824883697E-02,-0.523678510419,2.2275)
  );
#2396 = CARTESIAN_POINT('',(-9.721824883697E-02,-0.544057184415,2.2275)
  );
#2397 = ORIENTED_EDGE('',*,*,#2398,.T.);
#2398 = EDGE_CURVE('',#2390,#2399,#2401,.T.);
#2399 = VERTEX_POINT('',#2400);
#2400 = CARTESIAN_POINT('',(-9.721824883697E-02,-0.787667906574,2.2275)
  );
#2401 = LINE('',#2402,#2403);
#2402 = CARTESIAN_POINT('',(-9.721824883697E-02,2.072608910246E-15,
    2.2275));
#2403 = VECTOR('',#2404,1.);
#2404 = DIRECTION('',(-2.574311305899E-17,-1.,0.));
#2405 = ORIENTED_EDGE('',*,*,#2406,.T.);
#2406 = EDGE_CURVE('',#2399,#2407,#2409,.T.);
#2407 = VERTEX_POINT('',#2408);
#2408 = CARTESIAN_POINT('',(-7.61886289754E-02,-0.810766351259,2.2275));
#2409 = B_SPLINE_CURVE_WITH_KNOTS('',3,(#2410,#2411,#2412,#2413,#2414,
    #2415,#2416,#2417,#2418,#2419,#2420,#2421,#2422,#2423,#2424,#2425),
  .UNSPECIFIED.,.F.,.F.,(4,3,3,3,3,4),(0.,7.806967098926E-06,
    1.561686886532E-05,2.33867077457E-05,3.114449109452E-05,
    3.409526632454E-05),.UNSPECIFIED.);
#2410 = CARTESIAN_POINT('',(-9.721824883697E-02,-0.787667906574,2.2275)
  );
#2411 = CARTESIAN_POINT('',(-9.721824883697E-02,-0.79027022894,2.2275));
#2412 = CARTESIAN_POINT('',(-9.677191179578E-02,-0.792908622915,2.2275)
  );
#2413 = CARTESIAN_POINT('',(-9.591229584081E-02,-0.795364868446,2.2275)
  );
#2414 = CARTESIAN_POINT('',(-9.505248120679E-02,-0.797821681677,2.2275)
  );
#2415 = CARTESIAN_POINT('',(-9.375509655025E-02,-0.80016394549,2.2275));
#2416 = CARTESIAN_POINT('',(-9.212699943305E-02,-0.802194835008,2.2275)
  );
#2417 = CARTESIAN_POINT('',(-9.05070555962E-02,-0.804215554119,2.2275));
#2418 = CARTESIAN_POINT('',(-8.851505523647E-02,-0.805983800914,2.2275)
  );
#2419 = CARTESIAN_POINT('',(-8.631695763646E-02,-0.807353432507,2.2275)
  );
#2420 = CARTESIAN_POINT('',(-8.412196365798E-02,-0.808721130238,2.2275)
  );
#2421 = CARTESIAN_POINT('',(-8.166151777779E-02,-0.809729047307,2.2275)
  );
#2422 = CARTESIAN_POINT('',(-7.913853480829E-02,-0.810297512419,2.2275)
  );
#2423 = CARTESIAN_POINT('',(-7.816724077186E-02,-0.810516359228,2.2275)
  );
#2424 = CARTESIAN_POINT('',(-7.717990535228E-02,-0.810673199899,2.2275)
  );
#2425 = CARTESIAN_POINT('',(-7.61886289754E-02,-0.810766351259,2.2275));
#2426 = ORIENTED_EDGE('',*,*,#2427,.T.);
#2427 = EDGE_CURVE('',#2407,#1011,#2428,.T.);
#2428 = CIRCLE('',#2429,0.814338248837);
#2429 = AXIS2_PLACEMENT_3D('',#2430,#2431,#2432);
#2430 = CARTESIAN_POINT('',(2.305995324733E-15,-3.463821399281E-16,
    2.2275));
#2431 = DIRECTION('',(0.,0.,1.));
#2432 = DIRECTION('',(1.,0.,-0.));
#2433 = ORIENTED_EDGE('',*,*,#1018,.T.);
#2434 = ORIENTED_EDGE('',*,*,#2435,.T.);
#2435 = EDGE_CURVE('',#990,#2436,#2438,.T.);
#2436 = VERTEX_POINT('',#2437);
#2437 = CARTESIAN_POINT('',(9.721824883697E-02,-0.787667906574,2.2275));
#2438 = B_SPLINE_CURVE_WITH_KNOTS('',3,(#2439,#2440,#2441,#2442,#2443,
    #2444,#2445,#2446,#2447,#2448,#2449,#2450,#2451,#2452,#2453,#2454),
  .UNSPECIFIED.,.F.,.F.,(4,3,3,3,3,4),(1.355252715607E-20,
    7.806968780137E-06,1.561687155327E-05,2.338671868835E-05,
    3.11444978864E-05,3.409526620927E-05),.UNSPECIFIED.);
#2439 = CARTESIAN_POINT('',(7.618862897539E-02,-0.810766351259,2.2275));
#2440 = CARTESIAN_POINT('',(7.87795374426E-02,-0.810522880666,2.2275));
#2441 = CARTESIAN_POINT('',(8.136460029037E-02,-0.809831654876,2.2275));
#2442 = CARTESIAN_POINT('',(8.372964764578E-02,-0.808746005015,2.2275));
#2443 = CARTESIAN_POINT('',(8.609524148223E-02,-0.807660104297,2.2275));
#2444 = CARTESIAN_POINT('',(8.830584985614E-02,-0.806149270458,2.2275));
#2445 = CARTESIAN_POINT('',(9.017550880009E-02,-0.804338306625,2.2275));
#2446 = CARTESIAN_POINT('',(9.203580638342E-02,-0.802536410268,2.2275));
#2447 = CARTESIAN_POINT('',(9.360992943789E-02,-0.800387709582,2.2275));
#2448 = CARTESIAN_POINT('',(9.476790196842E-02,-0.798071109228,2.2275));
#2449 = CARTESIAN_POINT('',(9.592423769054E-02,-0.795757783418,2.2275));
#2450 = CARTESIAN_POINT('',(9.669753511315E-02,-0.793213830878,2.2275));
#2451 = CARTESIAN_POINT('',(9.702745774782E-02,-0.790648730556,2.2275));
#2452 = CARTESIAN_POINT('',(9.715447061948E-02,-0.78966122402,2.2275));
#2453 = CARTESIAN_POINT('',(9.721824883697E-02,-0.788663547788,2.2275));
#2454 = CARTESIAN_POINT('',(9.721824883697E-02,-0.787667906574,2.2275));
#2455 = ORIENTED_EDGE('',*,*,#2456,.T.);
#2456 = EDGE_CURVE('',#2436,#2457,#2459,.T.);
#2457 = VERTEX_POINT('',#2458);
#2458 = CARTESIAN_POINT('',(9.721824883697E-02,-0.544057184415,2.2275));
#2459 = LINE('',#2460,#2461);
#2460 = CARTESIAN_POINT('',(9.721824883697E-02,1.635590006658E-15,2.2275
    ));
#2461 = VECTOR('',#2462,1.);
#2462 = DIRECTION('',(4.469492182949E-15,1.,-0.));
#2463 = ORIENTED_EDGE('',*,*,#2464,.T.);
#2464 = EDGE_CURVE('',#2457,#2465,#2467,.T.);
#2465 = VERTEX_POINT('',#2466);
#2466 = CARTESIAN_POINT('',(0.108991652741,-0.484868286013,2.2275));
#2467 = ( BOUNDED_CURVE() B_SPLINE_CURVE(3,(#2468,#2469,#2470,#2471),
.UNSPECIFIED.,.F.,.F.) B_SPLINE_CURVE_WITH_KNOTS((4,4),(2.946332657652,
3.336852649528),.PIECEWISE_BEZIER_KNOTS.) CURVE() 
GEOMETRIC_REPRESENTATION_ITEM() RATIONAL_B_SPLINE_CURVE((1.,
0.987331505253,0.987331505253,1.)) REPRESENTATION_ITEM('') );
#2468 = CARTESIAN_POINT('',(9.721824883697E-02,-0.544057184415,2.2275));
#2469 = CARTESIAN_POINT('',(9.721824883697E-02,-0.523678510419,2.2275));
#2470 = CARTESIAN_POINT('',(0.101193071829,-0.503695725817,2.2275));
#2471 = CARTESIAN_POINT('',(0.108991652741,-0.484868286013,2.2275));
#2472 = ORIENTED_EDGE('',*,*,#2473,.T.);
#2473 = EDGE_CURVE('',#2465,#2474,#2476,.T.);
#2474 = VERTEX_POINT('',#2475);
#2475 = CARTESIAN_POINT('',(0.194566525276,-0.278272268138,2.2275));
#2476 = LINE('',#2477,#2478);
#2477 = CARTESIAN_POINT('',(0.264457021254,-0.109541684868,2.2275));
#2478 = VECTOR('',#2479,1.);
#2479 = DIRECTION('',(0.382683432365,0.923879532511,-0.));
#2480 = ORIENTED_EDGE('',*,*,#2481,.T.);
#2481 = EDGE_CURVE('',#2474,#2482,#2484,.T.);
#2482 = VERTEX_POINT('',#2483);
#2483 = CARTESIAN_POINT('',(0.278272268138,-0.194566525276,2.2275));
#2484 = ( BOUNDED_CURVE() B_SPLINE_CURVE(3,(#2485,#2486,#2487,#2488),
.UNSPECIFIED.,.F.,.F.) B_SPLINE_CURVE_WITH_KNOTS((4,4),(2.75116161371,
3.532023693469),.PIECEWISE_BEZIER_KNOTS.) CURVE() 
GEOMETRIC_REPRESENTATION_ITEM() RATIONAL_B_SPLINE_CURVE((1.,
0.949830065048,0.949830065048,1.)) REPRESENTATION_ITEM('') );
#2485 = CARTESIAN_POINT('',(0.194566525276,-0.278272268138,2.2275));
#2486 = CARTESIAN_POINT('',(0.210479429108,-0.239855119891,2.2275));
#2487 = CARTESIAN_POINT('',(0.239855119891,-0.210479429108,2.2275));
#2488 = CARTESIAN_POINT('',(0.278272268138,-0.194566525276,2.2275));
#2489 = ORIENTED_EDGE('',*,*,#2490,.T.);
#2490 = EDGE_CURVE('',#2482,#2491,#2493,.T.);
#2491 = VERTEX_POINT('',#2492);
#2492 = CARTESIAN_POINT('',(0.484868286013,-0.108991652741,2.2275));
#2493 = LINE('',#2494,#2495);
#2494 = CARTESIAN_POINT('',(0.109541684868,-0.264457021254,2.2275));
#2495 = VECTOR('',#2496,1.);
#2496 = DIRECTION('',(0.923879532511,0.382683432365,-0.));
#2497 = ORIENTED_EDGE('',*,*,#2498,.T.);
#2498 = EDGE_CURVE('',#2491,#2499,#2501,.T.);
#2499 = VERTEX_POINT('',#2500);
#2500 = CARTESIAN_POINT('',(0.544057184415,-9.721824883697E-02,2.2275));
#2501 = ( BOUNDED_CURVE() B_SPLINE_CURVE(3,(#2502,#2503,#2504,#2505),
.UNSPECIFIED.,.F.,.F.) B_SPLINE_CURVE_WITH_KNOTS((4,4),(2.946332657652,
3.336852649528),.PIECEWISE_BEZIER_KNOTS.) CURVE() 
GEOMETRIC_REPRESENTATION_ITEM() RATIONAL_B_SPLINE_CURVE((1.,
0.987331505253,0.987331505253,1.)) REPRESENTATION_ITEM('') );
#2502 = CARTESIAN_POINT('',(0.484868286013,-0.108991652741,2.2275));
#2503 = CARTESIAN_POINT('',(0.503695725817,-0.101193071829,2.2275));
#2504 = CARTESIAN_POINT('',(0.523678510419,-9.721824883697E-02,2.2275));
#2505 = CARTESIAN_POINT('',(0.544057184415,-9.721824883697E-02,2.2275));
#2506 = ORIENTED_EDGE('',*,*,#2507,.T.);
#2507 = EDGE_CURVE('',#2499,#2508,#2510,.T.);
#2508 = VERTEX_POINT('',#2509);
#2509 = CARTESIAN_POINT('',(0.787667906574,-9.721824883697E-02,2.2275));
#2510 = LINE('',#2511,#2512);
#2511 = CARTESIAN_POINT('',(-3.406870517949E-16,-9.721824883697E-02,
    2.2275));
#2512 = VECTOR('',#2513,1.);
#2513 = DIRECTION('',(1.,-3.504352895373E-15,-0.));
#2514 = ORIENTED_EDGE('',*,*,#2515,.T.);
#2515 = EDGE_CURVE('',#2508,#2188,#2516,.T.);
#2516 = B_SPLINE_CURVE_WITH_KNOTS('',3,(#2517,#2518,#2519,#2520,#2521,
    #2522,#2523,#2524,#2525,#2526,#2527,#2528,#2529,#2530,#2531,#2532),
  .UNSPECIFIED.,.F.,.F.,(4,3,3,3,3,4),(0.,7.806967098926E-06,
    1.561686886532E-05,2.33867077457E-05,3.114449109452E-05,
    3.409526632454E-05),.UNSPECIFIED.);
#2517 = CARTESIAN_POINT('',(0.787667906574,-9.721824883697E-02,2.2275));
#2518 = CARTESIAN_POINT('',(0.79027022894,-9.721824883697E-02,2.2275));
#2519 = CARTESIAN_POINT('',(0.792908622915,-9.677191179578E-02,2.2275));
#2520 = CARTESIAN_POINT('',(0.795364868446,-9.591229584081E-02,2.2275));
#2521 = CARTESIAN_POINT('',(0.797821681677,-9.505248120679E-02,2.2275));
#2522 = CARTESIAN_POINT('',(0.80016394549,-9.375509655025E-02,2.2275));
#2523 = CARTESIAN_POINT('',(0.802194835008,-9.212699943305E-02,2.2275));
#2524 = CARTESIAN_POINT('',(0.804215554119,-9.050705559621E-02,2.2275));
#2525 = CARTESIAN_POINT('',(0.805983800914,-8.851505523647E-02,2.2275));
#2526 = CARTESIAN_POINT('',(0.807353432507,-8.631695763646E-02,2.2275));
#2527 = CARTESIAN_POINT('',(0.808721130238,-8.412196365799E-02,2.2275));
#2528 = CARTESIAN_POINT('',(0.809729047307,-8.166151777779E-02,2.2275));
#2529 = CARTESIAN_POINT('',(0.810297512419,-7.91385348083E-02,2.2275));
#2530 = CARTESIAN_POINT('',(0.810516359228,-7.816724077186E-02,2.2275));
#2531 = CARTESIAN_POINT('',(0.810673199899,-7.717990535228E-02,2.2275));
#2532 = CARTESIAN_POINT('',(0.810766351259,-7.618862897541E-02,2.2275));
#2533 = ORIENTED_EDGE('',*,*,#2199,.T.);
#2534 = ORIENTED_EDGE('',*,*,#1064,.T.);
#2535 = ORIENTED_EDGE('',*,*,#2536,.T.);
#2536 = EDGE_CURVE('',#1036,#2152,#2537,.T.);
#2537 = B_SPLINE_CURVE_WITH_KNOTS('',3,(#2538,#2539,#2540,#2541,#2542,
    #2543,#2544,#2545,#2546,#2547,#2548,#2549,#2550,#2551,#2552,#2553),
  .UNSPECIFIED.,.F.,.F.,(4,3,3,3,3,4),(0.,7.806968780137E-06,
    1.561687155327E-05,2.338671868835E-05,3.11444978864E-05,
    3.409526620927E-05),.UNSPECIFIED.);
#2538 = CARTESIAN_POINT('',(0.810766351259,7.618862897539E-02,2.2275));
#2539 = CARTESIAN_POINT('',(0.810522880666,7.87795374426E-02,2.2275));
#2540 = CARTESIAN_POINT('',(0.809831654876,8.136460029038E-02,2.2275));
#2541 = CARTESIAN_POINT('',(0.808746005015,8.372964764578E-02,2.2275));
#2542 = CARTESIAN_POINT('',(0.807660104297,8.609524148224E-02,2.2275));
#2543 = CARTESIAN_POINT('',(0.806149270458,8.830584985615E-02,2.2275));
#2544 = CARTESIAN_POINT('',(0.804338306625,9.017550880009E-02,2.2275));
#2545 = CARTESIAN_POINT('',(0.802536410268,9.203580638342E-02,2.2275));
#2546 = CARTESIAN_POINT('',(0.800387709582,9.360992943789E-02,2.2275));
#2547 = CARTESIAN_POINT('',(0.798071109228,9.476790196843E-02,2.2275));
#2548 = CARTESIAN_POINT('',(0.795757783418,9.592423769054E-02,2.2275));
#2549 = CARTESIAN_POINT('',(0.793213830878,9.669753511315E-02,2.2275));
#2550 = CARTESIAN_POINT('',(0.790648730556,9.702745774782E-02,2.2275));
#2551 = CARTESIAN_POINT('',(0.78966122402,9.715447061949E-02,2.2275));
#2552 = CARTESIAN_POINT('',(0.788663547788,9.721824883697E-02,2.2275));
#2553 = CARTESIAN_POINT('',(0.787667906574,9.721824883697E-02,2.2275));
#2554 = ORIENTED_EDGE('',*,*,#2151,.T.);
#2555 = ORIENTED_EDGE('',*,*,#2556,.T.);
#2556 = EDGE_CURVE('',#2154,#2130,#2557,.T.);
#2557 = ( BOUNDED_CURVE() B_SPLINE_CURVE(3,(#2558,#2559,#2560,#2561),
.UNSPECIFIED.,.F.,.F.) B_SPLINE_CURVE_WITH_KNOTS((4,4),(2.946332657652,
3.336852649528),.PIECEWISE_BEZIER_KNOTS.) CURVE() 
GEOMETRIC_REPRESENTATION_ITEM() RATIONAL_B_SPLINE_CURVE((1.,
0.987331505253,0.987331505253,1.)) REPRESENTATION_ITEM('') );
#2558 = CARTESIAN_POINT('',(0.544057184415,9.721824883697E-02,2.2275));
#2559 = CARTESIAN_POINT('',(0.523678510419,9.721824883697E-02,2.2275));
#2560 = CARTESIAN_POINT('',(0.503695725817,0.101193071829,2.2275));
#2561 = CARTESIAN_POINT('',(0.484868286013,0.108991652741,2.2275));
#2562 = ORIENTED_EDGE('',*,*,#2129,.T.);
#2563 = ORIENTED_EDGE('',*,*,#2564,.T.);
#2564 = EDGE_CURVE('',#2122,#2099,#2565,.T.);
#2565 = ( BOUNDED_CURVE() B_SPLINE_CURVE(3,(#2566,#2567,#2568,#2569),
.UNSPECIFIED.,.F.,.F.) B_SPLINE_CURVE_WITH_KNOTS((4,4),(2.75116161371,
3.532023693469),.PIECEWISE_BEZIER_KNOTS.) CURVE() 
GEOMETRIC_REPRESENTATION_ITEM() RATIONAL_B_SPLINE_CURVE((1.,
0.949830065048,0.949830065048,1.)) REPRESENTATION_ITEM('') );
#2566 = CARTESIAN_POINT('',(0.278272268138,0.194566525276,2.2275));
#2567 = CARTESIAN_POINT('',(0.239855119891,0.210479429108,2.2275));
#2568 = CARTESIAN_POINT('',(0.210479429108,0.239855119891,2.2275));
#2569 = CARTESIAN_POINT('',(0.194566525276,0.278272268138,2.2275));
#2570 = ORIENTED_EDGE('',*,*,#2098,.T.);
#2571 = ORIENTED_EDGE('',*,*,#2572,.T.);
#2572 = EDGE_CURVE('',#2091,#2068,#2573,.T.);
#2573 = ( BOUNDED_CURVE() B_SPLINE_CURVE(3,(#2574,#2575,#2576,#2577),
.UNSPECIFIED.,.F.,.F.) B_SPLINE_CURVE_WITH_KNOTS((4,4),(2.946332657652,
3.336852649528),.PIECEWISE_BEZIER_KNOTS.) CURVE() 
GEOMETRIC_REPRESENTATION_ITEM() RATIONAL_B_SPLINE_CURVE((1.,
0.987331505253,0.987331505253,1.)) REPRESENTATION_ITEM('') );
#2574 = CARTESIAN_POINT('',(0.108991652741,0.484868286013,2.2275));
#2575 = CARTESIAN_POINT('',(0.101193071829,0.503695725817,2.2275));
#2576 = CARTESIAN_POINT('',(9.721824883697E-02,0.523678510419,2.2275));
#2577 = CARTESIAN_POINT('',(9.721824883697E-02,0.544057184415,2.2275));
#2578 = ORIENTED_EDGE('',*,*,#2067,.T.);
#2579 = ORIENTED_EDGE('',*,*,#2580,.T.);
#2580 = EDGE_CURVE('',#2056,#2015,#2581,.T.);
#2581 = B_SPLINE_CURVE_WITH_KNOTS('',3,(#2582,#2583,#2584,#2585,#2586,
    #2587,#2588,#2589,#2590,#2591,#2592,#2593,#2594,#2595,#2596,#2597),
  .UNSPECIFIED.,.F.,.F.,(4,3,3,3,3,4),(0.,7.806967098926E-06,
    1.561686886532E-05,2.33867077457E-05,3.114449109452E-05,
    3.409526632455E-05),.UNSPECIFIED.);
#2582 = CARTESIAN_POINT('',(9.721824883697E-02,0.787667906574,2.2275));
#2583 = CARTESIAN_POINT('',(9.721824883697E-02,0.79027022894,2.2275));
#2584 = CARTESIAN_POINT('',(9.677191179578E-02,0.792908622915,2.2275));
#2585 = CARTESIAN_POINT('',(9.591229584081E-02,0.795364868446,2.2275));
#2586 = CARTESIAN_POINT('',(9.505248120679E-02,0.797821681677,2.2275));
#2587 = CARTESIAN_POINT('',(9.375509655025E-02,0.80016394549,2.2275));
#2588 = CARTESIAN_POINT('',(9.212699943305E-02,0.802194835008,2.2275));
#2589 = CARTESIAN_POINT('',(9.05070555962E-02,0.804215554119,2.2275));
#2590 = CARTESIAN_POINT('',(8.851505523647E-02,0.805983800914,2.2275));
#2591 = CARTESIAN_POINT('',(8.631695763646E-02,0.807353432507,2.2275));
#2592 = CARTESIAN_POINT('',(8.412196365798E-02,0.808721130238,2.2275));
#2593 = CARTESIAN_POINT('',(8.166151777779E-02,0.809729047307,2.2275));
#2594 = CARTESIAN_POINT('',(7.913853480829E-02,0.810297512419,2.2275));
#2595 = CARTESIAN_POINT('',(7.816724077185E-02,0.810516359228,2.2275));
#2596 = CARTESIAN_POINT('',(7.717990535227E-02,0.810673199899,2.2275));
#2597 = CARTESIAN_POINT('',(7.618862897539E-02,0.810766351259,2.2275));
#2598 = PLANE('',#2599);
#2599 = AXIS2_PLACEMENT_3D('',#2600,#2601,#2602);
#2600 = CARTESIAN_POINT('',(0.,2.070106209875E-15,2.2275));
#2601 = DIRECTION('',(0.,0.,1.));
#2602 = DIRECTION('',(1.,0.,-0.));
#2603 = ADVANCED_FACE('',(#2604),#2610,.T.);
#2604 = FACE_BOUND('',#2605,.T.);
#2605 = EDGE_LOOP('',(#2606,#2607,#2608,#2609));
#2606 = ORIENTED_EDGE('',*,*,#2572,.F.);
#2607 = ORIENTED_EDGE('',*,*,#2090,.F.);
#2608 = ORIENTED_EDGE('',*,*,#1800,.F.);
#2609 = ORIENTED_EDGE('',*,*,#2075,.F.);
#2610 = CYLINDRICAL_SURFACE('',#2611,0.15552);
#2611 = AXIS2_PLACEMENT_3D('',#2612,#2613,#2614);
#2612 = CARTESIAN_POINT('',(0.300344666179,0.553696153943,2.672294347117
    ));
#2613 = DIRECTION('',(0.104505876375,2.078751127482E-02,0.994306995439)
  );
#2614 = DIRECTION('',(0.994521895368,6.938893903907E-18,-0.104528463268)
  );
#2615 = ADVANCED_FACE('',(#2616),#2622,.T.);
#2616 = FACE_BOUND('',#2617,.T.);
#2617 = EDGE_LOOP('',(#2618,#2619,#2620,#2621));
#2618 = ORIENTED_EDGE('',*,*,#2564,.F.);
#2619 = ORIENTED_EDGE('',*,*,#2121,.F.);
#2620 = ORIENTED_EDGE('',*,*,#1818,.F.);
#2621 = ORIENTED_EDGE('',*,*,#2106,.F.);
#2622 = CYLINDRICAL_SURFACE('',#2623,0.15552);
#2623 = AXIS2_PLACEMENT_3D('',#2624,#2625,#2626);
#2624 = CARTESIAN_POINT('',(0.374768070302,0.374768070302,2.675010190245
    ));
#2625 = DIRECTION('',(7.992773943613E-02,7.992773943613E-02,
    0.99359101895));
#2626 = DIRECTION('',(3.382710778155E-17,-0.996780056911,
    8.018427617042E-02));
#2627 = ADVANCED_FACE('',(#2628),#2634,.T.);
#2628 = FACE_BOUND('',#2629,.T.);
#2629 = EDGE_LOOP('',(#2630,#2631,#2632,#2633));
#2630 = ORIENTED_EDGE('',*,*,#2556,.F.);
#2631 = ORIENTED_EDGE('',*,*,#2172,.F.);
#2632 = ORIENTED_EDGE('',*,*,#1842,.F.);
#2633 = ORIENTED_EDGE('',*,*,#2137,.F.);
#2634 = CYLINDRICAL_SURFACE('',#2635,0.15552);
#2635 = AXIS2_PLACEMENT_3D('',#2636,#2637,#2638);
#2636 = CARTESIAN_POINT('',(0.554106801531,0.302409131013,2.691936417953
    ));
#2637 = DIRECTION('',(2.078751127481E-02,0.104505876375,0.994306995439)
  );
#2638 = DIRECTION('',(-7.806255641896E-18,-0.994521895368,0.104528463268
    ));
#2639 = ADVANCED_FACE('',(#2640),#2646,.F.);
#2640 = FACE_BOUND('',#2641,.F.);
#2641 = EDGE_LOOP('',(#2642,#2643,#2644,#2645));
#2642 = ORIENTED_EDGE('',*,*,#2161,.T.);
#2643 = ORIENTED_EDGE('',*,*,#1860,.T.);
#2644 = ORIENTED_EDGE('',*,*,#1033,.T.);
#2645 = ORIENTED_EDGE('',*,*,#2536,.T.);
#2646 = ( BOUNDED_SURFACE() B_SPLINE_SURFACE(3,2,(
    (#2647,#2648,#2649)
    ,(#2650,#2651,#2652)
    ,(#2653,#2654,#2655)
    ,(#2656,#2657,#2658
)),.UNSPECIFIED.,.F.,.F.,.F.) B_SPLINE_SURFACE_WITH_KNOTS((4,4),(3,3),(
    5.099406730759E-04,8.395908415373E-04),(0.,1.),
.PIECEWISE_BEZIER_KNOTS.) GEOMETRIC_REPRESENTATION_ITEM() 
RATIONAL_B_SPLINE_SURFACE((
    (1.,0.755153826017,1.)
    ,(1.,0.751209926977,1.)
    ,(1.,0.747072391898,1.)
,(1.,0.742708681931,1.))) REPRESENTATION_ITEM('') SURFACE() );
#2647 = CARTESIAN_POINT('',(0.841129739195,0.111163033603,2.551990268796
    ));
#2648 = CARTESIAN_POINT('',(0.838296048144,0.131130411406,2.550152674115
    ));
#2649 = CARTESIAN_POINT('',(0.818129524431,0.13132355039,2.551990268796)
  );
#2650 = CARTESIAN_POINT('',(0.831140818552,9.944556985773E-02,
    2.443164635091));
#2651 = CARTESIAN_POINT('',(0.828461855819,0.119627606832,2.440710799154
    ));
#2652 = CARTESIAN_POINT('',(0.808103674918,0.119885515473,2.443164635954
    ));
#2653 = CARTESIAN_POINT('',(0.820965753166,8.771818880319E-02,
    2.334354606466));
#2654 = CARTESIAN_POINT('',(0.818501717639,0.108179433033,2.331788701287
    ));
#2655 = CARTESIAN_POINT('',(0.797895305326,0.108449120651,2.334354607581
    ));
#2656 = CARTESIAN_POINT('',(0.810581676146,7.597984517635E-02,
    2.225565003149));
#2657 = CARTESIAN_POINT('',(0.808420246066,9.680654563853E-02,
    2.223582905723));
#2658 = CARTESIAN_POINT('',(0.787482723957,9.701487247272E-02,
    2.225565003149));
#2659 = ADVANCED_FACE('',(#2660),#2666,.F.);
#2660 = FACE_BOUND('',#2661,.F.);
#2661 = EDGE_LOOP('',(#2662,#2663,#2664,#2665));
#2662 = ORIENTED_EDGE('',*,*,#2014,.T.);
#2663 = ORIENTED_EDGE('',*,*,#1770,.T.);
#2664 = ORIENTED_EDGE('',*,*,#2055,.T.);
#2665 = ORIENTED_EDGE('',*,*,#2580,.T.);
#2666 = ( BOUNDED_SURFACE() B_SPLINE_SURFACE(3,2,(
    (#2667,#2668,#2669)
    ,(#2670,#2671,#2672)
    ,(#2673,#2674,#2675)
    ,(#2676,#2677,#2678
)),.UNSPECIFIED.,.F.,.F.,.F.) B_SPLINE_SURFACE_WITH_KNOTS((4,4),(3,3),(
    5.099406730759E-04,8.395908415372E-04),(0.,1.),
.PIECEWISE_BEZIER_KNOTS.) GEOMETRIC_REPRESENTATION_ITEM() 
RATIONAL_B_SPLINE_SURFACE((
    (1.,0.755153826017,1.)
    ,(1.,0.751209926977,1.)
    ,(1.,0.747072391898,1.)
,(1.,0.742708681931,1.))) REPRESENTATION_ITEM('') SURFACE() );
#2667 = CARTESIAN_POINT('',(0.13132355039,0.818129524431,2.551990268796)
  );
#2668 = CARTESIAN_POINT('',(0.131130411406,0.838296048144,2.550152674115
    ));
#2669 = CARTESIAN_POINT('',(0.111163033603,0.841129739195,2.551990268796
    ));
#2670 = CARTESIAN_POINT('',(0.119885515473,0.808103674918,2.443164635954
    ));
#2671 = CARTESIAN_POINT('',(0.119627606832,0.82846185582,2.440710799154)
  );
#2672 = CARTESIAN_POINT('',(9.944556985773E-02,0.831140818552,
    2.443164635091));
#2673 = CARTESIAN_POINT('',(0.108449120651,0.797895305326,2.334354607581
    ));
#2674 = CARTESIAN_POINT('',(0.108179433033,0.818501717639,2.331788701287
    ));
#2675 = CARTESIAN_POINT('',(8.771818880319E-02,0.820965753166,
    2.334354606466));
#2676 = CARTESIAN_POINT('',(9.701487247272E-02,0.787482723957,
    2.225565003149));
#2677 = CARTESIAN_POINT('',(9.680654563853E-02,0.808420246066,
    2.223582905723));
#2678 = CARTESIAN_POINT('',(7.597984517635E-02,0.810581676146,
    2.225565003149));
#2679 = ADVANCED_FACE('',(#2680),#2700,.T.);
#2680 = FACE_BOUND('',#2681,.T.);
#2681 = EDGE_LOOP('',(#2682,#2683,#2693,#2694));
#2682 = ORIENTED_EDGE('',*,*,#1907,.F.);
#2683 = ORIENTED_EDGE('',*,*,#2684,.T.);
#2684 = EDGE_CURVE('',#1887,#2508,#2685,.T.);
#2685 = B_SPLINE_CURVE_WITH_KNOTS('',3,(#2686,#2687,#2688,#2689,#2690,
    #2691,#2692),.UNSPECIFIED.,.F.,.F.,(4,3,4),(0.,1.646617703127E-04,
    3.257422094237E-04),.UNSPECIFIED.);
#2686 = CARTESIAN_POINT('',(0.817951179564,-0.131120107037,
    2.550054634586));
#2687 = CARTESIAN_POINT('',(0.81294213999,-0.125406767807,2.495695842904
    ));
#2688 = CARTESIAN_POINT('',(0.807887489367,-0.119693863259,
    2.441341186942));
#2689 = CARTESIAN_POINT('',(0.802784627295,-0.113981431272,
    2.386991027096));
#2690 = CARTESIAN_POINT('',(0.797792750601,-0.108393242584,
    2.333822963286));
#2691 = CARTESIAN_POINT('',(0.792754734249,-0.102805501885,
    2.280659161793));
#2692 = CARTESIAN_POINT('',(0.787667906574,-9.721824883697E-02,2.2275));
#2693 = ORIENTED_EDGE('',*,*,#2507,.F.);
#2694 = ORIENTED_EDGE('',*,*,#2695,.T.);
#2695 = EDGE_CURVE('',#2499,#1908,#2696,.T.);
#2696 = LINE('',#2697,#2698);
#2697 = CARTESIAN_POINT('',(0.553696153943,-0.145676621011,
    2.688550613725));
#2698 = VECTOR('',#2699,1.);
#2699 = DIRECTION('',(2.078751127481E-02,-0.104505876375,0.994306995439)
  );
#2700 = PLANE('',#2701);
#2701 = AXIS2_PLACEMENT_3D('',#2702,#2703,#2704);
#2702 = CARTESIAN_POINT('',(-1.821741432795E-16,-0.14688,2.7));
#2703 = DIRECTION('',(3.485155683545E-15,0.994521895368,0.104528463268)
  );
#2704 = DIRECTION('',(9.860761315263E-32,-0.104528463268,0.994521895368)
  );
#2705 = ADVANCED_FACE('',(#2706),#2722,.T.);
#2706 = FACE_BOUND('',#2707,.T.);
#2707 = EDGE_LOOP('',(#2708,#2709,#2715,#2716));
#2708 = ORIENTED_EDGE('',*,*,#1925,.F.);
#2709 = ORIENTED_EDGE('',*,*,#2710,.T.);
#2710 = EDGE_CURVE('',#1917,#2491,#2711,.T.);
#2711 = LINE('',#2712,#2713);
#2712 = CARTESIAN_POINT('',(0.494917903129,-0.159514489749,2.70819268456
    ));
#2713 = VECTOR('',#2714,1.);
#2714 = DIRECTION('',(-2.078751127481E-02,0.104505876375,-0.994306995439
    ));
#2715 = ORIENTED_EDGE('',*,*,#2490,.F.);
#2716 = ORIENTED_EDGE('',*,*,#2717,.T.);
#2717 = EDGE_CURVE('',#2482,#1926,#2718,.T.);
#2718 = LINE('',#2719,#2720);
#2719 = CARTESIAN_POINT('',(0.3155791719,-0.231873429038,2.691266456852)
  );
#2720 = VECTOR('',#2721,1.);
#2721 = DIRECTION('',(7.992773943613E-02,-7.992773943613E-02,
    0.99359101895));
#2722 = PLANE('',#2723);
#2723 = AXIS2_PLACEMENT_3D('',#2724,#2725,#2726);
#2724 = CARTESIAN_POINT('',(0.128546414261,-0.310338496702,2.7));
#2725 = DIRECTION('',(-0.380587052482,0.918818423765,0.104528463268));
#2726 = DIRECTION('',(-0.923879532511,-0.382683432365,6.938893903907E-18
    ));
#2727 = ADVANCED_FACE('',(#2728),#2744,.T.);
#2728 = FACE_BOUND('',#2729,.T.);
#2729 = EDGE_LOOP('',(#2730,#2731,#2737,#2738));
#2730 = ORIENTED_EDGE('',*,*,#1949,.F.);
#2731 = ORIENTED_EDGE('',*,*,#2732,.T.);
#2732 = EDGE_CURVE('',#1935,#2474,#2733,.T.);
#2733 = LINE('',#2734,#2735);
#2734 = CARTESIAN_POINT('',(0.231873429038,-0.3155791719,2.691266456852)
  );
#2735 = VECTOR('',#2736,1.);
#2736 = DIRECTION('',(-7.992773943613E-02,7.992773943613E-02,
    -0.99359101895));
#2737 = ORIENTED_EDGE('',*,*,#2473,.F.);
#2738 = ORIENTED_EDGE('',*,*,#2739,.T.);
#2739 = EDGE_CURVE('',#2465,#1950,#2740,.T.);
#2740 = LINE('',#2741,#2742);
#2741 = CARTESIAN_POINT('',(0.159514489749,-0.494917903129,2.70819268456
    ));
#2742 = VECTOR('',#2743,1.);
#2743 = DIRECTION('',(0.104505876375,-2.078751127482E-02,0.994306995439)
  );
#2744 = PLANE('',#2745);
#2745 = AXIS2_PLACEMENT_3D('',#2746,#2747,#2748);
#2746 = CARTESIAN_POINT('',(0.310338496702,-0.128546414261,2.7));
#2747 = DIRECTION('',(-0.918818423765,0.380587052482,0.104528463268));
#2748 = DIRECTION('',(-0.382683432365,-0.923879532511,0.));
#2749 = ADVANCED_FACE('',(#2750),#2770,.T.);
#2750 = FACE_BOUND('',#2751,.T.);
#2751 = EDGE_LOOP('',(#2752,#2753,#2763,#2764));
#2752 = ORIENTED_EDGE('',*,*,#2456,.F.);
#2753 = ORIENTED_EDGE('',*,*,#2754,.T.);
#2754 = EDGE_CURVE('',#2436,#1968,#2755,.T.);
#2755 = B_SPLINE_CURVE_WITH_KNOTS('',3,(#2756,#2757,#2758,#2759,#2760,
    #2761,#2762),.UNSPECIFIED.,.F.,.F.,(4,3,4),(4.355825238257E-19,
    1.610810744325E-04,3.257422055976E-04),.UNSPECIFIED.);
#2756 = CARTESIAN_POINT('',(9.721824883697E-02,-0.787667906574,2.2275));
#2757 = CARTESIAN_POINT('',(0.102805523987,-0.792754754371,
    2.280659372084));
#2758 = CARTESIAN_POINT('',(0.108393286793,-0.797792790461,
    2.333823383905));
#2759 = CARTESIAN_POINT('',(0.11398149759,-0.802784686537,2.386991658074
    ));
#2760 = CARTESIAN_POINT('',(0.119693907475,-0.807887528489,
    2.441341607629));
#2761 = CARTESIAN_POINT('',(0.125406789916,-0.812942159374,
    2.495696053263));
#2762 = CARTESIAN_POINT('',(0.131120107037,-0.817951179564,
    2.550054634586));
#2763 = ORIENTED_EDGE('',*,*,#1967,.F.);
#2764 = ORIENTED_EDGE('',*,*,#2765,.T.);
#2765 = EDGE_CURVE('',#1959,#2457,#2766,.T.);
#2766 = LINE('',#2767,#2768);
#2767 = CARTESIAN_POINT('',(0.145676621011,-0.553696153943,
    2.688550613725));
#2768 = VECTOR('',#2769,1.);
#2769 = DIRECTION('',(-0.104505876375,2.078751127482E-02,-0.994306995439
    ));
#2770 = PLANE('',#2771);
#2771 = AXIS2_PLACEMENT_3D('',#2772,#2773,#2774);
#2772 = CARTESIAN_POINT('',(0.14688,-9.890242218243E-16,2.7));
#2773 = DIRECTION('',(-0.994521895368,4.44500783712E-15,0.104528463268)
  );
#2774 = DIRECTION('',(0.104528463268,0.,0.994521895368));
#2775 = ADVANCED_FACE('',(#2776),#2791,.F.);
#2776 = FACE_BOUND('',#2777,.F.);
#2777 = EDGE_LOOP('',(#2778,#2779,#2789,#2790));
#2778 = ORIENTED_EDGE('',*,*,#1137,.T.);
#2779 = ORIENTED_EDGE('',*,*,#2780,.F.);
#2780 = EDGE_CURVE('',#2407,#1138,#2781,.T.);
#2781 = B_SPLINE_CURVE_WITH_KNOTS('',3,(#2782,#2783,#2784,#2785,#2786,
    #2787,#2788),.UNSPECIFIED.,.F.,.F.,(4,3,4),(1.713065701069E-16,
    1.611221993237E-04,3.185147368449E-04),.UNSPECIFIED.);
#2782 = CARTESIAN_POINT('',(-7.61886289754E-02,-0.810766351259,2.2275));
#2783 = CARTESIAN_POINT('',(-8.192435495641E-02,-0.815839183206,
    2.280658749177));
#2784 = CARTESIAN_POINT('',(-8.765748220484E-02,-0.820862096258,
    2.333822563518));
#2785 = CARTESIAN_POINT('',(-9.338815603186E-02,-0.825837902602,
    2.386991027096));
#2786 = CARTESIAN_POINT('',(-9.898617629951E-02,-0.83069852905,
    2.438928747806));
#2787 = CARTESIAN_POINT('',(-0.104581859551,-0.835514205133,
    2.490870944749));
#2788 = CARTESIAN_POINT('',(-0.110175331856,-0.840287319675,
    2.542817270877));
#2789 = ORIENTED_EDGE('',*,*,#2427,.T.);
#2790 = ORIENTED_EDGE('',*,*,#1010,.T.);
#2791 = CONICAL_SURFACE('',#2792,0.864,0.10471975512);
#2792 = AXIS2_PLACEMENT_3D('',#2793,#2794,#2795);
#2793 = CARTESIAN_POINT('',(2.400760845644E-15,-3.463821399281E-16,2.7)
  );
#2794 = DIRECTION('',(0.,-2.449293598295E-16,1.));
#2795 = DIRECTION('',(-0.,-1.,-2.449293598295E-16));
#2796 = ADVANCED_FACE('',(#2797),#2817,.T.);
#2797 = FACE_BOUND('',#2798,.T.);
#2798 = EDGE_LOOP('',(#2799,#2800,#2810,#2811));
#2799 = ORIENTED_EDGE('',*,*,#1167,.F.);
#2800 = ORIENTED_EDGE('',*,*,#2801,.T.);
#2801 = EDGE_CURVE('',#1147,#2399,#2802,.T.);
#2802 = B_SPLINE_CURVE_WITH_KNOTS('',3,(#2803,#2804,#2805,#2806,#2807,
    #2808,#2809),.UNSPECIFIED.,.F.,.F.,(4,3,4),(4.370558682922E-19,
    1.646617703127E-04,3.257422094237E-04),.UNSPECIFIED.);
#2803 = CARTESIAN_POINT('',(-0.131120107037,-0.817951179564,
    2.550054634586));
#2804 = CARTESIAN_POINT('',(-0.125406767807,-0.81294213999,
    2.495695842904));
#2805 = CARTESIAN_POINT('',(-0.119693863259,-0.807887489367,
    2.441341186942));
#2806 = CARTESIAN_POINT('',(-0.113981431272,-0.802784627295,
    2.386991027096));
#2807 = CARTESIAN_POINT('',(-0.108393242584,-0.797792750601,
    2.333822963286));
#2808 = CARTESIAN_POINT('',(-0.102805501885,-0.792754734249,
    2.280659161793));
#2809 = CARTESIAN_POINT('',(-9.721824883697E-02,-0.787667906574,2.2275)
  );
#2810 = ORIENTED_EDGE('',*,*,#2398,.F.);
#2811 = ORIENTED_EDGE('',*,*,#2812,.T.);
#2812 = EDGE_CURVE('',#2390,#1168,#2813,.T.);
#2813 = LINE('',#2814,#2815);
#2814 = CARTESIAN_POINT('',(-0.145676621011,-0.553696153943,
    2.688550613725));
#2815 = VECTOR('',#2816,1.);
#2816 = DIRECTION('',(-0.104505876375,-2.078751127482E-02,0.994306995439
    ));
#2817 = PLANE('',#2818);
#2818 = AXIS2_PLACEMENT_3D('',#2819,#2820,#2821);
#2819 = CARTESIAN_POINT('',(-0.14688,-6.613092715396E-16,2.7));
#2820 = DIRECTION('',(0.994521895368,-2.56020895921E-17,0.104528463268)
  );
#2821 = DIRECTION('',(0.104528463268,-7.703719777549E-34,-0.994521895368
    ));
#2822 = ADVANCED_FACE('',(#2823),#2839,.T.);
#2823 = FACE_BOUND('',#2824,.T.);
#2824 = EDGE_LOOP('',(#2825,#2826,#2832,#2833));
#2825 = ORIENTED_EDGE('',*,*,#1185,.F.);
#2826 = ORIENTED_EDGE('',*,*,#2827,.T.);
#2827 = EDGE_CURVE('',#1177,#2382,#2828,.T.);
#2828 = LINE('',#2829,#2830);
#2829 = CARTESIAN_POINT('',(-0.159514489749,-0.494917903129,
    2.70819268456));
#2830 = VECTOR('',#2831,1.);
#2831 = DIRECTION('',(0.104505876375,2.078751127482E-02,-0.994306995439)
  );
#2832 = ORIENTED_EDGE('',*,*,#2381,.F.);
#2833 = ORIENTED_EDGE('',*,*,#2834,.T.);
#2834 = EDGE_CURVE('',#2373,#1186,#2835,.T.);
#2835 = LINE('',#2836,#2837);
#2836 = CARTESIAN_POINT('',(-0.231873429038,-0.3155791719,2.691266456852
    ));
#2837 = VECTOR('',#2838,1.);
#2838 = DIRECTION('',(-7.992773943613E-02,-7.992773943613E-02,
    0.99359101895));
#2839 = PLANE('',#2840);
#2840 = AXIS2_PLACEMENT_3D('',#2841,#2842,#2843);
#2841 = CARTESIAN_POINT('',(-0.310338496702,-0.128546414261,2.7));
#2842 = DIRECTION('',(0.918818423765,0.380587052482,0.104528463268));
#2843 = DIRECTION('',(-0.382683432365,0.923879532511,1.387778780781E-17)
  );
#2844 = ADVANCED_FACE('',(#2845),#2861,.T.);
#2845 = FACE_BOUND('',#2846,.T.);
#2846 = EDGE_LOOP('',(#2847,#2848,#2854,#2855));
#2847 = ORIENTED_EDGE('',*,*,#1209,.F.);
#2848 = ORIENTED_EDGE('',*,*,#2849,.T.);
#2849 = EDGE_CURVE('',#1195,#2365,#2850,.T.);
#2850 = LINE('',#2851,#2852);
#2851 = CARTESIAN_POINT('',(-0.3155791719,-0.231873429038,2.691266456852
    ));
#2852 = VECTOR('',#2853,1.);
#2853 = DIRECTION('',(7.992773943613E-02,7.992773943613E-02,
    -0.99359101895));
#2854 = ORIENTED_EDGE('',*,*,#2364,.F.);
#2855 = ORIENTED_EDGE('',*,*,#2856,.T.);
#2856 = EDGE_CURVE('',#2356,#1210,#2857,.T.);
#2857 = LINE('',#2858,#2859);
#2858 = CARTESIAN_POINT('',(-0.494917903129,-0.159514489749,
    2.70819268456));
#2859 = VECTOR('',#2860,1.);
#2860 = DIRECTION('',(-2.078751127481E-02,-0.104505876375,0.994306995439
    ));
#2861 = PLANE('',#2862);
#2862 = AXIS2_PLACEMENT_3D('',#2863,#2864,#2865);
#2863 = CARTESIAN_POINT('',(-0.128546414261,-0.310338496702,2.7));
#2864 = DIRECTION('',(0.380587052482,0.918818423765,0.104528463268));
#2865 = DIRECTION('',(-0.923879532511,0.382683432365,1.387778780781E-17)
  );
#2866 = ADVANCED_FACE('',(#2867),#2887,.T.);
#2867 = FACE_BOUND('',#2868,.T.);
#2868 = EDGE_LOOP('',(#2869,#2870,#2880,#2881));
#2869 = ORIENTED_EDGE('',*,*,#2347,.F.);
#2870 = ORIENTED_EDGE('',*,*,#2871,.T.);
#2871 = EDGE_CURVE('',#2327,#1228,#2872,.T.);
#2872 = B_SPLINE_CURVE_WITH_KNOTS('',3,(#2873,#2874,#2875,#2876,#2877,
    #2878,#2879),.UNSPECIFIED.,.F.,.F.,(4,3,4),(0.,1.610810744325E-04,
    3.257422055976E-04),.UNSPECIFIED.);
#2873 = CARTESIAN_POINT('',(-0.787667906574,-9.721824883697E-02,2.2275)
  );
#2874 = CARTESIAN_POINT('',(-0.792754754371,-0.102805523987,
    2.280659372084));
#2875 = CARTESIAN_POINT('',(-0.797792790461,-0.108393286793,
    2.333823383905));
#2876 = CARTESIAN_POINT('',(-0.802784686537,-0.11398149759,
    2.386991658074));
#2877 = CARTESIAN_POINT('',(-0.807887528489,-0.119693907475,
    2.441341607629));
#2878 = CARTESIAN_POINT('',(-0.812942159374,-0.125406789916,
    2.495696053263));
#2879 = CARTESIAN_POINT('',(-0.817951179564,-0.131120107037,
    2.550054634586));
#2880 = ORIENTED_EDGE('',*,*,#1227,.F.);
#2881 = ORIENTED_EDGE('',*,*,#2882,.T.);
#2882 = EDGE_CURVE('',#1219,#2348,#2883,.T.);
#2883 = LINE('',#2884,#2885);
#2884 = CARTESIAN_POINT('',(-0.553696153943,-0.145676621011,
    2.688550613725));
#2885 = VECTOR('',#2886,1.);
#2886 = DIRECTION('',(2.078751127481E-02,0.104505876375,-0.994306995439)
  );
#2887 = PLANE('',#2888);
#2888 = AXIS2_PLACEMENT_3D('',#2889,#2890,#2891);
#2889 = CARTESIAN_POINT('',(-1.455408070053E-16,-0.14688,2.7));
#2890 = DIRECTION('',(9.854542431665E-16,0.994521895368,0.104528463268)
  );
#2891 = DIRECTION('',(-2.465190328816E-32,-0.104528463268,0.994521895368
    ));
#2892 = ADVANCED_FACE('',(#2893),#2917,.F.);
#2893 = FACE_BOUND('',#2894,.F.);
#2894 = EDGE_LOOP('',(#2895,#2905,#2906,#2916));
#2895 = ORIENTED_EDGE('',*,*,#2896,.F.);
#2896 = EDGE_CURVE('',#1237,#2318,#2897,.T.);
#2897 = B_SPLINE_CURVE_WITH_KNOTS('',3,(#2898,#2899,#2900,#2901,#2902,
    #2903,#2904),.UNSPECIFIED.,.F.,.F.,(4,3,4),(0.,1.57391907484E-04,
    3.185147516924E-04),.UNSPECIFIED.);
#2898 = CARTESIAN_POINT('',(-0.840287319675,-0.110175331856,
    2.542817270877));
#2899 = CARTESIAN_POINT('',(-0.835514224462,-0.104581882203,
    2.49087115511));
#2900 = CARTESIAN_POINT('',(-0.830698568053,-9.898622161983E-02,
    2.438929168494));
#2901 = CARTESIAN_POINT('',(-0.825837961653,-9.338822404075E-02,
    2.386991658074));
#2902 = CARTESIAN_POINT('',(-0.820862135998,-8.76575275635E-02,
    2.333822984133));
#2903 = CARTESIAN_POINT('',(-0.815839203273,-8.192437764601E-02,
    2.280658959464));
#2904 = CARTESIAN_POINT('',(-0.810766351259,-7.618862897539E-02,2.2275)
  );
#2905 = ORIENTED_EDGE('',*,*,#1254,.T.);
#2906 = ORIENTED_EDGE('',*,*,#2907,.F.);
#2907 = EDGE_CURVE('',#2297,#1255,#2908,.T.);
#2908 = B_SPLINE_CURVE_WITH_KNOTS('',3,(#2909,#2910,#2911,#2912,#2913,
    #2914,#2915),.UNSPECIFIED.,.F.,.F.,(4,3,4),(1.713065701069E-16,
    1.611221993237E-04,3.185147368449E-04),.UNSPECIFIED.);
#2909 = CARTESIAN_POINT('',(-0.810766351259,7.618862897541E-02,2.2275));
#2910 = CARTESIAN_POINT('',(-0.815839183206,8.192435495642E-02,
    2.280658749177));
#2911 = CARTESIAN_POINT('',(-0.820862096258,8.765748220485E-02,
    2.333822563518));
#2912 = CARTESIAN_POINT('',(-0.825837902602,9.338815603187E-02,
    2.386991027096));
#2913 = CARTESIAN_POINT('',(-0.83069852905,9.898617629952E-02,
    2.438928747806));
#2914 = CARTESIAN_POINT('',(-0.835514205133,0.104581859551,
    2.490870944749));
#2915 = CARTESIAN_POINT('',(-0.840287319675,0.110175331856,
    2.542817270877));
#2916 = ORIENTED_EDGE('',*,*,#2317,.T.);
#2917 = CONICAL_SURFACE('',#2918,0.864,0.10471975512);
#2918 = AXIS2_PLACEMENT_3D('',#2919,#2920,#2921);
#2919 = CARTESIAN_POINT('',(1.572750415831E-17,-2.731415481414E-15,2.7)
  );
#2920 = DIRECTION('',(-1.224646799147E-16,-1.224646799147E-16,1.));
#2921 = DIRECTION('',(1.,-1.499759782662E-32,1.224646799147E-16));
#2922 = ADVANCED_FACE('',(#2923),#2943,.T.);
#2923 = FACE_BOUND('',#2924,.T.);
#2924 = EDGE_LOOP('',(#2925,#2926,#2936,#2937));
#2925 = ORIENTED_EDGE('',*,*,#1284,.F.);
#2926 = ORIENTED_EDGE('',*,*,#2927,.T.);
#2927 = EDGE_CURVE('',#1264,#2289,#2928,.T.);
#2928 = B_SPLINE_CURVE_WITH_KNOTS('',3,(#2929,#2930,#2931,#2932,#2933,
    #2934,#2935),.UNSPECIFIED.,.F.,.F.,(4,3,4),(4.370558682922E-19,
    1.646617703127E-04,3.257422094237E-04),.UNSPECIFIED.);
#2929 = CARTESIAN_POINT('',(-0.817951179564,0.131120107037,
    2.550054634586));
#2930 = CARTESIAN_POINT('',(-0.81294213999,0.125406767807,2.495695842904
    ));
#2931 = CARTESIAN_POINT('',(-0.807887489367,0.119693863259,
    2.441341186942));
#2932 = CARTESIAN_POINT('',(-0.802784627295,0.113981431272,
    2.386991027096));
#2933 = CARTESIAN_POINT('',(-0.797792750601,0.108393242584,
    2.333822963286));
#2934 = CARTESIAN_POINT('',(-0.792754734249,0.102805501885,
    2.280659161793));
#2935 = CARTESIAN_POINT('',(-0.787667906574,9.721824883698E-02,2.2275));
#2936 = ORIENTED_EDGE('',*,*,#2288,.F.);
#2937 = ORIENTED_EDGE('',*,*,#2938,.T.);
#2938 = EDGE_CURVE('',#2280,#1285,#2939,.T.);
#2939 = LINE('',#2940,#2941);
#2940 = CARTESIAN_POINT('',(-0.553696153943,0.145676621011,
    2.688550613725));
#2941 = VECTOR('',#2942,1.);
#2942 = DIRECTION('',(-2.078751127481E-02,0.104505876375,0.994306995439)
  );
#2943 = PLANE('',#2944);
#2944 = AXIS2_PLACEMENT_3D('',#2945,#2946,#2947);
#2945 = CARTESIAN_POINT('',(1.207831701378E-15,0.14688,2.7));
#2946 = DIRECTION('',(-1.042986496104E-14,-0.994521895368,0.104528463268
    ));
#2947 = DIRECTION('',(0.,-0.104528463268,-0.994521895368));
#2948 = ADVANCED_FACE('',(#2949),#2965,.T.);
#2949 = FACE_BOUND('',#2950,.T.);
#2950 = EDGE_LOOP('',(#2951,#2952,#2958,#2959));
#2951 = ORIENTED_EDGE('',*,*,#1302,.F.);
#2952 = ORIENTED_EDGE('',*,*,#2953,.T.);
#2953 = EDGE_CURVE('',#1294,#2272,#2954,.T.);
#2954 = LINE('',#2955,#2956);
#2955 = CARTESIAN_POINT('',(-0.494917903129,0.159514489749,2.70819268456
    ));
#2956 = VECTOR('',#2957,1.);
#2957 = DIRECTION('',(2.078751127481E-02,-0.104505876375,-0.994306995439
    ));
#2958 = ORIENTED_EDGE('',*,*,#2271,.F.);
#2959 = ORIENTED_EDGE('',*,*,#2960,.T.);
#2960 = EDGE_CURVE('',#2263,#1303,#2961,.T.);
#2961 = LINE('',#2962,#2963);
#2962 = CARTESIAN_POINT('',(-0.3155791719,0.231873429038,2.691266456852)
  );
#2963 = VECTOR('',#2964,1.);
#2964 = DIRECTION('',(-7.992773943613E-02,7.992773943613E-02,
    0.99359101895));
#2965 = PLANE('',#2966);
#2966 = AXIS2_PLACEMENT_3D('',#2967,#2968,#2969);
#2967 = CARTESIAN_POINT('',(-0.128546414261,0.310338496702,2.7));
#2968 = DIRECTION('',(0.380587052482,-0.918818423765,0.104528463268));
#2969 = DIRECTION('',(0.923879532511,0.382683432365,0.));
#2970 = ADVANCED_FACE('',(#2971),#2987,.T.);
#2971 = FACE_BOUND('',#2972,.T.);
#2972 = EDGE_LOOP('',(#2973,#2974,#2980,#2981));
#2973 = ORIENTED_EDGE('',*,*,#1326,.F.);
#2974 = ORIENTED_EDGE('',*,*,#2975,.T.);
#2975 = EDGE_CURVE('',#1312,#2255,#2976,.T.);
#2976 = LINE('',#2977,#2978);
#2977 = CARTESIAN_POINT('',(-0.231873429038,0.3155791719,2.691266456852)
  );
#2978 = VECTOR('',#2979,1.);
#2979 = DIRECTION('',(7.992773943613E-02,-7.992773943613E-02,
    -0.99359101895));
#2980 = ORIENTED_EDGE('',*,*,#2254,.F.);
#2981 = ORIENTED_EDGE('',*,*,#2982,.T.);
#2982 = EDGE_CURVE('',#2246,#1327,#2983,.T.);
#2983 = LINE('',#2984,#2985);
#2984 = CARTESIAN_POINT('',(-0.159514489749,0.494917903129,2.70819268456
    ));
#2985 = VECTOR('',#2986,1.);
#2986 = DIRECTION('',(-0.104505876375,2.078751127482E-02,0.994306995439)
  );
#2987 = PLANE('',#2988);
#2988 = AXIS2_PLACEMENT_3D('',#2989,#2990,#2991);
#2989 = CARTESIAN_POINT('',(-0.310338496702,0.128546414261,2.7));
#2990 = DIRECTION('',(0.918818423765,-0.380587052482,0.104528463268));
#2991 = DIRECTION('',(0.382683432365,0.923879532511,0.));
#2992 = ADVANCED_FACE('',(#2993),#3013,.T.);
#2993 = FACE_BOUND('',#2994,.T.);
#2994 = EDGE_LOOP('',(#2995,#2996,#3006,#3007));
#2995 = ORIENTED_EDGE('',*,*,#2237,.F.);
#2996 = ORIENTED_EDGE('',*,*,#2997,.T.);
#2997 = EDGE_CURVE('',#2217,#1345,#2998,.T.);
#2998 = B_SPLINE_CURVE_WITH_KNOTS('',3,(#2999,#3000,#3001,#3002,#3003,
    #3004,#3005),.UNSPECIFIED.,.F.,.F.,(4,3,4),(0.,1.610804372195E-04,
    3.257422055985E-04),.UNSPECIFIED.);
#2999 = CARTESIAN_POINT('',(-9.721824883696E-02,0.787667906574,2.2275));
#3000 = CARTESIAN_POINT('',(-0.102805501885,0.792754734249,
    2.280659161793));
#3001 = CARTESIAN_POINT('',(-0.108393242584,0.797792750601,
    2.333822963286));
#3002 = CARTESIAN_POINT('',(-0.113981431272,0.802784627295,
    2.386991027096));
#3003 = CARTESIAN_POINT('',(-0.119693863259,0.807887489367,
    2.441341186942));
#3004 = CARTESIAN_POINT('',(-0.125406767807,0.81294213999,2.495695842903
    ));
#3005 = CARTESIAN_POINT('',(-0.131120107037,0.817951179564,
    2.550054634586));
#3006 = ORIENTED_EDGE('',*,*,#1344,.F.);
#3007 = ORIENTED_EDGE('',*,*,#3008,.T.);
#3008 = EDGE_CURVE('',#1336,#2238,#3009,.T.);
#3009 = LINE('',#3010,#3011);
#3010 = CARTESIAN_POINT('',(-0.145676621011,0.553696153943,
    2.688550613725));
#3011 = VECTOR('',#3012,1.);
#3012 = DIRECTION('',(0.104505876375,-2.078751127482E-02,-0.994306995439
    ));
#3013 = PLANE('',#3014);
#3014 = AXIS2_PLACEMENT_3D('',#3015,#3016,#3017);
#3015 = CARTESIAN_POINT('',(-0.14688,1.353372508383E-15,2.7));
#3016 = DIRECTION('',(0.994521895368,-1.141531920421E-14,0.104528463268)
  );
#3017 = DIRECTION('',(0.104528463268,0.,-0.994521895368));
#3018 = ADVANCED_FACE('',(#3019),#3025,.T.);
#3019 = FACE_BOUND('',#3020,.T.);
#3020 = EDGE_LOOP('',(#3021,#3022,#3023,#3024));
#3021 = ORIENTED_EDGE('',*,*,#2498,.F.);
#3022 = ORIENTED_EDGE('',*,*,#2710,.F.);
#3023 = ORIENTED_EDGE('',*,*,#1916,.F.);
#3024 = ORIENTED_EDGE('',*,*,#2695,.F.);
#3025 = CYLINDRICAL_SURFACE('',#3026,0.15552);
#3026 = AXIS2_PLACEMENT_3D('',#3027,#3028,#3029);
#3027 = CARTESIAN_POINT('',(0.553696153943,-0.300344666179,
    2.672294347117));
#3028 = DIRECTION('',(2.078751127481E-02,-0.104505876375,0.994306995439)
  );
#3029 = DIRECTION('',(2.168404344971E-18,-0.994521895368,-0.104528463268
    ));
#3030 = ADVANCED_FACE('',(#3031),#3037,.T.);
#3031 = FACE_BOUND('',#3032,.T.);
#3032 = EDGE_LOOP('',(#3033,#3034,#3035,#3036));
#3033 = ORIENTED_EDGE('',*,*,#2481,.F.);
#3034 = ORIENTED_EDGE('',*,*,#2732,.F.);
#3035 = ORIENTED_EDGE('',*,*,#1934,.F.);
#3036 = ORIENTED_EDGE('',*,*,#2717,.F.);
#3037 = CYLINDRICAL_SURFACE('',#3038,0.15552);
#3038 = AXIS2_PLACEMENT_3D('',#3039,#3040,#3041);
#3039 = CARTESIAN_POINT('',(0.374768070302,-0.374768070302,
    2.675010190245));
#3040 = DIRECTION('',(7.992773943613E-02,-7.992773943613E-02,
    0.99359101895));
#3041 = DIRECTION('',(0.996780056911,2.341876692569E-17,
    -8.018427617041E-02));
#3042 = ADVANCED_FACE('',(#3043),#3049,.T.);
#3043 = FACE_BOUND('',#3044,.T.);
#3044 = EDGE_LOOP('',(#3045,#3046,#3047,#3048));
#3045 = ORIENTED_EDGE('',*,*,#2464,.F.);
#3046 = ORIENTED_EDGE('',*,*,#2765,.F.);
#3047 = ORIENTED_EDGE('',*,*,#1958,.F.);
#3048 = ORIENTED_EDGE('',*,*,#2739,.F.);
#3049 = CYLINDRICAL_SURFACE('',#3050,0.15552);
#3050 = AXIS2_PLACEMENT_3D('',#3051,#3052,#3053);
#3051 = CARTESIAN_POINT('',(0.302409131013,-0.554106801531,
    2.691936417953));
#3052 = DIRECTION('',(0.104505876375,-2.078751127482E-02,0.994306995439)
  );
#3053 = DIRECTION('',(0.994521895368,-6.938893903907E-18,-0.104528463268
    ));
#3054 = ADVANCED_FACE('',(#3055),#3061,.T.);
#3055 = FACE_BOUND('',#3056,.T.);
#3056 = EDGE_LOOP('',(#3057,#3058,#3059,#3060));
#3057 = ORIENTED_EDGE('',*,*,#2389,.F.);
#3058 = ORIENTED_EDGE('',*,*,#2827,.F.);
#3059 = ORIENTED_EDGE('',*,*,#1176,.F.);
#3060 = ORIENTED_EDGE('',*,*,#2812,.F.);
#3061 = CYLINDRICAL_SURFACE('',#3062,0.15552);
#3062 = AXIS2_PLACEMENT_3D('',#3063,#3064,#3065);
#3063 = CARTESIAN_POINT('',(-0.300344666179,-0.553696153943,
    2.672294347117));
#3064 = DIRECTION('',(-0.104505876375,-2.078751127482E-02,0.994306995439
    ));
#3065 = DIRECTION('',(0.994521895368,7.806255641896E-18,0.104528463268)
  );
#3066 = ADVANCED_FACE('',(#3067),#3073,.T.);
#3067 = FACE_BOUND('',#3068,.T.);
#3068 = EDGE_LOOP('',(#3069,#3070,#3071,#3072));
#3069 = ORIENTED_EDGE('',*,*,#2372,.F.);
#3070 = ORIENTED_EDGE('',*,*,#2849,.F.);
#3071 = ORIENTED_EDGE('',*,*,#1194,.F.);
#3072 = ORIENTED_EDGE('',*,*,#2834,.F.);
#3073 = CYLINDRICAL_SURFACE('',#3074,0.15552);
#3074 = AXIS2_PLACEMENT_3D('',#3075,#3076,#3077);
#3075 = CARTESIAN_POINT('',(-0.374768070302,-0.374768070302,
    2.675010190245));
#3076 = DIRECTION('',(-7.992773943613E-02,-7.992773943613E-02,
    0.99359101895));
#3077 = DIRECTION('',(5.117434254132E-17,-0.996780056911,
    -8.018427617042E-02));
#3078 = ADVANCED_FACE('',(#3079),#3085,.T.);
#3079 = FACE_BOUND('',#3080,.T.);
#3080 = EDGE_LOOP('',(#3081,#3082,#3083,#3084));
#3081 = ORIENTED_EDGE('',*,*,#2355,.F.);
#3082 = ORIENTED_EDGE('',*,*,#2882,.F.);
#3083 = ORIENTED_EDGE('',*,*,#1218,.F.);
#3084 = ORIENTED_EDGE('',*,*,#2856,.F.);
#3085 = CYLINDRICAL_SURFACE('',#3086,0.15552);
#3086 = AXIS2_PLACEMENT_3D('',#3087,#3088,#3089);
#3087 = CARTESIAN_POINT('',(-0.554106801531,-0.302409131013,
    2.691936417953));
#3088 = DIRECTION('',(-2.078751127481E-02,-0.104505876375,0.994306995439
    ));
#3089 = DIRECTION('',(-2.602085213965E-18,-0.994521895368,
    -0.104528463268));
#3090 = ADVANCED_FACE('',(#3091),#3097,.T.);
#3091 = FACE_BOUND('',#3092,.T.);
#3092 = EDGE_LOOP('',(#3093,#3094,#3095,#3096));
#3093 = ORIENTED_EDGE('',*,*,#2279,.F.);
#3094 = ORIENTED_EDGE('',*,*,#2953,.F.);
#3095 = ORIENTED_EDGE('',*,*,#1293,.F.);
#3096 = ORIENTED_EDGE('',*,*,#2938,.F.);
#3097 = CYLINDRICAL_SURFACE('',#3098,0.15552);
#3098 = AXIS2_PLACEMENT_3D('',#3099,#3100,#3101);
#3099 = CARTESIAN_POINT('',(-0.553696153943,0.300344666179,
    2.672294347117));
#3100 = DIRECTION('',(-2.078751127481E-02,0.104505876375,0.994306995439)
  );
#3101 = DIRECTION('',(4.770489558936E-18,-0.994521895368,0.104528463268)
  );
#3102 = ADVANCED_FACE('',(#3103),#3109,.T.);
#3103 = FACE_BOUND('',#3104,.T.);
#3104 = EDGE_LOOP('',(#3105,#3106,#3107,#3108));
#3105 = ORIENTED_EDGE('',*,*,#2262,.F.);
#3106 = ORIENTED_EDGE('',*,*,#2975,.F.);
#3107 = ORIENTED_EDGE('',*,*,#1311,.F.);
#3108 = ORIENTED_EDGE('',*,*,#2960,.F.);
#3109 = CYLINDRICAL_SURFACE('',#3110,0.15552);
#3110 = AXIS2_PLACEMENT_3D('',#3111,#3112,#3113);
#3111 = CARTESIAN_POINT('',(-0.374768070302,0.374768070302,
    2.675010190245));
#3112 = DIRECTION('',(-7.992773943613E-02,7.992773943613E-02,
    0.99359101895));
#3113 = DIRECTION('',(-4.163336342344E-17,-0.996780056911,
    8.018427617042E-02));
#3114 = ADVANCED_FACE('',(#3115),#3121,.T.);
#3115 = FACE_BOUND('',#3116,.T.);
#3116 = EDGE_LOOP('',(#3117,#3118,#3119,#3120));
#3117 = ORIENTED_EDGE('',*,*,#2245,.F.);
#3118 = ORIENTED_EDGE('',*,*,#3008,.F.);
#3119 = ORIENTED_EDGE('',*,*,#1335,.F.);
#3120 = ORIENTED_EDGE('',*,*,#2982,.F.);
#3121 = CYLINDRICAL_SURFACE('',#3122,0.15552);
#3122 = AXIS2_PLACEMENT_3D('',#3123,#3124,#3125);
#3123 = CARTESIAN_POINT('',(-0.302409131013,0.554106801531,
    2.691936417953));
#3124 = DIRECTION('',(-0.104505876375,2.078751127482E-02,0.994306995439)
  );
#3125 = DIRECTION('',(0.994521895368,-9.107298248878E-18,0.104528463268)
  );
#3126 = ADVANCED_FACE('',(#3127),#3133,.F.);
#3127 = FACE_BOUND('',#3128,.F.);
#3128 = EDGE_LOOP('',(#3129,#3130,#3131,#3132));
#3129 = ORIENTED_EDGE('',*,*,#2754,.T.);
#3130 = ORIENTED_EDGE('',*,*,#1976,.T.);
#3131 = ORIENTED_EDGE('',*,*,#987,.T.);
#3132 = ORIENTED_EDGE('',*,*,#2435,.T.);
#3133 = ( BOUNDED_SURFACE() B_SPLINE_SURFACE(3,2,(
    (#3134,#3135,#3136)
    ,(#3137,#3138,#3139)
    ,(#3140,#3141,#3142)
    ,(#3143,#3144,#3145
)),.UNSPECIFIED.,.F.,.F.,.F.) B_SPLINE_SURFACE_WITH_KNOTS((4,4),(3,3),(
    5.651198425802E-04,8.947698052052E-04),(0.,1.),
.PIECEWISE_BEZIER_KNOTS.) GEOMETRIC_REPRESENTATION_ITEM() 
RATIONAL_B_SPLINE_SURFACE((
    (1.,0.755153826005,1.)
    ,(1.,0.751209928086,1.)
    ,(1.,0.747072390048,1.)
,(1.,0.742708681959,1.))) REPRESENTATION_ITEM('') SURFACE() );
#3134 = CARTESIAN_POINT('',(0.111163033566,-0.841129739164,
    2.551990268458));
#3135 = CARTESIAN_POINT('',(0.131130411371,-0.838296048114,
    2.550152673777));
#3136 = CARTESIAN_POINT('',(0.131323550354,-0.8181295244,2.551990268458)
  );
#3137 = CARTESIAN_POINT('',(9.944557296584E-02,-0.831140821201,
    2.44316466396));
#3138 = CARTESIAN_POINT('',(0.119627609901,-0.828461858445,
    2.440710828352));
#3139 = CARTESIAN_POINT('',(0.119885518507,-0.808103677579,
    2.443164664822));
#3140 = CARTESIAN_POINT('',(8.771818365393E-02,-0.82096574861,
    2.334354558746));
#3141 = CARTESIAN_POINT('',(0.108179428073,-0.818501713243,
    2.331788654098));
#3142 = CARTESIAN_POINT('',(0.108449115636,-0.79789530076,2.33435455986)
  );
#3143 = CARTESIAN_POINT('',(7.597984525252E-02,-0.810581676213,
    2.225565003855));
#3144 = CARTESIAN_POINT('',(9.680654571276E-02,-0.808420246131,
    2.223582906429));
#3145 = CARTESIAN_POINT('',(9.701487254692E-02,-0.787482724024,
    2.225565003855));
#3146 = ADVANCED_FACE('',(#3147),#3153,.F.);
#3147 = FACE_BOUND('',#3148,.F.);
#3148 = EDGE_LOOP('',(#3149,#3150,#3151,#3152));
#3149 = ORIENTED_EDGE('',*,*,#2187,.T.);
#3150 = ORIENTED_EDGE('',*,*,#1886,.T.);
#3151 = ORIENTED_EDGE('',*,*,#2684,.T.);
#3152 = ORIENTED_EDGE('',*,*,#2515,.T.);
#3153 = ( BOUNDED_SURFACE() B_SPLINE_SURFACE(3,2,(
    (#3154,#3155,#3156)
    ,(#3157,#3158,#3159)
    ,(#3160,#3161,#3162)
    ,(#3163,#3164,#3165
)),.UNSPECIFIED.,.F.,.F.,.F.) B_SPLINE_SURFACE_WITH_KNOTS((4,4),(3,3),(
    5.553125052603E-04,8.849625057557E-04),(0.,1.),
.PIECEWISE_BEZIER_KNOTS.) GEOMETRIC_REPRESENTATION_ITEM() 
RATIONAL_B_SPLINE_SURFACE((
    (1.,0.755153826007,1.)
    ,(1.,0.75120992789,1.)
    ,(1.,0.74707239038,1.)
,(1.,0.742708681954,1.))) REPRESENTATION_ITEM('') SURFACE() );
#3154 = CARTESIAN_POINT('',(0.818129524406,-0.131323550361,
    2.551990268518));
#3155 = CARTESIAN_POINT('',(0.838296048119,-0.131130411377,
    2.550152673836));
#3156 = CARTESIAN_POINT('',(0.84112973917,-0.111163033573,2.551990268518
    ));
#3157 = CARTESIAN_POINT('',(0.80810367711,-0.119885517973,2.443164659738
    ));
#3158 = CARTESIAN_POINT('',(0.828461857982,-0.119627609361,
    2.440710823209));
#3159 = CARTESIAN_POINT('',(0.831140820735,-9.944557241844E-02,
    2.443164658876));
#3160 = CARTESIAN_POINT('',(0.797895301578,-0.108449116535,
    2.334354568412));
#3161 = CARTESIAN_POINT('',(0.818501714031,-0.108179428962,
    2.331788662554));
#3162 = CARTESIAN_POINT('',(0.820965749426,-8.771818457667E-02,
    2.334354567297));
#3163 = CARTESIAN_POINT('',(0.787482724012,-9.701487253361E-02,
    2.225565003728));
#3164 = CARTESIAN_POINT('',(0.80842024612,-9.680654569945E-02,
    2.223582906303));
#3165 = CARTESIAN_POINT('',(0.810581676201,-7.597984523886E-02,
    2.225565003728));
#3166 = ADVANCED_FACE('',(#3167),#3173,.F.);
#3167 = FACE_BOUND('',#3168,.F.);
#3168 = EDGE_LOOP('',(#3169,#3170,#3171,#3172));
#3169 = ORIENTED_EDGE('',*,*,#2871,.T.);
#3170 = ORIENTED_EDGE('',*,*,#1236,.T.);
#3171 = ORIENTED_EDGE('',*,*,#2896,.T.);
#3172 = ORIENTED_EDGE('',*,*,#2326,.T.);
#3173 = ( BOUNDED_SURFACE() B_SPLINE_SURFACE(3,2,(
    (#3174,#3175,#3176)
    ,(#3177,#3178,#3179)
    ,(#3180,#3181,#3182)
    ,(#3183,#3184,#3185
)),.UNSPECIFIED.,.F.,.F.,.F.) B_SPLINE_SURFACE_WITH_KNOTS((4,4),(3,3),(
    5.651198425802E-04,8.947698052052E-04),(0.,1.),
.PIECEWISE_BEZIER_KNOTS.) GEOMETRIC_REPRESENTATION_ITEM() 
RATIONAL_B_SPLINE_SURFACE((
    (1.,0.755153826005,1.)
    ,(1.,0.751209928086,1.)
    ,(1.,0.747072390048,1.)
,(1.,0.742708681959,1.))) REPRESENTATION_ITEM('') SURFACE() );
#3174 = CARTESIAN_POINT('',(-0.841129739164,-0.111163033566,
    2.551990268458));
#3175 = CARTESIAN_POINT('',(-0.838296048114,-0.131130411371,
    2.550152673777));
#3176 = CARTESIAN_POINT('',(-0.8181295244,-0.131323550354,2.551990268458
    ));
#3177 = CARTESIAN_POINT('',(-0.831140821201,-9.944557296585E-02,
    2.44316466396));
#3178 = CARTESIAN_POINT('',(-0.828461858445,-0.119627609901,
    2.440710828352));
#3179 = CARTESIAN_POINT('',(-0.808103677579,-0.119885518507,
    2.443164664822));
#3180 = CARTESIAN_POINT('',(-0.82096574861,-8.771818365393E-02,
    2.334354558746));
#3181 = CARTESIAN_POINT('',(-0.818501713243,-0.108179428073,
    2.331788654098));
#3182 = CARTESIAN_POINT('',(-0.79789530076,-0.108449115636,2.33435455986
    ));
#3183 = CARTESIAN_POINT('',(-0.810581676213,-7.597984525252E-02,
    2.225565003855));
#3184 = CARTESIAN_POINT('',(-0.808420246131,-9.680654571277E-02,
    2.223582906429));
#3185 = CARTESIAN_POINT('',(-0.787482724024,-9.701487254692E-02,
    2.225565003855));
#3186 = ADVANCED_FACE('',(#3187),#3193,.F.);
#3187 = FACE_BOUND('',#3188,.F.);
#3188 = EDGE_LOOP('',(#3189,#3190,#3191,#3192));
#3189 = ORIENTED_EDGE('',*,*,#2780,.T.);
#3190 = ORIENTED_EDGE('',*,*,#1146,.T.);
#3191 = ORIENTED_EDGE('',*,*,#2801,.T.);
#3192 = ORIENTED_EDGE('',*,*,#2406,.T.);
#3193 = ( BOUNDED_SURFACE() B_SPLINE_SURFACE(3,2,(
    (#3194,#3195,#3196)
    ,(#3197,#3198,#3199)
    ,(#3200,#3201,#3202)
    ,(#3203,#3204,#3205
)),.UNSPECIFIED.,.F.,.F.,.F.) B_SPLINE_SURFACE_WITH_KNOTS((4,4),(3,3),(
    5.553125052603E-04,8.849625057557E-04),(0.,1.),
.PIECEWISE_BEZIER_KNOTS.) GEOMETRIC_REPRESENTATION_ITEM() 
RATIONAL_B_SPLINE_SURFACE((
    (1.,0.755153826007,1.)
    ,(1.,0.75120992789,1.)
    ,(1.,0.74707239038,1.)
,(1.,0.742708681954,1.))) REPRESENTATION_ITEM('') SURFACE() );
#3194 = CARTESIAN_POINT('',(-0.131323550361,-0.818129524406,
    2.551990268518));
#3195 = CARTESIAN_POINT('',(-0.131130411377,-0.838296048119,
    2.550152673836));
#3196 = CARTESIAN_POINT('',(-0.111163033573,-0.84112973917,
    2.551990268518));
#3197 = CARTESIAN_POINT('',(-0.119885517973,-0.80810367711,
    2.443164659738));
#3198 = CARTESIAN_POINT('',(-0.119627609361,-0.828461857982,
    2.440710823209));
#3199 = CARTESIAN_POINT('',(-9.944557241843E-02,-0.831140820735,
    2.443164658876));
#3200 = CARTESIAN_POINT('',(-0.108449116535,-0.797895301578,
    2.334354568412));
#3201 = CARTESIAN_POINT('',(-0.108179428962,-0.818501714031,
    2.331788662554));
#3202 = CARTESIAN_POINT('',(-8.771818457668E-02,-0.820965749426,
    2.334354567297));
#3203 = CARTESIAN_POINT('',(-9.701487253361E-02,-0.787482724012,
    2.225565003728));
#3204 = CARTESIAN_POINT('',(-9.680654569944E-02,-0.80842024612,
    2.223582906303));
#3205 = CARTESIAN_POINT('',(-7.597984523885E-02,-0.810581676201,
    2.225565003728));
#3206 = ADVANCED_FACE('',(#3207),#3213,.F.);
#3207 = FACE_BOUND('',#3208,.F.);
#3208 = EDGE_LOOP('',(#3209,#3210,#3211,#3212));
#3209 = ORIENTED_EDGE('',*,*,#2997,.T.);
#3210 = ORIENTED_EDGE('',*,*,#1353,.T.);
#3211 = ORIENTED_EDGE('',*,*,#2035,.T.);
#3212 = ORIENTED_EDGE('',*,*,#2216,.T.);
#3213 = ( BOUNDED_SURFACE() B_SPLINE_SURFACE(3,2,(
    (#3214,#3215,#3216)
    ,(#3217,#3218,#3219)
    ,(#3220,#3221,#3222)
    ,(#3223,#3224,#3225
)),.UNSPECIFIED.,.F.,.F.,.F.) B_SPLINE_SURFACE_WITH_KNOTS((4,4),(3,3),(
    5.553125052602E-04,8.849625057556E-04),(0.,1.),
.PIECEWISE_BEZIER_KNOTS.) GEOMETRIC_REPRESENTATION_ITEM() 
RATIONAL_B_SPLINE_SURFACE((
    (1.,0.755153826007,1.)
    ,(1.,0.75120992789,1.)
    ,(1.,0.74707239038,1.)
,(1.,0.742708681954,1.))) REPRESENTATION_ITEM('') SURFACE() );
#3214 = CARTESIAN_POINT('',(-0.111163033573,0.84112973917,2.551990268518
    ));
#3215 = CARTESIAN_POINT('',(-0.131130411377,0.838296048119,
    2.550152673836));
#3216 = CARTESIAN_POINT('',(-0.131323550361,0.818129524406,
    2.551990268518));
#3217 = CARTESIAN_POINT('',(-9.944557241843E-02,0.831140820735,
    2.443164658876));
#3218 = CARTESIAN_POINT('',(-0.119627609361,0.828461857982,
    2.440710823209));
#3219 = CARTESIAN_POINT('',(-0.119885517973,0.80810367711,2.443164659738
    ));
#3220 = CARTESIAN_POINT('',(-8.771818457666E-02,0.820965749426,
    2.334354567297));
#3221 = CARTESIAN_POINT('',(-0.108179428962,0.818501714031,
    2.331788662554));
#3222 = CARTESIAN_POINT('',(-0.108449116535,0.797895301578,
    2.334354568412));
#3223 = CARTESIAN_POINT('',(-7.597984523885E-02,0.810581676201,
    2.225565003728));
#3224 = CARTESIAN_POINT('',(-9.680654569944E-02,0.80842024612,
    2.223582906303));
#3225 = CARTESIAN_POINT('',(-9.70148725336E-02,0.787482724012,
    2.225565003728));
#3226 = ADVANCED_FACE('',(#3227),#3233,.F.);
#3227 = FACE_BOUND('',#3228,.F.);
#3228 = EDGE_LOOP('',(#3229,#3230,#3231,#3232));
#3229 = ORIENTED_EDGE('',*,*,#2907,.T.);
#3230 = ORIENTED_EDGE('',*,*,#1263,.T.);
#3231 = ORIENTED_EDGE('',*,*,#2927,.T.);
#3232 = ORIENTED_EDGE('',*,*,#2296,.T.);
#3233 = ( BOUNDED_SURFACE() B_SPLINE_SURFACE(3,2,(
    (#3234,#3235,#3236)
    ,(#3237,#3238,#3239)
    ,(#3240,#3241,#3242)
    ,(#3243,#3244,#3245
)),.UNSPECIFIED.,.F.,.F.,.F.) B_SPLINE_SURFACE_WITH_KNOTS((4,4),(3,3),(
    5.553125052603E-04,8.849625057557E-04),(0.,1.),
.PIECEWISE_BEZIER_KNOTS.) GEOMETRIC_REPRESENTATION_ITEM() 
RATIONAL_B_SPLINE_SURFACE((
    (1.,0.755153826007,1.)
    ,(1.,0.75120992789,1.)
    ,(1.,0.74707239038,1.)
,(1.,0.742708681954,1.))) REPRESENTATION_ITEM('') SURFACE() );
#3234 = CARTESIAN_POINT('',(-0.818129524406,0.131323550361,
    2.551990268518));
#3235 = CARTESIAN_POINT('',(-0.838296048119,0.131130411377,
    2.550152673836));
#3236 = CARTESIAN_POINT('',(-0.84112973917,0.111163033573,2.551990268518
    ));
#3237 = CARTESIAN_POINT('',(-0.80810367711,0.119885517973,2.443164659738
    ));
#3238 = CARTESIAN_POINT('',(-0.828461857982,0.119627609361,
    2.440710823209));
#3239 = CARTESIAN_POINT('',(-0.831140820735,9.944557241844E-02,
    2.443164658876));
#3240 = CARTESIAN_POINT('',(-0.797895301578,0.108449116535,
    2.334354568412));
#3241 = CARTESIAN_POINT('',(-0.818501714031,0.108179428962,
    2.331788662554));
#3242 = CARTESIAN_POINT('',(-0.820965749426,8.771818457668E-02,
    2.334354567297));
#3243 = CARTESIAN_POINT('',(-0.787482724012,9.701487253362E-02,
    2.225565003728));
#3244 = CARTESIAN_POINT('',(-0.80842024612,9.680654569945E-02,
    2.223582906303));
#3245 = CARTESIAN_POINT('',(-0.810581676201,7.597984523886E-02,
    2.225565003728));
#3246 = ADVANCED_FACE('',(#3247,#3251),#3255,.T.);
#3247 = FACE_BOUND('',#3248,.T.);
#3248 = EDGE_LOOP('',(#3249,#3250));
#3249 = ORIENTED_EDGE('',*,*,#1696,.F.);
#3250 = ORIENTED_EDGE('',*,*,#1495,.F.);
#3251 = FACE_BOUND('',#3252,.T.);
#3252 = EDGE_LOOP('',(#3253,#3254));
#3253 = ORIENTED_EDGE('',*,*,#1395,.F.);
#3254 = ORIENTED_EDGE('',*,*,#1741,.F.);
#3255 = PLANE('',#3256);
#3256 = AXIS2_PLACEMENT_3D('',#3257,#3258,#3259);
#3257 = CARTESIAN_POINT('',(0.,-1.201361459788,1.3));
#3258 = DIRECTION('',(0.,1.224646799147E-16,-1.));
#3259 = DIRECTION('',(0.,1.,1.224646799147E-16));
#3260 = ADVANCED_FACE('',(#3261),#3271,.T.);
#3261 = FACE_BOUND('',#3262,.T.);
#3262 = EDGE_LOOP('',(#3263,#3264,#3270));
#3263 = ORIENTED_EDGE('',*,*,#165,.F.);
#3264 = ORIENTED_EDGE('',*,*,#3265,.T.);
#3265 = EDGE_CURVE('',#154,#1511,#3266,.T.);
#3266 = ( BOUNDED_CURVE() B_SPLINE_CURVE(2,(#3267,#3268,#3269),
.UNSPECIFIED.,.F.,.F.) B_SPLINE_CURVE_WITH_KNOTS((3,3),(0.6,
0.606404272473),.PIECEWISE_BEZIER_KNOTS.) CURVE() 
GEOMETRIC_REPRESENTATION_ITEM() RATIONAL_B_SPLINE_CURVE((1.,
0.974259705441,0.958410282476)) REPRESENTATION_ITEM('') );
#3267 = CARTESIAN_POINT('',(0.,0.8,1.15));
#3268 = CARTESIAN_POINT('',(-7.888170807647E-02,0.8,1.154981197309));
#3269 = CARTESIAN_POINT('',(-0.156244349055,0.784593973587,
    1.160428147092));
#3270 = ORIENTED_EDGE('',*,*,#1510,.T.);
#3271 = CYLINDRICAL_SURFACE('',#3272,0.8);
#3272 = AXIS2_PLACEMENT_3D('',#3273,#3274,#3275);
#3273 = CARTESIAN_POINT('',(0.,9.908951626062E-16,2.7));
#3274 = DIRECTION('',(-0.,-1.224646799147E-16,1.));
#3275 = DIRECTION('',(0.,-1.,-1.224646799147E-16));
#3276 = ADVANCED_FACE('',(#3277),#3312,.T.);
#3277 = FACE_BOUND('',#3278,.T.);
#3278 = EDGE_LOOP('',(#3279,#3280,#3296,#3302,#3303,#3304,#3305,#3306,
    #3307,#3308,#3309,#3310,#3311));
#3279 = ORIENTED_EDGE('',*,*,#1598,.F.);
#3280 = ORIENTED_EDGE('',*,*,#3281,.F.);
#3281 = EDGE_CURVE('',#3282,#1599,#3284,.T.);
#3282 = VERTEX_POINT('',#3283);
#3283 = CARTESIAN_POINT('',(0.,0.572668331507,0.275));
#3284 = ( BOUNDED_CURVE() B_SPLINE_CURVE(2,(#3285,#3286,#3287,#3288,
    #3289,#3290,#3291,#3292,#3293,#3294,#3295),.UNSPECIFIED.,.F.,.F.) 
B_SPLINE_CURVE_WITH_KNOTS((3,2,2,2,2,3),(0.2,0.233333333333,
    0.266666666667,0.3,0.333333333333,0.349114536121),.UNSPECIFIED.) 
CURVE() GEOMETRIC_REPRESENTATION_ITEM() RATIONAL_B_SPLINE_CURVE((1.,
    0.866025403784,1.,0.866025403784,1.,0.866025403784,1.,0.866025403784
,1.,0.936571591861,0.933201778003)) REPRESENTATION_ITEM('') );
#3285 = CARTESIAN_POINT('',(0.,0.572668331507,0.275));
#3286 = CARTESIAN_POINT('',(-0.330630215352,0.572668331507,
    0.304166666667));
#3287 = CARTESIAN_POINT('',(-0.495945323028,0.286334165753,
    0.333333333333));
#3288 = CARTESIAN_POINT('',(-0.661260430703,-1.531507041303E-14,0.3625)
  );
#3289 = CARTESIAN_POINT('',(-0.495945323028,-0.286334165753,
    0.391666666667));
#3290 = CARTESIAN_POINT('',(-0.330630215352,-0.572668331507,
    0.420833333333));
#3291 = CARTESIAN_POINT('',(-7.013164391526E-17,-0.572668331507,0.45));
#3292 = CARTESIAN_POINT('',(0.330630215352,-0.572668331507,
    0.479166666667));
#3293 = CARTESIAN_POINT('',(0.495945323028,-0.286334165753,
    0.508333333333));
#3294 = CARTESIAN_POINT('',(0.568316152563,-0.160984212012,
    0.521101772293));
#3295 = CARTESIAN_POINT('',(0.572436274724,-1.630120518595E-02,
    0.535839521179));
#3296 = ORIENTED_EDGE('',*,*,#3297,.F.);
#3297 = EDGE_CURVE('',#558,#3282,#3298,.T.);
#3298 = LINE('',#3299,#3300);
#3299 = CARTESIAN_POINT('',(0.,0.695806318607,0.20390625));
#3300 = VECTOR('',#3301,1.);
#3301 = DIRECTION('',(-0.,-0.866025403784,0.5));
#3302 = ORIENTED_EDGE('',*,*,#909,.F.);
#3303 = ORIENTED_EDGE('',*,*,#613,.F.);
#3304 = ORIENTED_EDGE('',*,*,#939,.F.);
#3305 = ORIENTED_EDGE('',*,*,#661,.F.);
#3306 = ORIENTED_EDGE('',*,*,#969,.F.);
#3307 = ORIENTED_EDGE('',*,*,#182,.F.);
#3308 = ORIENTED_EDGE('',*,*,#1681,.F.);
#3309 = ORIENTED_EDGE('',*,*,#1468,.F.);
#3310 = ORIENTED_EDGE('',*,*,#1641,.F.);
#3311 = ORIENTED_EDGE('',*,*,#1542,.F.);
#3312 = ( BOUNDED_SURFACE() B_SPLINE_SURFACE(1,2,(
    (#3313,#3314,#3315,#3316,#3317,#3318,#3319,#3320,#3321,#3322,#3323
      ,#3324,#3325,#3326,#3327,#3328,#3329,#3330,#3331,#3332,#3333,#3334
      ,#3335,#3336,#3337,#3338,#3339,#3340,#3341,#3342,#3343,#3344,#3345
      ,#3346,#3347,#3348,#3349,#3350,#3351,#3352,#3353,#3354,#3355,#3356
      ,#3357,#3358,#3359,#3360,#3361,#3362,#3363,#3364,#3365,#3366,#3367
      ,#3368,#3369,#3370,#3371,#3372,#3373)
    ,(#3374,#3375,#3376,#3377,#3378,#3379,#3380,#3381,#3382,#3383,#3384
      ,#3385,#3386,#3387,#3388,#3389,#3390,#3391,#3392,#3393,#3394,#3395
      ,#3396,#3397,#3398,#3399,#3400,#3401,#3402,#3403,#3404,#3405,#3406
      ,#3407,#3408,#3409,#3410,#3411,#3412,#3413,#3414,#3415,#3416,#3417
      ,#3418,#3419,#3420,#3421,#3422,#3423,#3424,#3425,#3426,#3427,#3428
      ,#3429,#3430,#3431,#3432,#3433,#3434
)),.UNSPECIFIED.,.F.,.F.,.F.) B_SPLINE_SURFACE_WITH_KNOTS((2,2),(3,2,2,2
    ,2,2,2,2,2,2,2,2,2,2,2,2,2,2,2,2,2,2,2,2,2,2,2,2,2,2,3),(0.,1.),(0.,
    3.333333333333E-02,6.666666666667E-02,0.1,0.133333333333,
    0.166666666667,0.2,0.233333333333,0.266666666667,0.3,0.333333333333,
    0.366666666667,0.4,0.433333333333,0.466666666667,0.5,0.533333333333,
    0.566666666667,0.6,0.633333333333,0.666666666667,0.7,0.733333333333,
    0.766666666667,0.8,0.833333333333,0.866666666667,0.9,0.933333333333,
    0.966666666667,1.),.PIECEWISE_BEZIER_KNOTS.) 
GEOMETRIC_REPRESENTATION_ITEM() RATIONAL_B_SPLINE_SURFACE((
    (1.,0.866025403784,1.,0.866025403784,1.,0.866025403784,1.
      ,0.866025403784,1.,0.866025403784,1.,0.866025403784,1.
      ,0.866025403784,1.,0.866025403784,1.,0.866025403784,1.
      ,0.866025403784,1.,0.866025403784,1.,0.866025403784,1.
      ,0.866025403784,1.,0.866025403784,1.,0.866025403784,1.
      ,0.866025403784,1.,0.866025403784,1.,0.866025403784,1.
      ,0.866025403784,1.,0.866025403784,1.,0.866025403784,1.
      ,0.866025403784,1.,0.866025403784,1.,0.866025403784,1.
      ,0.866025403784,1.,0.866025403784,1.,0.866025403784,1.
      ,0.866025403784,1.,0.866025403784,1.,0.866025403784,1.)
    ,(1.,0.866025403784,1.,0.866025403784,1.,0.866025403784,1.
      ,0.866025403784,1.,0.866025403784,1.,0.866025403784,1.
      ,0.866025403784,1.,0.866025403784,1.,0.866025403784,1.
      ,0.866025403784,1.,0.866025403784,1.,0.866025403784,1.
      ,0.866025403784,1.,0.866025403784,1.,0.866025403784,1.
      ,0.866025403784,1.,0.866025403784,1.,0.866025403784,1.
      ,0.866025403784,1.,0.866025403784,1.,0.866025403784,1.
      ,0.866025403784,1.,0.866025403784,1.,0.866025403784,1.
      ,0.866025403784,1.,0.866025403784,1.,0.866025403784,1.
      ,0.866025403784,1.,0.866025403784,1.,0.866025403784,1.
))) REPRESENTATION_ITEM('') SURFACE() );
#3313 = CARTESIAN_POINT('',(0.,0.572668331507,-7.5E-02));
#3314 = CARTESIAN_POINT('',(-0.330630215352,0.572668331507,
    -4.583333333333E-02));
#3315 = CARTESIAN_POINT('',(-0.495945323028,0.286334165753,
    -1.666666666666E-02));
#3316 = CARTESIAN_POINT('',(-0.661260430703,-1.527220777506E-14,1.25E-02
    ));
#3317 = CARTESIAN_POINT('',(-0.495945323028,-0.286334165753,
    4.166666666667E-02));
#3318 = CARTESIAN_POINT('',(-0.330630215352,-0.572668331507,
    7.083333333334E-02));
#3319 = CARTESIAN_POINT('',(-7.013164391526E-17,-0.572668331507,0.1));
#3320 = CARTESIAN_POINT('',(0.330630215352,-0.572668331507,
    0.129166666667));
#3321 = CARTESIAN_POINT('',(0.495945323028,-0.286334165753,
    0.158333333333));
#3322 = CARTESIAN_POINT('',(0.661260430703,-1.545560118802E-14,0.1875));
#3323 = CARTESIAN_POINT('',(0.495945323028,0.286334165753,0.216666666667
    ));
#3324 = CARTESIAN_POINT('',(0.330630215352,0.572668331507,0.245833333333
    ));
#3325 = CARTESIAN_POINT('',(0.,0.572668331507,0.275));
#3326 = CARTESIAN_POINT('',(-0.330630215352,0.572668331507,
    0.304166666667));
#3327 = CARTESIAN_POINT('',(-0.495945323028,0.286334165753,
    0.333333333333));
#3328 = CARTESIAN_POINT('',(-0.661260430703,-1.531507041303E-14,0.3625)
  );
#3329 = CARTESIAN_POINT('',(-0.495945323028,-0.286334165753,
    0.391666666667));
#3330 = CARTESIAN_POINT('',(-0.330630215352,-0.572668331507,
    0.420833333333));
#3331 = CARTESIAN_POINT('',(-7.013164391526E-17,-0.572668331507,0.45));
#3332 = CARTESIAN_POINT('',(0.330630215352,-0.572668331507,
    0.479166666667));
#3333 = CARTESIAN_POINT('',(0.495945323028,-0.286334165753,
    0.508333333333));
#3334 = CARTESIAN_POINT('',(0.661260430703,-1.549846382599E-14,0.5375));
#3335 = CARTESIAN_POINT('',(0.495945323028,0.286334165753,0.566666666667
    ));
#3336 = CARTESIAN_POINT('',(0.330630215352,0.572668331507,0.595833333333
    ));
#3337 = CARTESIAN_POINT('',(0.,0.572668331507,0.625));
#3338 = CARTESIAN_POINT('',(-0.330630215352,0.572668331507,
    0.654166666667));
#3339 = CARTESIAN_POINT('',(-0.495945323028,0.286334165753,
    0.683333333333));
#3340 = CARTESIAN_POINT('',(-0.661260430703,-1.5357933051E-14,0.7125));
#3341 = CARTESIAN_POINT('',(-0.495945323028,-0.286334165753,
    0.741666666667));
#3342 = CARTESIAN_POINT('',(-0.330630215352,-0.572668331507,
    0.770833333333));
#3343 = CARTESIAN_POINT('',(-7.013164391526E-17,-0.572668331507,0.8));
#3344 = CARTESIAN_POINT('',(0.330630215352,-0.572668331507,
    0.829166666667));
#3345 = CARTESIAN_POINT('',(0.495945323028,-0.286334165753,
    0.858333333333));
#3346 = CARTESIAN_POINT('',(0.661260430703,-1.554132646396E-14,0.8875));
#3347 = CARTESIAN_POINT('',(0.495945323028,0.286334165753,0.916666666667
    ));
#3348 = CARTESIAN_POINT('',(0.330630215352,0.572668331507,0.945833333333
    ));
#3349 = CARTESIAN_POINT('',(0.,0.572668331507,0.975));
#3350 = CARTESIAN_POINT('',(-0.330630215352,0.572668331507,
    1.004166666667));
#3351 = CARTESIAN_POINT('',(-0.495945323028,0.286334165753,
    1.033333333333));
#3352 = CARTESIAN_POINT('',(-0.661260430703,-1.540079568897E-14,1.0625)
  );
#3353 = CARTESIAN_POINT('',(-0.495945323028,-0.286334165753,
    1.091666666667));
#3354 = CARTESIAN_POINT('',(-0.330630215352,-0.572668331507,
    1.120833333333));
#3355 = CARTESIAN_POINT('',(-7.013164391526E-17,-0.572668331507,1.15));
#3356 = CARTESIAN_POINT('',(0.330630215352,-0.572668331507,
    1.179166666667));
#3357 = CARTESIAN_POINT('',(0.495945323028,-0.286334165753,
    1.208333333333));
#3358 = CARTESIAN_POINT('',(0.661260430703,-1.558418910193E-14,1.2375));
#3359 = CARTESIAN_POINT('',(0.495945323028,0.286334165753,1.266666666667
    ));
#3360 = CARTESIAN_POINT('',(0.330630215352,0.572668331507,1.295833333333
    ));
#3361 = CARTESIAN_POINT('',(0.,0.572668331507,1.325));
#3362 = CARTESIAN_POINT('',(-0.330630215352,0.572668331507,
    1.354166666667));
#3363 = CARTESIAN_POINT('',(-0.495945323028,0.286334165753,
    1.383333333333));
#3364 = CARTESIAN_POINT('',(-0.661260430703,-1.544365832694E-14,1.4125)
  );
#3365 = CARTESIAN_POINT('',(-0.495945323028,-0.286334165753,
    1.441666666667));
#3366 = CARTESIAN_POINT('',(-0.330630215352,-0.572668331507,
    1.470833333333));
#3367 = CARTESIAN_POINT('',(-7.013164391526E-17,-0.572668331507,1.5));
#3368 = CARTESIAN_POINT('',(0.330630215352,-0.572668331507,
    1.529166666667));
#3369 = CARTESIAN_POINT('',(0.495945323028,-0.286334165753,
    1.558333333333));
#3370 = CARTESIAN_POINT('',(0.661260430703,-1.56270517399E-14,1.5875));
#3371 = CARTESIAN_POINT('',(0.495945323028,0.286334165753,1.616666666667
    ));
#3372 = CARTESIAN_POINT('',(0.330630215352,0.572668331507,1.645833333333
    ));
#3373 = CARTESIAN_POINT('',(0.,0.572668331507,1.675));
#3374 = CARTESIAN_POINT('',(0.,0.818944305708,-0.2171875));
#3375 = CARTESIAN_POINT('',(-0.472817715352,0.818944305708,
    -0.188020833333));
#3376 = CARTESIAN_POINT('',(-0.709226573028,0.409472152854,
    -0.158854166667));
#3377 = CARTESIAN_POINT('',(-0.945635430703,-1.523738188171E-14,
    -0.1296875));
#3378 = CARTESIAN_POINT('',(-0.709226573028,-0.409472152854,
    -0.100520833333));
#3379 = CARTESIAN_POINT('',(-0.472817715352,-0.818944305708,
    -7.135416666667E-02));
#3380 = CARTESIAN_POINT('',(-1.002917522665E-16,-0.818944305708,
    -4.21875E-02));
#3381 = CARTESIAN_POINT('',(0.472817715352,-0.818944305708,
    -1.302083333333E-02));
#3382 = CARTESIAN_POINT('',(0.709226573028,-0.409472152854,
    1.614583333333E-02));
#3383 = CARTESIAN_POINT('',(0.945635430703,-1.549042708137E-14,
    4.53125E-02));
#3384 = CARTESIAN_POINT('',(0.709226573028,0.409472152854,
    7.447916666667E-02));
#3385 = CARTESIAN_POINT('',(0.472817715352,0.818944305708,0.103645833333
    ));
#3386 = CARTESIAN_POINT('',(0.,0.818944305708,0.1328125));
#3387 = CARTESIAN_POINT('',(-0.472817715352,0.818944305708,
    0.161979166667));
#3388 = CARTESIAN_POINT('',(-0.709226573028,0.409472152854,
    0.191145833333));
#3389 = CARTESIAN_POINT('',(-0.945635430703,-1.528024451968E-14,
    0.2203125));
#3390 = CARTESIAN_POINT('',(-0.709226573028,-0.409472152854,
    0.249479166667));
#3391 = CARTESIAN_POINT('',(-0.472817715352,-0.818944305708,
    0.278645833333));
#3392 = CARTESIAN_POINT('',(-1.002917522665E-16,-0.818944305708,
    0.3078125));
#3393 = CARTESIAN_POINT('',(0.472817715352,-0.818944305708,
    0.336979166667));
#3394 = CARTESIAN_POINT('',(0.709226573028,-0.409472152854,
    0.366145833333));
#3395 = CARTESIAN_POINT('',(0.945635430703,-1.553328971934E-14,0.3953125
    ));
#3396 = CARTESIAN_POINT('',(0.709226573028,0.409472152854,0.424479166667
    ));
#3397 = CARTESIAN_POINT('',(0.472817715352,0.818944305708,0.453645833333
    ));
#3398 = CARTESIAN_POINT('',(0.,0.818944305708,0.4828125));
#3399 = CARTESIAN_POINT('',(-0.472817715352,0.818944305708,
    0.511979166667));
#3400 = CARTESIAN_POINT('',(-0.709226573028,0.409472152854,
    0.541145833333));
#3401 = CARTESIAN_POINT('',(-0.945635430703,-1.532310715765E-14,
    0.5703125));
#3402 = CARTESIAN_POINT('',(-0.709226573028,-0.409472152854,
    0.599479166667));
#3403 = CARTESIAN_POINT('',(-0.472817715352,-0.818944305708,
    0.628645833333));
#3404 = CARTESIAN_POINT('',(-1.002917522665E-16,-0.818944305708,
    0.6578125));
#3405 = CARTESIAN_POINT('',(0.472817715352,-0.818944305708,
    0.686979166667));
#3406 = CARTESIAN_POINT('',(0.709226573028,-0.409472152854,
    0.716145833333));
#3407 = CARTESIAN_POINT('',(0.945635430703,-1.557615235731E-14,0.7453125
    ));
#3408 = CARTESIAN_POINT('',(0.709226573028,0.409472152854,0.774479166667
    ));
#3409 = CARTESIAN_POINT('',(0.472817715352,0.818944305708,0.803645833333
    ));
#3410 = CARTESIAN_POINT('',(0.,0.818944305708,0.8328125));
#3411 = CARTESIAN_POINT('',(-0.472817715352,0.818944305708,
    0.861979166667));
#3412 = CARTESIAN_POINT('',(-0.709226573028,0.409472152854,
    0.891145833333));
#3413 = CARTESIAN_POINT('',(-0.945635430703,-1.536596979562E-14,
    0.9203125));
#3414 = CARTESIAN_POINT('',(-0.709226573028,-0.409472152854,
    0.949479166667));
#3415 = CARTESIAN_POINT('',(-0.472817715352,-0.818944305708,
    0.978645833333));
#3416 = CARTESIAN_POINT('',(-1.002917522665E-16,-0.818944305708,
    1.0078125));
#3417 = CARTESIAN_POINT('',(0.472817715352,-0.818944305708,
    1.036979166667));
#3418 = CARTESIAN_POINT('',(0.709226573028,-0.409472152854,
    1.066145833333));
#3419 = CARTESIAN_POINT('',(0.945635430703,-1.561901499528E-14,1.0953125
    ));
#3420 = CARTESIAN_POINT('',(0.709226573028,0.409472152854,1.124479166667
    ));
#3421 = CARTESIAN_POINT('',(0.472817715352,0.818944305708,1.153645833333
    ));
#3422 = CARTESIAN_POINT('',(0.,0.818944305708,1.1828125));
#3423 = CARTESIAN_POINT('',(-0.472817715352,0.818944305708,
    1.211979166667));
#3424 = CARTESIAN_POINT('',(-0.709226573028,0.409472152854,
    1.241145833333));
#3425 = CARTESIAN_POINT('',(-0.945635430703,-1.540883243359E-14,
    1.2703125));
#3426 = CARTESIAN_POINT('',(-0.709226573028,-0.409472152854,
    1.299479166667));
#3427 = CARTESIAN_POINT('',(-0.472817715352,-0.818944305708,
    1.328645833333));
#3428 = CARTESIAN_POINT('',(-1.002917522665E-16,-0.818944305708,
    1.3578125));
#3429 = CARTESIAN_POINT('',(0.472817715352,-0.818944305708,
    1.386979166667));
#3430 = CARTESIAN_POINT('',(0.709226573028,-0.409472152854,
    1.416145833333));
#3431 = CARTESIAN_POINT('',(0.945635430703,-1.566187763325E-14,1.4453125
    ));
#3432 = CARTESIAN_POINT('',(0.709226573028,0.409472152854,1.474479166667
    ));
#3433 = CARTESIAN_POINT('',(0.472817715352,0.818944305708,1.503645833333
    ));
#3434 = CARTESIAN_POINT('',(0.,0.818944305708,1.5328125));
#3435 = ADVANCED_FACE('',(#3436),#3467,.T.);
#3436 = FACE_BOUND('',#3437,.T.);
#3437 = EDGE_LOOP('',(#3438,#3439,#3440,#3441,#3442,#3443,#3444,#3452,
    #3464,#3465,#3466));
#3438 = ORIENTED_EDGE('',*,*,#1519,.F.);
#3439 = ORIENTED_EDGE('',*,*,#3265,.F.);
#3440 = ORIENTED_EDGE('',*,*,#151,.F.);
#3441 = ORIENTED_EDGE('',*,*,#958,.F.);
#3442 = ORIENTED_EDGE('',*,*,#639,.F.);
#3443 = ORIENTED_EDGE('',*,*,#928,.F.);
#3444 = ORIENTED_EDGE('',*,*,#3445,.F.);
#3445 = EDGE_CURVE('',#3446,#594,#3448,.T.);
#3446 = VERTEX_POINT('',#3447);
#3447 = CARTESIAN_POINT('',(0.,0.572668331507,0.31875));
#3448 = LINE('',#3449,#3450);
#3449 = CARTESIAN_POINT('',(0.,0.695806318607,0.38984375));
#3450 = VECTOR('',#3451,1.);
#3451 = DIRECTION('',(-0.,0.866025403784,0.5));
#3452 = ORIENTED_EDGE('',*,*,#3453,.T.);
#3453 = EDGE_CURVE('',#3446,#1611,#3454,.T.);
#3454 = ( BOUNDED_CURVE() B_SPLINE_CURVE(2,(#3455,#3456,#3457,#3458,
    #3459,#3460,#3461,#3462,#3463),.UNSPECIFIED.,.F.,.F.) 
B_SPLINE_CURVE_WITH_KNOTS((3,2,2,2,3),(0.2,0.233333333333,0.266666666667
,0.3,0.323643162276),.UNSPECIFIED.) CURVE() 
GEOMETRIC_REPRESENTATION_ITEM() RATIONAL_B_SPLINE_CURVE((1.,
    0.866025403784,1.,0.866025403784,1.,0.866025403784,1.,0.904972506424
,0.944750039927)) REPRESENTATION_ITEM('') );
#3455 = CARTESIAN_POINT('',(0.,0.572668331507,0.31875));
#3456 = CARTESIAN_POINT('',(-0.330630215352,0.572668331507,
    0.347916666667));
#3457 = CARTESIAN_POINT('',(-0.495945323028,0.286334165753,
    0.377083333333));
#3458 = CARTESIAN_POINT('',(-0.661260430703,-1.532042824278E-14,0.40625)
  );
#3459 = CARTESIAN_POINT('',(-0.495945323028,-0.286334165753,
    0.435416666667));
#3460 = CARTESIAN_POINT('',(-0.330630215352,-0.572668331507,
    0.464583333333));
#3461 = CARTESIAN_POINT('',(-7.013164391526E-17,-0.572668331507,0.49375)
  );
#3462 = CARTESIAN_POINT('',(0.224421574072,-0.572668331507,
    0.513547432116));
#3463 = CARTESIAN_POINT('',(0.38908855069,-0.420189383056,0.535839521179
    ));
#3464 = ORIENTED_EDGE('',*,*,#1610,.F.);
#3465 = ORIENTED_EDGE('',*,*,#1567,.F.);
#3466 = ORIENTED_EDGE('',*,*,#1655,.F.);
#3467 = ( BOUNDED_SURFACE() B_SPLINE_SURFACE(1,2,(
    (#3468,#3469,#3470,#3471,#3472,#3473,#3474,#3475,#3476,#3477,#3478
      ,#3479,#3480,#3481,#3482,#3483,#3484,#3485,#3486,#3487,#3488,#3489
      ,#3490,#3491,#3492,#3493,#3494,#3495,#3496,#3497,#3498,#3499,#3500
      ,#3501,#3502,#3503,#3504,#3505,#3506,#3507,#3508,#3509,#3510,#3511
      ,#3512,#3513,#3514,#3515,#3516,#3517,#3518,#3519,#3520,#3521,#3522
      ,#3523,#3524,#3525,#3526,#3527,#3528)
    ,(#3529,#3530,#3531,#3532,#3533,#3534,#3535,#3536,#3537,#3538,#3539
      ,#3540,#3541,#3542,#3543,#3544,#3545,#3546,#3547,#3548,#3549,#3550
      ,#3551,#3552,#3553,#3554,#3555,#3556,#3557,#3558,#3559,#3560,#3561
      ,#3562,#3563,#3564,#3565,#3566,#3567,#3568,#3569,#3570,#3571,#3572
      ,#3573,#3574,#3575,#3576,#3577,#3578,#3579,#3580,#3581,#3582,#3583
      ,#3584,#3585,#3586,#3587,#3588,#3589
)),.UNSPECIFIED.,.F.,.F.,.F.) B_SPLINE_SURFACE_WITH_KNOTS((2,2),(3,2,2,2
    ,2,2,2,2,2,2,2,2,2,2,2,2,2,2,2,2,2,2,2,2,2,2,2,2,2,2,3),(0.,1.),(0.,
    3.333333333333E-02,6.666666666667E-02,0.1,0.133333333333,
    0.166666666667,0.2,0.233333333333,0.266666666667,0.3,0.333333333333,
    0.366666666667,0.4,0.433333333333,0.466666666667,0.5,0.533333333333,
    0.566666666667,0.6,0.633333333333,0.666666666667,0.7,0.733333333333,
    0.766666666667,0.8,0.833333333333,0.866666666667,0.9,0.933333333333,
    0.966666666667,1.),.PIECEWISE_BEZIER_KNOTS.) 
GEOMETRIC_REPRESENTATION_ITEM() RATIONAL_B_SPLINE_SURFACE((
    (1.,0.866025403784,1.,0.866025403784,1.,0.866025403784,1.
      ,0.866025403784,1.,0.866025403784,1.,0.866025403784,1.
      ,0.866025403784,1.,0.866025403784,1.,0.866025403784,1.
      ,0.866025403784,1.,0.866025403784,1.,0.866025403784,1.
      ,0.866025403784,1.,0.866025403784,1.,0.866025403784,1.
      ,0.866025403784,1.,0.866025403784,1.,0.866025403784,1.
      ,0.866025403784,1.,0.866025403784,1.,0.866025403784,1.
      ,0.866025403784,1.,0.866025403784,1.,0.866025403784,1.
      ,0.866025403784,1.,0.866025403784,1.,0.866025403784,1.
      ,0.866025403784,1.,0.866025403784,1.,0.866025403784,1.)
    ,(1.,0.866025403784,1.,0.866025403784,1.,0.866025403784,1.
      ,0.866025403784,1.,0.866025403784,1.,0.866025403784,1.
      ,0.866025403784,1.,0.866025403784,1.,0.866025403784,1.
      ,0.866025403784,1.,0.866025403784,1.,0.866025403784,1.
      ,0.866025403784,1.,0.866025403784,1.,0.866025403784,1.
      ,0.866025403784,1.,0.866025403784,1.,0.866025403784,1.
      ,0.866025403784,1.,0.866025403784,1.,0.866025403784,1.
      ,0.866025403784,1.,0.866025403784,1.,0.866025403784,1.
      ,0.866025403784,1.,0.866025403784,1.,0.866025403784,1.
      ,0.866025403784,1.,0.866025403784,1.,0.866025403784,1.
))) REPRESENTATION_ITEM('') SURFACE() );
#3468 = CARTESIAN_POINT('',(0.,0.818944305708,0.1109375));
#3469 = CARTESIAN_POINT('',(-0.472817715352,0.818944305708,
    0.140104166667));
#3470 = CARTESIAN_POINT('',(-0.709226573028,0.409472152854,
    0.169270833333));
#3471 = CARTESIAN_POINT('',(-0.945635430703,-1.527756560481E-14,
    0.1984375));
#3472 = CARTESIAN_POINT('',(-0.709226573028,-0.409472152854,
    0.227604166667));
#3473 = CARTESIAN_POINT('',(-0.472817715352,-0.818944305708,
    0.256770833333));
#3474 = CARTESIAN_POINT('',(-1.002917522665E-16,-0.818944305708,
    0.2859375));
#3475 = CARTESIAN_POINT('',(0.472817715352,-0.818944305708,
    0.315104166667));
#3476 = CARTESIAN_POINT('',(0.709226573028,-0.409472152854,
    0.344270833333));
#3477 = CARTESIAN_POINT('',(0.945635430703,-1.553061080447E-14,0.3734375
    ));
#3478 = CARTESIAN_POINT('',(0.709226573028,0.409472152854,0.402604166667
    ));
#3479 = CARTESIAN_POINT('',(0.472817715352,0.818944305708,0.431770833333
    ));
#3480 = CARTESIAN_POINT('',(0.,0.818944305708,0.4609375));
#3481 = CARTESIAN_POINT('',(-0.472817715352,0.818944305708,
    0.490104166667));
#3482 = CARTESIAN_POINT('',(-0.709226573028,0.409472152854,
    0.519270833333));
#3483 = CARTESIAN_POINT('',(-0.945635430703,-1.532042824278E-14,
    0.5484375));
#3484 = CARTESIAN_POINT('',(-0.709226573028,-0.409472152854,
    0.577604166667));
#3485 = CARTESIAN_POINT('',(-0.472817715352,-0.818944305708,
    0.606770833333));
#3486 = CARTESIAN_POINT('',(-1.002917522665E-16,-0.818944305708,
    0.6359375));
#3487 = CARTESIAN_POINT('',(0.472817715352,-0.818944305708,
    0.665104166667));
#3488 = CARTESIAN_POINT('',(0.709226573028,-0.409472152854,
    0.694270833333));
#3489 = CARTESIAN_POINT('',(0.945635430703,-1.557347344244E-14,0.7234375
    ));
#3490 = CARTESIAN_POINT('',(0.709226573028,0.409472152854,0.752604166667
    ));
#3491 = CARTESIAN_POINT('',(0.472817715352,0.818944305708,0.781770833333
    ));
#3492 = CARTESIAN_POINT('',(0.,0.818944305708,0.8109375));
#3493 = CARTESIAN_POINT('',(-0.472817715352,0.818944305708,
    0.840104166667));
#3494 = CARTESIAN_POINT('',(-0.709226573028,0.409472152854,
    0.869270833333));
#3495 = CARTESIAN_POINT('',(-0.945635430703,-1.536329088075E-14,
    0.8984375));
#3496 = CARTESIAN_POINT('',(-0.709226573028,-0.409472152854,
    0.927604166667));
#3497 = CARTESIAN_POINT('',(-0.472817715352,-0.818944305708,
    0.956770833333));
#3498 = CARTESIAN_POINT('',(-1.002917522665E-16,-0.818944305708,
    0.9859375));
#3499 = CARTESIAN_POINT('',(0.472817715352,-0.818944305708,
    1.015104166667));
#3500 = CARTESIAN_POINT('',(0.709226573028,-0.409472152854,
    1.044270833333));
#3501 = CARTESIAN_POINT('',(0.945635430703,-1.561633608041E-14,1.0734375
    ));
#3502 = CARTESIAN_POINT('',(0.709226573028,0.409472152854,1.102604166667
    ));
#3503 = CARTESIAN_POINT('',(0.472817715352,0.818944305708,1.131770833333
    ));
#3504 = CARTESIAN_POINT('',(0.,0.818944305708,1.1609375));
#3505 = CARTESIAN_POINT('',(-0.472817715352,0.818944305708,
    1.190104166667));
#3506 = CARTESIAN_POINT('',(-0.709226573028,0.409472152854,
    1.219270833333));
#3507 = CARTESIAN_POINT('',(-0.945635430703,-1.540615351872E-14,
    1.2484375));
#3508 = CARTESIAN_POINT('',(-0.709226573028,-0.409472152854,
    1.277604166667));
#3509 = CARTESIAN_POINT('',(-0.472817715352,-0.818944305708,
    1.306770833333));
#3510 = CARTESIAN_POINT('',(-1.002917522665E-16,-0.818944305708,
    1.3359375));
#3511 = CARTESIAN_POINT('',(0.472817715352,-0.818944305708,
    1.365104166667));
#3512 = CARTESIAN_POINT('',(0.709226573028,-0.409472152854,
    1.394270833333));
#3513 = CARTESIAN_POINT('',(0.945635430703,-1.565919871838E-14,1.4234375
    ));
#3514 = CARTESIAN_POINT('',(0.709226573028,0.409472152854,1.452604166667
    ));
#3515 = CARTESIAN_POINT('',(0.472817715352,0.818944305708,1.481770833333
    ));
#3516 = CARTESIAN_POINT('',(0.,0.818944305708,1.5109375));
#3517 = CARTESIAN_POINT('',(-0.472817715352,0.818944305708,
    1.540104166667));
#3518 = CARTESIAN_POINT('',(-0.709226573028,0.409472152854,
    1.569270833333));
#3519 = CARTESIAN_POINT('',(-0.945635430703,-1.544901615669E-14,
    1.5984375));
#3520 = CARTESIAN_POINT('',(-0.709226573028,-0.409472152854,
    1.627604166667));
#3521 = CARTESIAN_POINT('',(-0.472817715352,-0.818944305708,
    1.656770833333));
#3522 = CARTESIAN_POINT('',(-1.002917522665E-16,-0.818944305708,
    1.6859375));
#3523 = CARTESIAN_POINT('',(0.472817715352,-0.818944305708,
    1.715104166667));
#3524 = CARTESIAN_POINT('',(0.709226573028,-0.409472152854,
    1.744270833333));
#3525 = CARTESIAN_POINT('',(0.945635430703,-1.570206135635E-14,1.7734375
    ));
#3526 = CARTESIAN_POINT('',(0.709226573028,0.409472152854,1.802604166667
    ));
#3527 = CARTESIAN_POINT('',(0.472817715352,0.818944305708,1.831770833333
    ));
#3528 = CARTESIAN_POINT('',(0.,0.818944305708,1.8609375));
#3529 = CARTESIAN_POINT('',(0.,0.572668331507,-3.125E-02));
#3530 = CARTESIAN_POINT('',(-0.330630215352,0.572668331507,
    -2.08333333333E-03));
#3531 = CARTESIAN_POINT('',(-0.495945323028,0.286334165753,
    2.708333333334E-02));
#3532 = CARTESIAN_POINT('',(-0.661260430703,-1.527756560481E-14,
    5.625E-02));
#3533 = CARTESIAN_POINT('',(-0.495945323028,-0.286334165753,
    8.541666666667E-02));
#3534 = CARTESIAN_POINT('',(-0.330630215352,-0.572668331507,
    0.114583333333));
#3535 = CARTESIAN_POINT('',(-7.013164391526E-17,-0.572668331507,0.14375)
  );
#3536 = CARTESIAN_POINT('',(0.330630215352,-0.572668331507,
    0.172916666667));
#3537 = CARTESIAN_POINT('',(0.495945323028,-0.286334165753,
    0.202083333333));
#3538 = CARTESIAN_POINT('',(0.661260430703,-1.546095901777E-14,0.23125)
  );
#3539 = CARTESIAN_POINT('',(0.495945323028,0.286334165753,0.260416666667
    ));
#3540 = CARTESIAN_POINT('',(0.330630215352,0.572668331507,0.289583333333
    ));
#3541 = CARTESIAN_POINT('',(0.,0.572668331507,0.31875));
#3542 = CARTESIAN_POINT('',(-0.330630215352,0.572668331507,
    0.347916666667));
#3543 = CARTESIAN_POINT('',(-0.495945323028,0.286334165753,
    0.377083333333));
#3544 = CARTESIAN_POINT('',(-0.661260430703,-1.532042824278E-14,0.40625)
  );
#3545 = CARTESIAN_POINT('',(-0.495945323028,-0.286334165753,
    0.435416666667));
#3546 = CARTESIAN_POINT('',(-0.330630215352,-0.572668331507,
    0.464583333333));
#3547 = CARTESIAN_POINT('',(-7.013164391526E-17,-0.572668331507,0.49375)
  );
#3548 = CARTESIAN_POINT('',(0.330630215352,-0.572668331507,
    0.522916666667));
#3549 = CARTESIAN_POINT('',(0.495945323028,-0.286334165753,
    0.552083333333));
#3550 = CARTESIAN_POINT('',(0.661260430703,-1.550382165574E-14,0.58125)
  );
#3551 = CARTESIAN_POINT('',(0.495945323028,0.286334165753,0.610416666667
    ));
#3552 = CARTESIAN_POINT('',(0.330630215352,0.572668331507,0.639583333333
    ));
#3553 = CARTESIAN_POINT('',(0.,0.572668331507,0.66875));
#3554 = CARTESIAN_POINT('',(-0.330630215352,0.572668331507,
    0.697916666667));
#3555 = CARTESIAN_POINT('',(-0.495945323028,0.286334165753,
    0.727083333333));
#3556 = CARTESIAN_POINT('',(-0.661260430703,-1.536329088075E-14,0.75625)
  );
#3557 = CARTESIAN_POINT('',(-0.495945323028,-0.286334165753,
    0.785416666667));
#3558 = CARTESIAN_POINT('',(-0.330630215352,-0.572668331507,
    0.814583333333));
#3559 = CARTESIAN_POINT('',(-7.013164391526E-17,-0.572668331507,0.84375)
  );
#3560 = CARTESIAN_POINT('',(0.330630215352,-0.572668331507,
    0.872916666667));
#3561 = CARTESIAN_POINT('',(0.495945323028,-0.286334165753,
    0.902083333333));
#3562 = CARTESIAN_POINT('',(0.661260430703,-1.554668429371E-14,0.93125)
  );
#3563 = CARTESIAN_POINT('',(0.495945323028,0.286334165753,0.960416666667
    ));
#3564 = CARTESIAN_POINT('',(0.330630215352,0.572668331507,0.989583333333
    ));
#3565 = CARTESIAN_POINT('',(0.,0.572668331507,1.01875));
#3566 = CARTESIAN_POINT('',(-0.330630215352,0.572668331507,
    1.047916666667));
#3567 = CARTESIAN_POINT('',(-0.495945323028,0.286334165753,
    1.077083333333));
#3568 = CARTESIAN_POINT('',(-0.661260430703,-1.540615351872E-14,1.10625)
  );
#3569 = CARTESIAN_POINT('',(-0.495945323028,-0.286334165753,
    1.135416666667));
#3570 = CARTESIAN_POINT('',(-0.330630215352,-0.572668331507,
    1.164583333333));
#3571 = CARTESIAN_POINT('',(-7.013164391526E-17,-0.572668331507,1.19375)
  );
#3572 = CARTESIAN_POINT('',(0.330630215352,-0.572668331507,
    1.222916666667));
#3573 = CARTESIAN_POINT('',(0.495945323028,-0.286334165753,
    1.252083333333));
#3574 = CARTESIAN_POINT('',(0.661260430703,-1.558954693168E-14,1.28125)
  );
#3575 = CARTESIAN_POINT('',(0.495945323028,0.286334165753,1.310416666667
    ));
#3576 = CARTESIAN_POINT('',(0.330630215352,0.572668331507,1.339583333333
    ));
#3577 = CARTESIAN_POINT('',(0.,0.572668331507,1.36875));
#3578 = CARTESIAN_POINT('',(-0.330630215352,0.572668331507,
    1.397916666667));
#3579 = CARTESIAN_POINT('',(-0.495945323028,0.286334165753,
    1.427083333333));
#3580 = CARTESIAN_POINT('',(-0.661260430703,-1.544901615669E-14,1.45625)
  );
#3581 = CARTESIAN_POINT('',(-0.495945323028,-0.286334165753,
    1.485416666667));
#3582 = CARTESIAN_POINT('',(-0.330630215352,-0.572668331507,
    1.514583333333));
#3583 = CARTESIAN_POINT('',(-7.013164391526E-17,-0.572668331507,1.54375)
  );
#3584 = CARTESIAN_POINT('',(0.330630215352,-0.572668331507,
    1.572916666667));
#3585 = CARTESIAN_POINT('',(0.495945323028,-0.286334165753,
    1.602083333333));
#3586 = CARTESIAN_POINT('',(0.661260430703,-1.563240956965E-14,1.63125)
  );
#3587 = CARTESIAN_POINT('',(0.495945323028,0.286334165753,1.660416666667
    ));
#3588 = CARTESIAN_POINT('',(0.330630215352,0.572668331507,1.689583333333
    ));
#3589 = CARTESIAN_POINT('',(0.,0.572668331507,1.71875));
#3590 = ADVANCED_FACE('',(#3591),#3602,.T.);
#3591 = FACE_BOUND('',#3592,.T.);
#3592 = EDGE_LOOP('',(#3593,#3594,#3595,#3601));
#3593 = ORIENTED_EDGE('',*,*,#1625,.F.);
#3594 = ORIENTED_EDGE('',*,*,#3453,.F.);
#3595 = ORIENTED_EDGE('',*,*,#3596,.F.);
#3596 = EDGE_CURVE('',#3282,#3446,#3597,.T.);
#3597 = LINE('',#3598,#3599);
#3598 = CARTESIAN_POINT('',(0.,0.572668331507,0.296875));
#3599 = VECTOR('',#3600,1.);
#3600 = DIRECTION('',(-0.,-0.,1.));
#3601 = ORIENTED_EDGE('',*,*,#3281,.T.);
#3602 = ( BOUNDED_SURFACE() B_SPLINE_SURFACE(1,2,(
    (#3603,#3604,#3605,#3606,#3607,#3608,#3609,#3610,#3611,#3612,#3613
      ,#3614,#3615,#3616,#3617,#3618,#3619,#3620,#3621,#3622,#3623,#3624
      ,#3625,#3626,#3627,#3628,#3629,#3630,#3631,#3632,#3633,#3634,#3635
      ,#3636,#3637,#3638,#3639,#3640,#3641,#3642,#3643,#3644,#3645,#3646
      ,#3647,#3648,#3649,#3650,#3651,#3652,#3653,#3654,#3655,#3656,#3657
      ,#3658,#3659,#3660,#3661,#3662,#3663)
    ,(#3664,#3665,#3666,#3667,#3668,#3669,#3670,#3671,#3672,#3673,#3674
      ,#3675,#3676,#3677,#3678,#3679,#3680,#3681,#3682,#3683,#3684,#3685
      ,#3686,#3687,#3688,#3689,#3690,#3691,#3692,#3693,#3694,#3695,#3696
      ,#3697,#3698,#3699,#3700,#3701,#3702,#3703,#3704,#3705,#3706,#3707
      ,#3708,#3709,#3710,#3711,#3712,#3713,#3714,#3715,#3716,#3717,#3718
      ,#3719,#3720,#3721,#3722,#3723,#3724
)),.UNSPECIFIED.,.F.,.F.,.F.) B_SPLINE_SURFACE_WITH_KNOTS((2,2),(3,2,2,2
    ,2,2,2,2,2,2,2,2,2,2,2,2,2,2,2,2,2,2,2,2,2,2,2,2,2,2,3),(0.,1.),(0.,
    3.333333333333E-02,6.666666666667E-02,0.1,0.133333333333,
    0.166666666667,0.2,0.233333333333,0.266666666667,0.3,0.333333333333,
    0.366666666667,0.4,0.433333333333,0.466666666667,0.5,0.533333333333,
    0.566666666667,0.6,0.633333333333,0.666666666667,0.7,0.733333333333,
    0.766666666667,0.8,0.833333333333,0.866666666667,0.9,0.933333333333,
    0.966666666667,1.),.PIECEWISE_BEZIER_KNOTS.) 
GEOMETRIC_REPRESENTATION_ITEM() RATIONAL_B_SPLINE_SURFACE((
    (1.,0.866025403784,1.,0.866025403784,1.,0.866025403784,1.
      ,0.866025403784,1.,0.866025403784,1.,0.866025403784,1.
      ,0.866025403784,1.,0.866025403784,1.,0.866025403784,1.
      ,0.866025403784,1.,0.866025403784,1.,0.866025403784,1.
      ,0.866025403784,1.,0.866025403784,1.,0.866025403784,1.
      ,0.866025403784,1.,0.866025403784,1.,0.866025403784,1.
      ,0.866025403784,1.,0.866025403784,1.,0.866025403784,1.
      ,0.866025403784,1.,0.866025403784,1.,0.866025403784,1.
      ,0.866025403784,1.,0.866025403784,1.,0.866025403784,1.
      ,0.866025403784,1.,0.866025403784,1.,0.866025403784,1.)
    ,(1.,0.866025403784,1.,0.866025403784,1.,0.866025403784,1.
      ,0.866025403784,1.,0.866025403784,1.,0.866025403784,1.
      ,0.866025403784,1.,0.866025403784,1.,0.866025403784,1.
      ,0.866025403784,1.,0.866025403784,1.,0.866025403784,1.
      ,0.866025403784,1.,0.866025403784,1.,0.866025403784,1.
      ,0.866025403784,1.,0.866025403784,1.,0.866025403784,1.
      ,0.866025403784,1.,0.866025403784,1.,0.866025403784,1.
      ,0.866025403784,1.,0.866025403784,1.,0.866025403784,1.
      ,0.866025403784,1.,0.866025403784,1.,0.866025403784,1.
      ,0.866025403784,1.,0.866025403784,1.,0.866025403784,1.
))) REPRESENTATION_ITEM('') SURFACE() );
#3603 = CARTESIAN_POINT('',(0.,0.572668331507,-3.125E-02));
#3604 = CARTESIAN_POINT('',(-0.330630215352,0.572668331507,
    -2.08333333333E-03));
#3605 = CARTESIAN_POINT('',(-0.495945323028,0.286334165753,
    2.708333333334E-02));
#3606 = CARTESIAN_POINT('',(-0.661260430703,-1.527756560481E-14,
    5.625E-02));
#3607 = CARTESIAN_POINT('',(-0.495945323028,-0.286334165753,
    8.541666666667E-02));
#3608 = CARTESIAN_POINT('',(-0.330630215352,-0.572668331507,
    0.114583333333));
#3609 = CARTESIAN_POINT('',(-7.013164391526E-17,-0.572668331507,0.14375)
  );
#3610 = CARTESIAN_POINT('',(0.330630215352,-0.572668331507,
    0.172916666667));
#3611 = CARTESIAN_POINT('',(0.495945323028,-0.286334165753,
    0.202083333333));
#3612 = CARTESIAN_POINT('',(0.661260430703,-1.546095901777E-14,0.23125)
  );
#3613 = CARTESIAN_POINT('',(0.495945323028,0.286334165753,0.260416666667
    ));
#3614 = CARTESIAN_POINT('',(0.330630215352,0.572668331507,0.289583333333
    ));
#3615 = CARTESIAN_POINT('',(0.,0.572668331507,0.31875));
#3616 = CARTESIAN_POINT('',(-0.330630215352,0.572668331507,
    0.347916666667));
#3617 = CARTESIAN_POINT('',(-0.495945323028,0.286334165753,
    0.377083333333));
#3618 = CARTESIAN_POINT('',(-0.661260430703,-1.532042824278E-14,0.40625)
  );
#3619 = CARTESIAN_POINT('',(-0.495945323028,-0.286334165753,
    0.435416666667));
#3620 = CARTESIAN_POINT('',(-0.330630215352,-0.572668331507,
    0.464583333333));
#3621 = CARTESIAN_POINT('',(-7.013164391526E-17,-0.572668331507,0.49375)
  );
#3622 = CARTESIAN_POINT('',(0.330630215352,-0.572668331507,
    0.522916666667));
#3623 = CARTESIAN_POINT('',(0.495945323028,-0.286334165753,
    0.552083333333));
#3624 = CARTESIAN_POINT('',(0.661260430703,-1.550382165574E-14,0.58125)
  );
#3625 = CARTESIAN_POINT('',(0.495945323028,0.286334165753,0.610416666667
    ));
#3626 = CARTESIAN_POINT('',(0.330630215352,0.572668331507,0.639583333333
    ));
#3627 = CARTESIAN_POINT('',(0.,0.572668331507,0.66875));
#3628 = CARTESIAN_POINT('',(-0.330630215352,0.572668331507,
    0.697916666667));
#3629 = CARTESIAN_POINT('',(-0.495945323028,0.286334165753,
    0.727083333333));
#3630 = CARTESIAN_POINT('',(-0.661260430703,-1.536329088075E-14,0.75625)
  );
#3631 = CARTESIAN_POINT('',(-0.495945323028,-0.286334165753,
    0.785416666667));
#3632 = CARTESIAN_POINT('',(-0.330630215352,-0.572668331507,
    0.814583333333));
#3633 = CARTESIAN_POINT('',(-7.013164391526E-17,-0.572668331507,0.84375)
  );
#3634 = CARTESIAN_POINT('',(0.330630215352,-0.572668331507,
    0.872916666667));
#3635 = CARTESIAN_POINT('',(0.495945323028,-0.286334165753,
    0.902083333333));
#3636 = CARTESIAN_POINT('',(0.661260430703,-1.554668429371E-14,0.93125)
  );
#3637 = CARTESIAN_POINT('',(0.495945323028,0.286334165753,0.960416666667
    ));
#3638 = CARTESIAN_POINT('',(0.330630215352,0.572668331507,0.989583333333
    ));
#3639 = CARTESIAN_POINT('',(0.,0.572668331507,1.01875));
#3640 = CARTESIAN_POINT('',(-0.330630215352,0.572668331507,
    1.047916666667));
#3641 = CARTESIAN_POINT('',(-0.495945323028,0.286334165753,
    1.077083333333));
#3642 = CARTESIAN_POINT('',(-0.661260430703,-1.540615351872E-14,1.10625)
  );
#3643 = CARTESIAN_POINT('',(-0.495945323028,-0.286334165753,
    1.135416666667));
#3644 = CARTESIAN_POINT('',(-0.330630215352,-0.572668331507,
    1.164583333333));
#3645 = CARTESIAN_POINT('',(-7.013164391526E-17,-0.572668331507,1.19375)
  );
#3646 = CARTESIAN_POINT('',(0.330630215352,-0.572668331507,
    1.222916666667));
#3647 = CARTESIAN_POINT('',(0.495945323028,-0.286334165753,
    1.252083333333));
#3648 = CARTESIAN_POINT('',(0.661260430703,-1.558954693168E-14,1.28125)
  );
#3649 = CARTESIAN_POINT('',(0.495945323028,0.286334165753,1.310416666667
    ));
#3650 = CARTESIAN_POINT('',(0.330630215352,0.572668331507,1.339583333333
    ));
#3651 = CARTESIAN_POINT('',(0.,0.572668331507,1.36875));
#3652 = CARTESIAN_POINT('',(-0.330630215352,0.572668331507,
    1.397916666667));
#3653 = CARTESIAN_POINT('',(-0.495945323028,0.286334165753,
    1.427083333333));
#3654 = CARTESIAN_POINT('',(-0.661260430703,-1.544901615669E-14,1.45625)
  );
#3655 = CARTESIAN_POINT('',(-0.495945323028,-0.286334165753,
    1.485416666667));
#3656 = CARTESIAN_POINT('',(-0.330630215352,-0.572668331507,
    1.514583333333));
#3657 = CARTESIAN_POINT('',(-7.013164391526E-17,-0.572668331507,1.54375)
  );
#3658 = CARTESIAN_POINT('',(0.330630215352,-0.572668331507,
    1.572916666667));
#3659 = CARTESIAN_POINT('',(0.495945323028,-0.286334165753,
    1.602083333333));
#3660 = CARTESIAN_POINT('',(0.661260430703,-1.563240956965E-14,1.63125)
  );
#3661 = CARTESIAN_POINT('',(0.495945323028,0.286334165753,1.660416666667
    ));
#3662 = CARTESIAN_POINT('',(0.330630215352,0.572668331507,1.689583333333
    ));
#3663 = CARTESIAN_POINT('',(0.,0.572668331507,1.71875));
#3664 = CARTESIAN_POINT('',(0.,0.572668331507,-7.5E-02));
#3665 = CARTESIAN_POINT('',(-0.330630215352,0.572668331507,
    -4.583333333333E-02));
#3666 = CARTESIAN_POINT('',(-0.495945323028,0.286334165753,
    -1.666666666666E-02));
#3667 = CARTESIAN_POINT('',(-0.661260430703,-1.527220777506E-14,1.25E-02
    ));
#3668 = CARTESIAN_POINT('',(-0.495945323028,-0.286334165753,
    4.166666666667E-02));
#3669 = CARTESIAN_POINT('',(-0.330630215352,-0.572668331507,
    7.083333333334E-02));
#3670 = CARTESIAN_POINT('',(-7.013164391526E-17,-0.572668331507,0.1));
#3671 = CARTESIAN_POINT('',(0.330630215352,-0.572668331507,
    0.129166666667));
#3672 = CARTESIAN_POINT('',(0.495945323028,-0.286334165753,
    0.158333333333));
#3673 = CARTESIAN_POINT('',(0.661260430703,-1.545560118802E-14,0.1875));
#3674 = CARTESIAN_POINT('',(0.495945323028,0.286334165753,0.216666666667
    ));
#3675 = CARTESIAN_POINT('',(0.330630215352,0.572668331507,0.245833333333
    ));
#3676 = CARTESIAN_POINT('',(0.,0.572668331507,0.275));
#3677 = CARTESIAN_POINT('',(-0.330630215352,0.572668331507,
    0.304166666667));
#3678 = CARTESIAN_POINT('',(-0.495945323028,0.286334165753,
    0.333333333333));
#3679 = CARTESIAN_POINT('',(-0.661260430703,-1.531507041303E-14,0.3625)
  );
#3680 = CARTESIAN_POINT('',(-0.495945323028,-0.286334165753,
    0.391666666667));
#3681 = CARTESIAN_POINT('',(-0.330630215352,-0.572668331507,
    0.420833333333));
#3682 = CARTESIAN_POINT('',(-7.013164391526E-17,-0.572668331507,0.45));
#3683 = CARTESIAN_POINT('',(0.330630215352,-0.572668331507,
    0.479166666667));
#3684 = CARTESIAN_POINT('',(0.495945323028,-0.286334165753,
    0.508333333333));
#3685 = CARTESIAN_POINT('',(0.661260430703,-1.549846382599E-14,0.5375));
#3686 = CARTESIAN_POINT('',(0.495945323028,0.286334165753,0.566666666667
    ));
#3687 = CARTESIAN_POINT('',(0.330630215352,0.572668331507,0.595833333333
    ));
#3688 = CARTESIAN_POINT('',(0.,0.572668331507,0.625));
#3689 = CARTESIAN_POINT('',(-0.330630215352,0.572668331507,
    0.654166666667));
#3690 = CARTESIAN_POINT('',(-0.495945323028,0.286334165753,
    0.683333333333));
#3691 = CARTESIAN_POINT('',(-0.661260430703,-1.5357933051E-14,0.7125));
#3692 = CARTESIAN_POINT('',(-0.495945323028,-0.286334165753,
    0.741666666667));
#3693 = CARTESIAN_POINT('',(-0.330630215352,-0.572668331507,
    0.770833333333));
#3694 = CARTESIAN_POINT('',(-7.013164391526E-17,-0.572668331507,0.8));
#3695 = CARTESIAN_POINT('',(0.330630215352,-0.572668331507,
    0.829166666667));
#3696 = CARTESIAN_POINT('',(0.495945323028,-0.286334165753,
    0.858333333333));
#3697 = CARTESIAN_POINT('',(0.661260430703,-1.554132646396E-14,0.8875));
#3698 = CARTESIAN_POINT('',(0.495945323028,0.286334165753,0.916666666667
    ));
#3699 = CARTESIAN_POINT('',(0.330630215352,0.572668331507,0.945833333333
    ));
#3700 = CARTESIAN_POINT('',(0.,0.572668331507,0.975));
#3701 = CARTESIAN_POINT('',(-0.330630215352,0.572668331507,
    1.004166666667));
#3702 = CARTESIAN_POINT('',(-0.495945323028,0.286334165753,
    1.033333333333));
#3703 = CARTESIAN_POINT('',(-0.661260430703,-1.540079568897E-14,1.0625)
  );
#3704 = CARTESIAN_POINT('',(-0.495945323028,-0.286334165753,
    1.091666666667));
#3705 = CARTESIAN_POINT('',(-0.330630215352,-0.572668331507,
    1.120833333333));
#3706 = CARTESIAN_POINT('',(-7.013164391526E-17,-0.572668331507,1.15));
#3707 = CARTESIAN_POINT('',(0.330630215352,-0.572668331507,
    1.179166666667));
#3708 = CARTESIAN_POINT('',(0.495945323028,-0.286334165753,
    1.208333333333));
#3709 = CARTESIAN_POINT('',(0.661260430703,-1.558418910193E-14,1.2375));
#3710 = CARTESIAN_POINT('',(0.495945323028,0.286334165753,1.266666666667
    ));
#3711 = CARTESIAN_POINT('',(0.330630215352,0.572668331507,1.295833333333
    ));
#3712 = CARTESIAN_POINT('',(0.,0.572668331507,1.325));
#3713 = CARTESIAN_POINT('',(-0.330630215352,0.572668331507,
    1.354166666667));
#3714 = CARTESIAN_POINT('',(-0.495945323028,0.286334165753,
    1.383333333333));
#3715 = CARTESIAN_POINT('',(-0.661260430703,-1.544365832694E-14,1.4125)
  );
#3716 = CARTESIAN_POINT('',(-0.495945323028,-0.286334165753,
    1.441666666667));
#3717 = CARTESIAN_POINT('',(-0.330630215352,-0.572668331507,
    1.470833333333));
#3718 = CARTESIAN_POINT('',(-7.013164391526E-17,-0.572668331507,1.5));
#3719 = CARTESIAN_POINT('',(0.330630215352,-0.572668331507,
    1.529166666667));
#3720 = CARTESIAN_POINT('',(0.495945323028,-0.286334165753,
    1.558333333333));
#3721 = CARTESIAN_POINT('',(0.661260430703,-1.56270517399E-14,1.5875));
#3722 = CARTESIAN_POINT('',(0.495945323028,0.286334165753,1.616666666667
    ));
#3723 = CARTESIAN_POINT('',(0.330630215352,0.572668331507,1.645833333333
    ));
#3724 = CARTESIAN_POINT('',(0.,0.572668331507,1.675));
#3725 = ADVANCED_FACE('',(#3726),#3755,.F.);
#3726 = FACE_BOUND('',#3727,.T.);
#3727 = EDGE_LOOP('',(#3728,#3737,#3738,#3739,#3748));
#3728 = ORIENTED_EDGE('',*,*,#3729,.F.);
#3729 = EDGE_CURVE('',#103,#3730,#3732,.T.);
#3730 = VERTEX_POINT('',#3731);
#3731 = CARTESIAN_POINT('',(-0.40122819461,-0.40861345274,-2.7));
#3732 = B_SPLINE_CURVE_WITH_KNOTS('',3,(#3733,#3734,#3735,#3736),
  .UNSPECIFIED.,.F.,.F.,(4,4),(2.385312641648E-04,2.89769424622E-04),
  .PIECEWISE_BEZIER_KNOTS.);
#3733 = CARTESIAN_POINT('',(-0.442438119942,-0.376961632693,-2.7));
#3734 = CARTESIAN_POINT('',(-0.429223879677,-0.388155055959,-2.7));
#3735 = CARTESIAN_POINT('',(-0.415489129821,-0.398707990655,-2.7));
#3736 = CARTESIAN_POINT('',(-0.40122819461,-0.40861345274,-2.7));
#3737 = ORIENTED_EDGE('',*,*,#102,.F.);
#3738 = ORIENTED_EDGE('',*,*,#59,.F.);
#3739 = ORIENTED_EDGE('',*,*,#3740,.F.);
#3740 = EDGE_CURVE('',#3741,#60,#3743,.T.);
#3741 = VERTEX_POINT('',#3742);
#3742 = CARTESIAN_POINT('',(-7.013164391526E-17,-0.572668331507,-2.7));
#3743 = B_SPLINE_CURVE_WITH_KNOTS('',3,(#3744,#3745,#3746,#3747),
  .UNSPECIFIED.,.F.,.F.,(4,4),(0.,5.536614588593E-05),
  .PIECEWISE_BEZIER_KNOTS.);
#3744 = CARTESIAN_POINT('',(-7.013164391526E-17,-0.572668331507,-2.7));
#3745 = CARTESIAN_POINT('',(1.850610234377E-02,-0.575495943697,-2.7));
#3746 = CARTESIAN_POINT('',(3.699758494085E-02,-0.577463318917,-2.7));
#3747 = CARTESIAN_POINT('',(5.547489316425E-02,-0.578596663254,-2.7));
#3748 = ORIENTED_EDGE('',*,*,#3749,.F.);
#3749 = EDGE_CURVE('',#3730,#3741,#3750,.T.);
#3750 = B_SPLINE_CURVE_WITH_KNOTS('',3,(#3751,#3752,#3753,#3754),
  .UNSPECIFIED.,.F.,.F.,(4,4),(3.345690505068E-18,4.463187029477E-04),
  .PIECEWISE_BEZIER_KNOTS.);
#3751 = CARTESIAN_POINT('',(-0.40122819461,-0.40861345274,-2.7));
#3752 = CARTESIAN_POINT('',(-0.294761949234,-0.513155432778,-2.7));
#3753 = CARTESIAN_POINT('',(-0.149211551143,-0.572668331507,-2.7));
#3754 = CARTESIAN_POINT('',(-7.013164391526E-17,-0.572668331507,-2.7));
#3755 = PLANE('',#3756);
#3756 = AXIS2_PLACEMENT_3D('',#3757,#3758,#3759);
#3757 = CARTESIAN_POINT('',(0.,0.58125,-2.7));
#3758 = DIRECTION('',(0.,-1.224646799147E-16,1.));
#3759 = DIRECTION('',(0.,-1.,-1.224646799147E-16));
#3760 = ADVANCED_FACE('',(#3761),#3774,.T.);
#3761 = FACE_BOUND('',#3762,.T.);
#3762 = EDGE_LOOP('',(#3763,#3764,#3773));
#3763 = ORIENTED_EDGE('',*,*,#120,.F.);
#3764 = ORIENTED_EDGE('',*,*,#3765,.F.);
#3765 = EDGE_CURVE('',#209,#112,#3766,.T.);
#3766 = B_SPLINE_CURVE_WITH_KNOTS('',3,(#3767,#3768,#3769,#3770,#3771,
    #3772),.UNSPECIFIED.,.F.,.F.,(4,2,4),(2.002048228927E-16,
    2.976669918612E-04,5.953339837222E-04),.UNSPECIFIED.);
#3767 = CARTESIAN_POINT('',(0.560503415378,-0.57082039325,-2.48125));
#3768 = CARTESIAN_POINT('',(0.479145965123,-0.627775083386,
    -2.497612787642));
#3769 = CARTESIAN_POINT('',(0.388472565611,-0.667666564838,
    -2.514878321732));
#3770 = CARTESIAN_POINT('',(0.196482058172,-0.710675836859,
    -2.550290823647));
#3771 = CARTESIAN_POINT('',(9.65242168409E-02,-0.713051352041,
    -2.568198647959));
#3772 = CARTESIAN_POINT('',(1.663186693874E-12,-0.696486388585,
    -2.584763611415));
#3773 = ORIENTED_EDGE('',*,*,#240,.F.);
#3774 = CONICAL_SURFACE('',#3775,0.58125,0.785398163397);
#3775 = AXIS2_PLACEMENT_3D('',#3776,#3777,#3778);
#3776 = CARTESIAN_POINT('',(0.,1.652204434146E-15,-2.7));
#3777 = DIRECTION('',(-0.,-1.224646799147E-16,1.));
#3778 = DIRECTION('',(0.,-1.,-1.224646799147E-16));
#3779 = ADVANCED_FACE('',(#3780),#3911,.T.);
#3780 = FACE_BOUND('',#3781,.T.);
#3781 = EDGE_LOOP('',(#3782,#3842,#3850,#3910));
#3782 = ORIENTED_EDGE('',*,*,#3783,.T.);
#3783 = EDGE_CURVE('',#3741,#3784,#3786,.T.);
#3784 = VERTEX_POINT('',#3785);
#3785 = CARTESIAN_POINT('',(0.,0.572668331507,-1.125));
#3786 = ( BOUNDED_CURVE() B_SPLINE_CURVE(2,(#3787,#3788,#3789,#3790,
    #3791,#3792,#3793,#3794,#3795,#3796,#3797,#3798,#3799,#3800,#3801,
    #3802,#3803,#3804,#3805,#3806,#3807,#3808,#3809,#3810,#3811,#3812,
    #3813,#3814,#3815,#3816,#3817,#3818,#3819,#3820,#3821,#3822,#3823,
    #3824,#3825,#3826,#3827,#3828,#3829,#3830,#3831,#3832,#3833,#3834,
    #3835,#3836,#3837,#3838,#3839,#3840,#3841),.UNSPECIFIED.,.F.,.F.) 
B_SPLINE_CURVE_WITH_KNOTS((3,2,2,2,2,2,2,2,2,2,2,2,2,2,2,2,2,2,2,2,2,2,2
    ,2,2,2,2,3),(1.E-01,0.133333333333,0.166666666667,0.2,0.233333333333
    ,0.266666666667,0.3,0.333333333333,0.366666666667,0.4,0.433333333333
    ,0.466666666667,0.5,0.533333333333,0.566666666667,0.6,0.633333333333
    ,0.666666666667,0.7,0.733333333333,0.766666666667,0.8,0.833333333333
    ,0.866666666667,0.9,0.933333333333,0.966666666667,1.),
.UNSPECIFIED.) CURVE() GEOMETRIC_REPRESENTATION_ITEM() 
RATIONAL_B_SPLINE_CURVE((1.,0.866025403784,1.,0.866025403784,1.,
    0.866025403784,1.,0.866025403784,1.,0.866025403784,1.,0.866025403784
    ,1.,0.866025403784,1.,0.866025403784,1.,0.866025403784,1.,
    0.866025403784,1.,0.866025403784,1.,0.866025403784,1.,0.866025403784
    ,1.,0.866025403784,1.,0.866025403784,1.,0.866025403784,1.,
    0.866025403784,1.,0.866025403784,1.,0.866025403784,1.,0.866025403784
    ,1.,0.866025403784,1.,0.866025403784,1.,0.866025403784,1.,
    0.866025403784,1.,0.866025403784,1.,0.866025403784,1.,0.866025403784
,1.)) REPRESENTATION_ITEM('') );
#3787 = CARTESIAN_POINT('',(-7.013164391526E-17,-0.572668331507,-2.7));
#3788 = CARTESIAN_POINT('',(0.330630215352,-0.572668331507,
    -2.670833333333));
#3789 = CARTESIAN_POINT('',(0.495945323028,-0.286334165753,
    -2.641666666667));
#3790 = CARTESIAN_POINT('',(0.661260430703,-1.511270008426E-14,-2.6125)
  );
#3791 = CARTESIAN_POINT('',(0.495945323028,0.286334165753,
    -2.583333333333));
#3792 = CARTESIAN_POINT('',(0.330630215352,0.572668331507,
    -2.554166666667));
#3793 = CARTESIAN_POINT('',(0.,0.572668331507,-2.525));
#3794 = CARTESIAN_POINT('',(-0.330630215352,0.572668331507,
    -2.495833333333));
#3795 = CARTESIAN_POINT('',(-0.495945323028,0.286334165753,
    -2.466666666667));
#3796 = CARTESIAN_POINT('',(-0.661260430703,-1.497216930927E-14,-2.4375)
  );
#3797 = CARTESIAN_POINT('',(-0.495945323028,-0.286334165753,
    -2.408333333333));
#3798 = CARTESIAN_POINT('',(-0.330630215352,-0.572668331507,
    -2.379166666667));
#3799 = CARTESIAN_POINT('',(-7.013164391526E-17,-0.572668331507,-2.35));
#3800 = CARTESIAN_POINT('',(0.330630215352,-0.572668331507,
    -2.320833333333));
#3801 = CARTESIAN_POINT('',(0.495945323028,-0.286334165753,
    -2.291666666667));
#3802 = CARTESIAN_POINT('',(0.661260430703,-1.515556272223E-14,-2.2625)
  );
#3803 = CARTESIAN_POINT('',(0.495945323028,0.286334165753,
    -2.233333333333));
#3804 = CARTESIAN_POINT('',(0.330630215352,0.572668331507,
    -2.204166666667));
#3805 = CARTESIAN_POINT('',(0.,0.572668331507,-2.175));
#3806 = CARTESIAN_POINT('',(-0.330630215352,0.572668331507,
    -2.145833333333));
#3807 = CARTESIAN_POINT('',(-0.495945323028,0.286334165753,
    -2.116666666667));
#3808 = CARTESIAN_POINT('',(-0.661260430703,-1.501503194724E-14,-2.0875)
  );
#3809 = CARTESIAN_POINT('',(-0.495945323028,-0.286334165753,
    -2.058333333333));
#3810 = CARTESIAN_POINT('',(-0.330630215352,-0.572668331507,
    -2.029166666667));
#3811 = CARTESIAN_POINT('',(-7.013164391526E-17,-0.572668331507,-2.));
#3812 = CARTESIAN_POINT('',(0.330630215352,-0.572668331507,
    -1.970833333333));
#3813 = CARTESIAN_POINT('',(0.495945323028,-0.286334165753,
    -1.941666666667));
#3814 = CARTESIAN_POINT('',(0.661260430703,-1.51984253602E-14,-1.9125));
#3815 = CARTESIAN_POINT('',(0.495945323028,0.286334165753,
    -1.883333333333));
#3816 = CARTESIAN_POINT('',(0.330630215352,0.572668331507,
    -1.854166666667));
#3817 = CARTESIAN_POINT('',(0.,0.572668331507,-1.825));
#3818 = CARTESIAN_POINT('',(-0.330630215352,0.572668331507,
    -1.795833333333));
#3819 = CARTESIAN_POINT('',(-0.495945323028,0.286334165753,
    -1.766666666667));
#3820 = CARTESIAN_POINT('',(-0.661260430703,-1.505789458521E-14,-1.7375)
  );
#3821 = CARTESIAN_POINT('',(-0.495945323028,-0.286334165753,
    -1.708333333333));
#3822 = CARTESIAN_POINT('',(-0.330630215352,-0.572668331507,
    -1.679166666667));
#3823 = CARTESIAN_POINT('',(-7.013164391526E-17,-0.572668331507,-1.65));
#3824 = CARTESIAN_POINT('',(0.330630215352,-0.572668331507,
    -1.620833333333));
#3825 = CARTESIAN_POINT('',(0.495945323028,-0.286334165753,
    -1.591666666667));
#3826 = CARTESIAN_POINT('',(0.661260430703,-1.524128799817E-14,-1.5625)
  );
#3827 = CARTESIAN_POINT('',(0.495945323028,0.286334165753,
    -1.533333333333));
#3828 = CARTESIAN_POINT('',(0.330630215352,0.572668331507,
    -1.504166666667));
#3829 = CARTESIAN_POINT('',(0.,0.572668331507,-1.475));
#3830 = CARTESIAN_POINT('',(-0.330630215352,0.572668331507,
    -1.445833333333));
#3831 = CARTESIAN_POINT('',(-0.495945323028,0.286334165753,
    -1.416666666667));
#3832 = CARTESIAN_POINT('',(-0.661260430703,-1.510075722318E-14,-1.3875)
  );
#3833 = CARTESIAN_POINT('',(-0.495945323028,-0.286334165753,
    -1.358333333333));
#3834 = CARTESIAN_POINT('',(-0.330630215352,-0.572668331507,
    -1.329166666667));
#3835 = CARTESIAN_POINT('',(-7.013164391526E-17,-0.572668331507,-1.3));
#3836 = CARTESIAN_POINT('',(0.330630215352,-0.572668331507,
    -1.270833333333));
#3837 = CARTESIAN_POINT('',(0.495945323028,-0.286334165753,
    -1.241666666667));
#3838 = CARTESIAN_POINT('',(0.661260430703,-1.528415063614E-14,-1.2125)
  );
#3839 = CARTESIAN_POINT('',(0.495945323028,0.286334165753,
    -1.183333333333));
#3840 = CARTESIAN_POINT('',(0.330630215352,0.572668331507,
    -1.154166666667));
#3841 = CARTESIAN_POINT('',(0.,0.572668331507,-1.125));
#3842 = ORIENTED_EDGE('',*,*,#3843,.T.);
#3843 = EDGE_CURVE('',#3784,#3844,#3846,.T.);
#3844 = VERTEX_POINT('',#3845);
#3845 = CARTESIAN_POINT('',(0.,0.572668331507,-1.08125));
#3846 = LINE('',#3847,#3848);
#3847 = CARTESIAN_POINT('',(0.,0.572668331507,-1.103125));
#3848 = VECTOR('',#3849,1.);
#3849 = DIRECTION('',(-0.,-0.,1.));
#3850 = ORIENTED_EDGE('',*,*,#3851,.F.);
#3851 = EDGE_CURVE('',#3730,#3844,#3852,.T.);
#3852 = ( BOUNDED_CURVE() B_SPLINE_CURVE(2,(#3853,#3854,#3855,#3856,
    #3857,#3858,#3859,#3860,#3861,#3862,#3863,#3864,#3865,#3866,#3867,
    #3868,#3869,#3870,#3871,#3872,#3873,#3874,#3875,#3876,#3877,#3878,
    #3879,#3880,#3881,#3882,#3883,#3884,#3885,#3886,#3887,#3888,#3889,
    #3890,#3891,#3892,#3893,#3894,#3895,#3896,#3897,#3898,#3899,#3900,
    #3901,#3902,#3903,#3904,#3905,#3906,#3907,#3908,#3909),
.UNSPECIFIED.,.F.,.F.) B_SPLINE_CURVE_WITH_KNOTS((3,2,2,2,2,2,2,2,2,2,2,
    2,2,2,2,2,2,2,2,2,2,2,2,2,2,2,2,2,3),(7.543278991064E-02,0.1,
    0.133333333333,0.166666666667,0.2,0.233333333333,0.266666666667,0.3,
    0.333333333333,0.366666666667,0.4,0.433333333333,0.466666666667,0.5,
    0.533333333333,0.566666666667,0.6,0.633333333333,0.666666666667,0.7,
    0.733333333333,0.766666666667,0.8,0.833333333333,0.866666666667,0.9,
0.933333333333,0.966666666667,1.),.UNSPECIFIED.) CURVE() 
GEOMETRIC_REPRESENTATION_ITEM() RATIONAL_B_SPLINE_CURVE((0.948065210723,
    0.901258538444,1.,0.866025403784,1.,0.866025403784,1.,0.866025403784
    ,1.,0.866025403784,1.,0.866025403784,1.,0.866025403784,1.,
    0.866025403784,1.,0.866025403784,1.,0.866025403784,1.,0.866025403784
    ,1.,0.866025403784,1.,0.866025403784,1.,0.866025403784,1.,
    0.866025403784,1.,0.866025403784,1.,0.866025403784,1.,0.866025403784
    ,1.,0.866025403784,1.,0.866025403784,1.,0.866025403784,1.,
    0.866025403784,1.,0.866025403784,1.,0.866025403784,1.,0.866025403784
    ,1.,0.866025403784,1.,0.866025403784,1.,0.866025403784,1.)) 
REPRESENTATION_ITEM('') );
#3853 = CARTESIAN_POINT('',(-0.40122819461,-0.40861345274,-2.7));
#3854 = CARTESIAN_POINT('',(-0.234153618715,-0.572668331507,
    -2.676905948031));
#3855 = CARTESIAN_POINT('',(-7.013164391526E-17,-0.572668331507,-2.65625
    ));
#3856 = CARTESIAN_POINT('',(0.330630215352,-0.572668331507,
    -2.627083333333));
#3857 = CARTESIAN_POINT('',(0.495945323028,-0.286334165753,
    -2.597916666667));
#3858 = CARTESIAN_POINT('',(0.661260430703,-1.511805791401E-14,-2.56875)
  );
#3859 = CARTESIAN_POINT('',(0.495945323028,0.286334165753,
    -2.539583333333));
#3860 = CARTESIAN_POINT('',(0.330630215352,0.572668331507,
    -2.510416666667));
#3861 = CARTESIAN_POINT('',(0.,0.572668331507,-2.48125));
#3862 = CARTESIAN_POINT('',(-0.330630215352,0.572668331507,
    -2.452083333333));
#3863 = CARTESIAN_POINT('',(-0.495945323028,0.286334165753,
    -2.422916666667));
#3864 = CARTESIAN_POINT('',(-0.661260430703,-1.497752713902E-14,-2.39375
    ));
#3865 = CARTESIAN_POINT('',(-0.495945323028,-0.286334165753,
    -2.364583333333));
#3866 = CARTESIAN_POINT('',(-0.330630215352,-0.572668331507,
    -2.335416666667));
#3867 = CARTESIAN_POINT('',(-7.013164391526E-17,-0.572668331507,-2.30625
    ));
#3868 = CARTESIAN_POINT('',(0.330630215352,-0.572668331507,
    -2.277083333333));
#3869 = CARTESIAN_POINT('',(0.495945323028,-0.286334165753,
    -2.247916666667));
#3870 = CARTESIAN_POINT('',(0.661260430703,-1.516092055198E-14,-2.21875)
  );
#3871 = CARTESIAN_POINT('',(0.495945323028,0.286334165753,
    -2.189583333333));
#3872 = CARTESIAN_POINT('',(0.330630215352,0.572668331507,
    -2.160416666667));
#3873 = CARTESIAN_POINT('',(0.,0.572668331507,-2.13125));
#3874 = CARTESIAN_POINT('',(-0.330630215352,0.572668331507,
    -2.102083333333));
#3875 = CARTESIAN_POINT('',(-0.495945323028,0.286334165753,
    -2.072916666667));
#3876 = CARTESIAN_POINT('',(-0.661260430703,-1.502038977699E-14,-2.04375
    ));
#3877 = CARTESIAN_POINT('',(-0.495945323028,-0.286334165753,
    -2.014583333333));
#3878 = CARTESIAN_POINT('',(-0.330630215352,-0.572668331507,
    -1.985416666667));
#3879 = CARTESIAN_POINT('',(-7.013164391526E-17,-0.572668331507,-1.95625
    ));
#3880 = CARTESIAN_POINT('',(0.330630215352,-0.572668331507,
    -1.927083333333));
#3881 = CARTESIAN_POINT('',(0.495945323028,-0.286334165753,
    -1.897916666667));
#3882 = CARTESIAN_POINT('',(0.661260430703,-1.520378318995E-14,-1.86875)
  );
#3883 = CARTESIAN_POINT('',(0.495945323028,0.286334165753,
    -1.839583333333));
#3884 = CARTESIAN_POINT('',(0.330630215352,0.572668331507,
    -1.810416666667));
#3885 = CARTESIAN_POINT('',(0.,0.572668331507,-1.78125));
#3886 = CARTESIAN_POINT('',(-0.330630215352,0.572668331507,
    -1.752083333333));
#3887 = CARTESIAN_POINT('',(-0.495945323028,0.286334165753,
    -1.722916666667));
#3888 = CARTESIAN_POINT('',(-0.661260430703,-1.506325241496E-14,-1.69375
    ));
#3889 = CARTESIAN_POINT('',(-0.495945323028,-0.286334165753,
    -1.664583333333));
#3890 = CARTESIAN_POINT('',(-0.330630215352,-0.572668331507,
    -1.635416666667));
#3891 = CARTESIAN_POINT('',(-7.013164391526E-17,-0.572668331507,-1.60625
    ));
#3892 = CARTESIAN_POINT('',(0.330630215352,-0.572668331507,
    -1.577083333333));
#3893 = CARTESIAN_POINT('',(0.495945323028,-0.286334165753,
    -1.547916666667));
#3894 = CARTESIAN_POINT('',(0.661260430703,-1.524664582792E-14,-1.51875)
  );
#3895 = CARTESIAN_POINT('',(0.495945323028,0.286334165753,
    -1.489583333333));
#3896 = CARTESIAN_POINT('',(0.330630215352,0.572668331507,
    -1.460416666667));
#3897 = CARTESIAN_POINT('',(0.,0.572668331507,-1.43125));
#3898 = CARTESIAN_POINT('',(-0.330630215352,0.572668331507,
    -1.402083333333));
#3899 = CARTESIAN_POINT('',(-0.495945323028,0.286334165753,
    -1.372916666667));
#3900 = CARTESIAN_POINT('',(-0.661260430703,-1.510611505293E-14,-1.34375
    ));
#3901 = CARTESIAN_POINT('',(-0.495945323028,-0.286334165753,
    -1.314583333333));
#3902 = CARTESIAN_POINT('',(-0.330630215352,-0.572668331507,
    -1.285416666667));
#3903 = CARTESIAN_POINT('',(-7.013164391526E-17,-0.572668331507,-1.25625
    ));
#3904 = CARTESIAN_POINT('',(0.330630215352,-0.572668331507,
    -1.227083333333));
#3905 = CARTESIAN_POINT('',(0.495945323028,-0.286334165753,
    -1.197916666667));
#3906 = CARTESIAN_POINT('',(0.661260430703,-1.528950846589E-14,-1.16875)
  );
#3907 = CARTESIAN_POINT('',(0.495945323028,0.286334165753,
    -1.139583333333));
#3908 = CARTESIAN_POINT('',(0.330630215352,0.572668331507,
    -1.110416666667));
#3909 = CARTESIAN_POINT('',(0.,0.572668331507,-1.08125));
#3910 = ORIENTED_EDGE('',*,*,#3749,.T.);
#3911 = ( BOUNDED_SURFACE() B_SPLINE_SURFACE(1,2,(
    (#3912,#3913,#3914,#3915,#3916,#3917,#3918,#3919,#3920,#3921,#3922
      ,#3923,#3924,#3925,#3926,#3927,#3928,#3929,#3930,#3931,#3932,#3933
      ,#3934,#3935,#3936,#3937,#3938,#3939,#3940,#3941,#3942,#3943,#3944
      ,#3945,#3946,#3947,#3948,#3949,#3950,#3951,#3952,#3953,#3954,#3955
      ,#3956,#3957,#3958,#3959,#3960,#3961,#3962,#3963,#3964,#3965,#3966
      ,#3967,#3968,#3969,#3970,#3971,#3972)
    ,(#3973,#3974,#3975,#3976,#3977,#3978,#3979,#3980,#3981,#3982,#3983
      ,#3984,#3985,#3986,#3987,#3988,#3989,#3990,#3991,#3992,#3993,#3994
      ,#3995,#3996,#3997,#3998,#3999,#4000,#4001,#4002,#4003,#4004,#4005
      ,#4006,#4007,#4008,#4009,#4010,#4011,#4012,#4013,#4014,#4015,#4016
      ,#4017,#4018,#4019,#4020,#4021,#4022,#4023,#4024,#4025,#4026,#4027
      ,#4028,#4029,#4030,#4031,#4032,#4033
)),.UNSPECIFIED.,.F.,.F.,.F.) B_SPLINE_SURFACE_WITH_KNOTS((2,2),(3,2,2,2
    ,2,2,2,2,2,2,2,2,2,2,2,2,2,2,2,2,2,2,2,2,2,2,2,2,2,2,3),(0.,1.),(0.,
    3.333333333333E-02,6.666666666667E-02,0.1,0.133333333333,
    0.166666666667,0.2,0.233333333333,0.266666666667,0.3,0.333333333333,
    0.366666666667,0.4,0.433333333333,0.466666666667,0.5,0.533333333333,
    0.566666666667,0.6,0.633333333333,0.666666666667,0.7,0.733333333333,
    0.766666666667,0.8,0.833333333333,0.866666666667,0.9,0.933333333333,
    0.966666666667,1.),.PIECEWISE_BEZIER_KNOTS.) 
GEOMETRIC_REPRESENTATION_ITEM() RATIONAL_B_SPLINE_SURFACE((
    (1.,0.866025403784,1.,0.866025403784,1.,0.866025403784,1.
      ,0.866025403784,1.,0.866025403784,1.,0.866025403784,1.
      ,0.866025403784,1.,0.866025403784,1.,0.866025403784,1.
      ,0.866025403784,1.,0.866025403784,1.,0.866025403784,1.
      ,0.866025403784,1.,0.866025403784,1.,0.866025403784,1.
      ,0.866025403784,1.,0.866025403784,1.,0.866025403784,1.
      ,0.866025403784,1.,0.866025403784,1.,0.866025403784,1.
      ,0.866025403784,1.,0.866025403784,1.,0.866025403784,1.
      ,0.866025403784,1.,0.866025403784,1.,0.866025403784,1.
      ,0.866025403784,1.,0.866025403784,1.,0.866025403784,1.)
    ,(1.,0.866025403784,1.,0.866025403784,1.,0.866025403784,1.
      ,0.866025403784,1.,0.866025403784,1.,0.866025403784,1.
      ,0.866025403784,1.,0.866025403784,1.,0.866025403784,1.
      ,0.866025403784,1.,0.866025403784,1.,0.866025403784,1.
      ,0.866025403784,1.,0.866025403784,1.,0.866025403784,1.
      ,0.866025403784,1.,0.866025403784,1.,0.866025403784,1.
      ,0.866025403784,1.,0.866025403784,1.,0.866025403784,1.
      ,0.866025403784,1.,0.866025403784,1.,0.866025403784,1.
      ,0.866025403784,1.,0.866025403784,1.,0.866025403784,1.
      ,0.866025403784,1.,0.866025403784,1.,0.866025403784,1.
))) REPRESENTATION_ITEM('') SURFACE() );
#3912 = CARTESIAN_POINT('',(0.,0.572668331507,-2.83125));
#3913 = CARTESIAN_POINT('',(-0.330630215352,0.572668331507,
    -2.802083333333));
#3914 = CARTESIAN_POINT('',(-0.495945323028,0.286334165753,
    -2.772916666667));
#3915 = CARTESIAN_POINT('',(-0.661260430703,-1.493466450105E-14,-2.74375
    ));
#3916 = CARTESIAN_POINT('',(-0.495945323028,-0.286334165753,
    -2.714583333333));
#3917 = CARTESIAN_POINT('',(-0.330630215352,-0.572668331507,
    -2.685416666667));
#3918 = CARTESIAN_POINT('',(-7.013164391526E-17,-0.572668331507,-2.65625
    ));
#3919 = CARTESIAN_POINT('',(0.330630215352,-0.572668331507,
    -2.627083333333));
#3920 = CARTESIAN_POINT('',(0.495945323028,-0.286334165753,
    -2.597916666667));
#3921 = CARTESIAN_POINT('',(0.661260430703,-1.511805791401E-14,-2.56875)
  );
#3922 = CARTESIAN_POINT('',(0.495945323028,0.286334165753,
    -2.539583333333));
#3923 = CARTESIAN_POINT('',(0.330630215352,0.572668331507,
    -2.510416666667));
#3924 = CARTESIAN_POINT('',(0.,0.572668331507,-2.48125));
#3925 = CARTESIAN_POINT('',(-0.330630215352,0.572668331507,
    -2.452083333333));
#3926 = CARTESIAN_POINT('',(-0.495945323028,0.286334165753,
    -2.422916666667));
#3927 = CARTESIAN_POINT('',(-0.661260430703,-1.497752713902E-14,-2.39375
    ));
#3928 = CARTESIAN_POINT('',(-0.495945323028,-0.286334165753,
    -2.364583333333));
#3929 = CARTESIAN_POINT('',(-0.330630215352,-0.572668331507,
    -2.335416666667));
#3930 = CARTESIAN_POINT('',(-7.013164391526E-17,-0.572668331507,-2.30625
    ));
#3931 = CARTESIAN_POINT('',(0.330630215352,-0.572668331507,
    -2.277083333333));
#3932 = CARTESIAN_POINT('',(0.495945323028,-0.286334165753,
    -2.247916666667));
#3933 = CARTESIAN_POINT('',(0.661260430703,-1.516092055198E-14,-2.21875)
  );
#3934 = CARTESIAN_POINT('',(0.495945323028,0.286334165753,
    -2.189583333333));
#3935 = CARTESIAN_POINT('',(0.330630215352,0.572668331507,
    -2.160416666667));
#3936 = CARTESIAN_POINT('',(0.,0.572668331507,-2.13125));
#3937 = CARTESIAN_POINT('',(-0.330630215352,0.572668331507,
    -2.102083333333));
#3938 = CARTESIAN_POINT('',(-0.495945323028,0.286334165753,
    -2.072916666667));
#3939 = CARTESIAN_POINT('',(-0.661260430703,-1.502038977699E-14,-2.04375
    ));
#3940 = CARTESIAN_POINT('',(-0.495945323028,-0.286334165753,
    -2.014583333333));
#3941 = CARTESIAN_POINT('',(-0.330630215352,-0.572668331507,
    -1.985416666667));
#3942 = CARTESIAN_POINT('',(-7.013164391526E-17,-0.572668331507,-1.95625
    ));
#3943 = CARTESIAN_POINT('',(0.330630215352,-0.572668331507,
    -1.927083333333));
#3944 = CARTESIAN_POINT('',(0.495945323028,-0.286334165753,
    -1.897916666667));
#3945 = CARTESIAN_POINT('',(0.661260430703,-1.520378318995E-14,-1.86875)
  );
#3946 = CARTESIAN_POINT('',(0.495945323028,0.286334165753,
    -1.839583333333));
#3947 = CARTESIAN_POINT('',(0.330630215352,0.572668331507,
    -1.810416666667));
#3948 = CARTESIAN_POINT('',(0.,0.572668331507,-1.78125));
#3949 = CARTESIAN_POINT('',(-0.330630215352,0.572668331507,
    -1.752083333333));
#3950 = CARTESIAN_POINT('',(-0.495945323028,0.286334165753,
    -1.722916666667));
#3951 = CARTESIAN_POINT('',(-0.661260430703,-1.506325241496E-14,-1.69375
    ));
#3952 = CARTESIAN_POINT('',(-0.495945323028,-0.286334165753,
    -1.664583333333));
#3953 = CARTESIAN_POINT('',(-0.330630215352,-0.572668331507,
    -1.635416666667));
#3954 = CARTESIAN_POINT('',(-7.013164391526E-17,-0.572668331507,-1.60625
    ));
#3955 = CARTESIAN_POINT('',(0.330630215352,-0.572668331507,
    -1.577083333333));
#3956 = CARTESIAN_POINT('',(0.495945323028,-0.286334165753,
    -1.547916666667));
#3957 = CARTESIAN_POINT('',(0.661260430703,-1.524664582792E-14,-1.51875)
  );
#3958 = CARTESIAN_POINT('',(0.495945323028,0.286334165753,
    -1.489583333333));
#3959 = CARTESIAN_POINT('',(0.330630215352,0.572668331507,
    -1.460416666667));
#3960 = CARTESIAN_POINT('',(0.,0.572668331507,-1.43125));
#3961 = CARTESIAN_POINT('',(-0.330630215352,0.572668331507,
    -1.402083333333));
#3962 = CARTESIAN_POINT('',(-0.495945323028,0.286334165753,
    -1.372916666667));
#3963 = CARTESIAN_POINT('',(-0.661260430703,-1.510611505293E-14,-1.34375
    ));
#3964 = CARTESIAN_POINT('',(-0.495945323028,-0.286334165753,
    -1.314583333333));
#3965 = CARTESIAN_POINT('',(-0.330630215352,-0.572668331507,
    -1.285416666667));
#3966 = CARTESIAN_POINT('',(-7.013164391526E-17,-0.572668331507,-1.25625
    ));
#3967 = CARTESIAN_POINT('',(0.330630215352,-0.572668331507,
    -1.227083333333));
#3968 = CARTESIAN_POINT('',(0.495945323028,-0.286334165753,
    -1.197916666667));
#3969 = CARTESIAN_POINT('',(0.661260430703,-1.528950846589E-14,-1.16875)
  );
#3970 = CARTESIAN_POINT('',(0.495945323028,0.286334165753,
    -1.139583333333));
#3971 = CARTESIAN_POINT('',(0.330630215352,0.572668331507,
    -1.110416666667));
#3972 = CARTESIAN_POINT('',(0.,0.572668331507,-1.08125));
#3973 = CARTESIAN_POINT('',(0.,0.572668331507,-2.875));
#3974 = CARTESIAN_POINT('',(-0.330630215352,0.572668331507,
    -2.845833333333));
#3975 = CARTESIAN_POINT('',(-0.495945323028,0.286334165753,
    -2.816666666667));
#3976 = CARTESIAN_POINT('',(-0.661260430703,-1.49293066713E-14,-2.7875)
  );
#3977 = CARTESIAN_POINT('',(-0.495945323028,-0.286334165753,
    -2.758333333333));
#3978 = CARTESIAN_POINT('',(-0.330630215352,-0.572668331507,
    -2.729166666667));
#3979 = CARTESIAN_POINT('',(-7.013164391526E-17,-0.572668331507,-2.7));
#3980 = CARTESIAN_POINT('',(0.330630215352,-0.572668331507,
    -2.670833333333));
#3981 = CARTESIAN_POINT('',(0.495945323028,-0.286334165753,
    -2.641666666667));
#3982 = CARTESIAN_POINT('',(0.661260430703,-1.511270008426E-14,-2.6125)
  );
#3983 = CARTESIAN_POINT('',(0.495945323028,0.286334165753,
    -2.583333333333));
#3984 = CARTESIAN_POINT('',(0.330630215352,0.572668331507,
    -2.554166666667));
#3985 = CARTESIAN_POINT('',(0.,0.572668331507,-2.525));
#3986 = CARTESIAN_POINT('',(-0.330630215352,0.572668331507,
    -2.495833333333));
#3987 = CARTESIAN_POINT('',(-0.495945323028,0.286334165753,
    -2.466666666667));
#3988 = CARTESIAN_POINT('',(-0.661260430703,-1.497216930927E-14,-2.4375)
  );
#3989 = CARTESIAN_POINT('',(-0.495945323028,-0.286334165753,
    -2.408333333333));
#3990 = CARTESIAN_POINT('',(-0.330630215352,-0.572668331507,
    -2.379166666667));
#3991 = CARTESIAN_POINT('',(-7.013164391526E-17,-0.572668331507,-2.35));
#3992 = CARTESIAN_POINT('',(0.330630215352,-0.572668331507,
    -2.320833333333));
#3993 = CARTESIAN_POINT('',(0.495945323028,-0.286334165753,
    -2.291666666667));
#3994 = CARTESIAN_POINT('',(0.661260430703,-1.515556272223E-14,-2.2625)
  );
#3995 = CARTESIAN_POINT('',(0.495945323028,0.286334165753,
    -2.233333333333));
#3996 = CARTESIAN_POINT('',(0.330630215352,0.572668331507,
    -2.204166666667));
#3997 = CARTESIAN_POINT('',(0.,0.572668331507,-2.175));
#3998 = CARTESIAN_POINT('',(-0.330630215352,0.572668331507,
    -2.145833333333));
#3999 = CARTESIAN_POINT('',(-0.495945323028,0.286334165753,
    -2.116666666667));
#4000 = CARTESIAN_POINT('',(-0.661260430703,-1.501503194724E-14,-2.0875)
  );
#4001 = CARTESIAN_POINT('',(-0.495945323028,-0.286334165753,
    -2.058333333333));
#4002 = CARTESIAN_POINT('',(-0.330630215352,-0.572668331507,
    -2.029166666667));
#4003 = CARTESIAN_POINT('',(-7.013164391526E-17,-0.572668331507,-2.));
#4004 = CARTESIAN_POINT('',(0.330630215352,-0.572668331507,
    -1.970833333333));
#4005 = CARTESIAN_POINT('',(0.495945323028,-0.286334165753,
    -1.941666666667));
#4006 = CARTESIAN_POINT('',(0.661260430703,-1.51984253602E-14,-1.9125));
#4007 = CARTESIAN_POINT('',(0.495945323028,0.286334165753,
    -1.883333333333));
#4008 = CARTESIAN_POINT('',(0.330630215352,0.572668331507,
    -1.854166666667));
#4009 = CARTESIAN_POINT('',(0.,0.572668331507,-1.825));
#4010 = CARTESIAN_POINT('',(-0.330630215352,0.572668331507,
    -1.795833333333));
#4011 = CARTESIAN_POINT('',(-0.495945323028,0.286334165753,
    -1.766666666667));
#4012 = CARTESIAN_POINT('',(-0.661260430703,-1.505789458521E-14,-1.7375)
  );
#4013 = CARTESIAN_POINT('',(-0.495945323028,-0.286334165753,
    -1.708333333333));
#4014 = CARTESIAN_POINT('',(-0.330630215352,-0.572668331507,
    -1.679166666667));
#4015 = CARTESIAN_POINT('',(-7.013164391526E-17,-0.572668331507,-1.65));
#4016 = CARTESIAN_POINT('',(0.330630215352,-0.572668331507,
    -1.620833333333));
#4017 = CARTESIAN_POINT('',(0.495945323028,-0.286334165753,
    -1.591666666667));
#4018 = CARTESIAN_POINT('',(0.661260430703,-1.524128799817E-14,-1.5625)
  );
#4019 = CARTESIAN_POINT('',(0.495945323028,0.286334165753,
    -1.533333333333));
#4020 = CARTESIAN_POINT('',(0.330630215352,0.572668331507,
    -1.504166666667));
#4021 = CARTESIAN_POINT('',(0.,0.572668331507,-1.475));
#4022 = CARTESIAN_POINT('',(-0.330630215352,0.572668331507,
    -1.445833333333));
#4023 = CARTESIAN_POINT('',(-0.495945323028,0.286334165753,
    -1.416666666667));
#4024 = CARTESIAN_POINT('',(-0.661260430703,-1.510075722318E-14,-1.3875)
  );
#4025 = CARTESIAN_POINT('',(-0.495945323028,-0.286334165753,
    -1.358333333333));
#4026 = CARTESIAN_POINT('',(-0.330630215352,-0.572668331507,
    -1.329166666667));
#4027 = CARTESIAN_POINT('',(-7.013164391526E-17,-0.572668331507,-1.3));
#4028 = CARTESIAN_POINT('',(0.330630215352,-0.572668331507,
    -1.270833333333));
#4029 = CARTESIAN_POINT('',(0.495945323028,-0.286334165753,
    -1.241666666667));
#4030 = CARTESIAN_POINT('',(0.661260430703,-1.528415063614E-14,-1.2125)
  );
#4031 = CARTESIAN_POINT('',(0.495945323028,0.286334165753,
    -1.183333333333));
#4032 = CARTESIAN_POINT('',(0.330630215352,0.572668331507,
    -1.154166666667));
#4033 = CARTESIAN_POINT('',(0.,0.572668331507,-1.125));
#4034 = ADVANCED_FACE('',(#4035),#4056,.T.);
#4035 = FACE_BOUND('',#4036,.T.);
#4036 = EDGE_LOOP('',(#4037,#4038,#4044,#4045,#4046,#4047,#4048,#4049,
    #4050,#4051,#4052,#4053,#4054,#4055));
#4037 = ORIENTED_EDGE('',*,*,#3851,.T.);
#4038 = ORIENTED_EDGE('',*,*,#4039,.T.);
#4039 = EDGE_CURVE('',#3844,#402,#4040,.T.);
#4040 = LINE('',#4041,#4042);
#4041 = CARTESIAN_POINT('',(0.,0.695806318607,-1.01015625));
#4042 = VECTOR('',#4043,1.);
#4043 = DIRECTION('',(-0.,0.866025403784,0.5));
#4044 = ORIENTED_EDGE('',*,*,#399,.F.);
#4045 = ORIENTED_EDGE('',*,*,#778,.F.);
#4046 = ORIENTED_EDGE('',*,*,#351,.F.);
#4047 = ORIENTED_EDGE('',*,*,#748,.F.);
#4048 = ORIENTED_EDGE('',*,*,#303,.F.);
#4049 = ORIENTED_EDGE('',*,*,#718,.F.);
#4050 = ORIENTED_EDGE('',*,*,#255,.F.);
#4051 = ORIENTED_EDGE('',*,*,#688,.F.);
#4052 = ORIENTED_EDGE('',*,*,#208,.F.);
#4053 = ORIENTED_EDGE('',*,*,#3765,.T.);
#4054 = ORIENTED_EDGE('',*,*,#111,.T.);
#4055 = ORIENTED_EDGE('',*,*,#3729,.T.);
#4056 = ( BOUNDED_SURFACE() B_SPLINE_SURFACE(1,2,(
    (#4057,#4058,#4059,#4060,#4061,#4062,#4063,#4064,#4065,#4066,#4067
      ,#4068,#4069,#4070,#4071,#4072,#4073,#4074,#4075,#4076,#4077,#4078
      ,#4079,#4080,#4081,#4082,#4083,#4084,#4085,#4086,#4087,#4088,#4089
      ,#4090,#4091,#4092,#4093,#4094,#4095,#4096,#4097,#4098,#4099,#4100
      ,#4101,#4102,#4103,#4104,#4105,#4106,#4107,#4108,#4109,#4110,#4111
      ,#4112,#4113,#4114,#4115,#4116,#4117)
    ,(#4118,#4119,#4120,#4121,#4122,#4123,#4124,#4125,#4126,#4127,#4128
      ,#4129,#4130,#4131,#4132,#4133,#4134,#4135,#4136,#4137,#4138,#4139
      ,#4140,#4141,#4142,#4143,#4144,#4145,#4146,#4147,#4148,#4149,#4150
      ,#4151,#4152,#4153,#4154,#4155,#4156,#4157,#4158,#4159,#4160,#4161
      ,#4162,#4163,#4164,#4165,#4166,#4167,#4168,#4169,#4170,#4171,#4172
      ,#4173,#4174,#4175,#4176,#4177,#4178
)),.UNSPECIFIED.,.F.,.F.,.F.) B_SPLINE_SURFACE_WITH_KNOTS((2,2),(3,2,2,2
    ,2,2,2,2,2,2,2,2,2,2,2,2,2,2,2,2,2,2,2,2,2,2,2,2,2,2,3),(0.,1.),(0.,
    3.333333333333E-02,6.666666666667E-02,0.1,0.133333333333,
    0.166666666667,0.2,0.233333333333,0.266666666667,0.3,0.333333333333,
    0.366666666667,0.4,0.433333333333,0.466666666667,0.5,0.533333333333,
    0.566666666667,0.6,0.633333333333,0.666666666667,0.7,0.733333333333,
    0.766666666667,0.8,0.833333333333,0.866666666667,0.9,0.933333333333,
    0.966666666667,1.),.PIECEWISE_BEZIER_KNOTS.) 
GEOMETRIC_REPRESENTATION_ITEM() RATIONAL_B_SPLINE_SURFACE((
    (1.,0.866025403784,1.,0.866025403784,1.,0.866025403784,1.
      ,0.866025403784,1.,0.866025403784,1.,0.866025403784,1.
      ,0.866025403784,1.,0.866025403784,1.,0.866025403784,1.
      ,0.866025403784,1.,0.866025403784,1.,0.866025403784,1.
      ,0.866025403784,1.,0.866025403784,1.,0.866025403784,1.
      ,0.866025403784,1.,0.866025403784,1.,0.866025403784,1.
      ,0.866025403784,1.,0.866025403784,1.,0.866025403784,1.
      ,0.866025403784,1.,0.866025403784,1.,0.866025403784,1.
      ,0.866025403784,1.,0.866025403784,1.,0.866025403784,1.
      ,0.866025403784,1.,0.866025403784,1.,0.866025403784,1.)
    ,(1.,0.866025403784,1.,0.866025403784,1.,0.866025403784,1.
      ,0.866025403784,1.,0.866025403784,1.,0.866025403784,1.
      ,0.866025403784,1.,0.866025403784,1.,0.866025403784,1.
      ,0.866025403784,1.,0.866025403784,1.,0.866025403784,1.
      ,0.866025403784,1.,0.866025403784,1.,0.866025403784,1.
      ,0.866025403784,1.,0.866025403784,1.,0.866025403784,1.
      ,0.866025403784,1.,0.866025403784,1.,0.866025403784,1.
      ,0.866025403784,1.,0.866025403784,1.,0.866025403784,1.
      ,0.866025403784,1.,0.866025403784,1.,0.866025403784,1.
      ,0.866025403784,1.,0.866025403784,1.,0.866025403784,1.
))) REPRESENTATION_ITEM('') SURFACE() );
#4057 = CARTESIAN_POINT('',(0.,0.818944305708,-2.6890625));
#4058 = CARTESIAN_POINT('',(-0.472817715352,0.818944305708,
    -2.659895833333));
#4059 = CARTESIAN_POINT('',(-0.709226573028,0.409472152854,
    -2.630729166667));
#4060 = CARTESIAN_POINT('',(-0.945635430703,-1.493466450105E-14,
    -2.6015625));
#4061 = CARTESIAN_POINT('',(-0.709226573028,-0.409472152854,
    -2.572395833333));
#4062 = CARTESIAN_POINT('',(-0.472817715352,-0.818944305708,
    -2.543229166667));
#4063 = CARTESIAN_POINT('',(-1.002917522665E-16,-0.818944305708,
    -2.5140625));
#4064 = CARTESIAN_POINT('',(0.472817715352,-0.818944305708,
    -2.484895833333));
#4065 = CARTESIAN_POINT('',(0.709226573028,-0.409472152854,
    -2.455729166667));
#4066 = CARTESIAN_POINT('',(0.945635430703,-1.518770970071E-14,
    -2.4265625));
#4067 = CARTESIAN_POINT('',(0.709226573028,0.409472152854,
    -2.397395833333));
#4068 = CARTESIAN_POINT('',(0.472817715352,0.818944305708,
    -2.368229166667));
#4069 = CARTESIAN_POINT('',(0.,0.818944305708,-2.3390625));
#4070 = CARTESIAN_POINT('',(-0.472817715352,0.818944305708,
    -2.309895833333));
#4071 = CARTESIAN_POINT('',(-0.709226573028,0.409472152854,
    -2.280729166667));
#4072 = CARTESIAN_POINT('',(-0.945635430703,-1.497752713902E-14,
    -2.2515625));
#4073 = CARTESIAN_POINT('',(-0.709226573028,-0.409472152854,
    -2.222395833333));
#4074 = CARTESIAN_POINT('',(-0.472817715352,-0.818944305708,
    -2.193229166667));
#4075 = CARTESIAN_POINT('',(-1.002917522665E-16,-0.818944305708,
    -2.1640625));
#4076 = CARTESIAN_POINT('',(0.472817715352,-0.818944305708,
    -2.134895833333));
#4077 = CARTESIAN_POINT('',(0.709226573028,-0.409472152854,
    -2.105729166667));
#4078 = CARTESIAN_POINT('',(0.945635430703,-1.523057233868E-14,
    -2.0765625));
#4079 = CARTESIAN_POINT('',(0.709226573028,0.409472152854,
    -2.047395833333));
#4080 = CARTESIAN_POINT('',(0.472817715352,0.818944305708,
    -2.018229166667));
#4081 = CARTESIAN_POINT('',(0.,0.818944305708,-1.9890625));
#4082 = CARTESIAN_POINT('',(-0.472817715352,0.818944305708,
    -1.959895833333));
#4083 = CARTESIAN_POINT('',(-0.709226573028,0.409472152854,
    -1.930729166667));
#4084 = CARTESIAN_POINT('',(-0.945635430703,-1.502038977699E-14,
    -1.9015625));
#4085 = CARTESIAN_POINT('',(-0.709226573028,-0.409472152854,
    -1.872395833333));
#4086 = CARTESIAN_POINT('',(-0.472817715352,-0.818944305708,
    -1.843229166667));
#4087 = CARTESIAN_POINT('',(-1.002917522665E-16,-0.818944305708,
    -1.8140625));
#4088 = CARTESIAN_POINT('',(0.472817715352,-0.818944305708,
    -1.784895833333));
#4089 = CARTESIAN_POINT('',(0.709226573028,-0.409472152854,
    -1.755729166667));
#4090 = CARTESIAN_POINT('',(0.945635430703,-1.527343497665E-14,
    -1.7265625));
#4091 = CARTESIAN_POINT('',(0.709226573028,0.409472152854,
    -1.697395833333));
#4092 = CARTESIAN_POINT('',(0.472817715352,0.818944305708,
    -1.668229166667));
#4093 = CARTESIAN_POINT('',(0.,0.818944305708,-1.6390625));
#4094 = CARTESIAN_POINT('',(-0.472817715352,0.818944305708,
    -1.609895833333));
#4095 = CARTESIAN_POINT('',(-0.709226573028,0.409472152854,
    -1.580729166667));
#4096 = CARTESIAN_POINT('',(-0.945635430703,-1.506325241496E-14,
    -1.5515625));
#4097 = CARTESIAN_POINT('',(-0.709226573028,-0.409472152854,
    -1.522395833333));
#4098 = CARTESIAN_POINT('',(-0.472817715352,-0.818944305708,
    -1.493229166667));
#4099 = CARTESIAN_POINT('',(-1.002917522665E-16,-0.818944305708,
    -1.4640625));
#4100 = CARTESIAN_POINT('',(0.472817715352,-0.818944305708,
    -1.434895833333));
#4101 = CARTESIAN_POINT('',(0.709226573028,-0.409472152854,
    -1.405729166667));
#4102 = CARTESIAN_POINT('',(0.945635430703,-1.531629761462E-14,
    -1.3765625));
#4103 = CARTESIAN_POINT('',(0.709226573028,0.409472152854,
    -1.347395833333));
#4104 = CARTESIAN_POINT('',(0.472817715352,0.818944305708,
    -1.318229166667));
#4105 = CARTESIAN_POINT('',(0.,0.818944305708,-1.2890625));
#4106 = CARTESIAN_POINT('',(-0.472817715352,0.818944305708,
    -1.259895833333));
#4107 = CARTESIAN_POINT('',(-0.709226573028,0.409472152854,
    -1.230729166667));
#4108 = CARTESIAN_POINT('',(-0.945635430703,-1.510611505293E-14,
    -1.2015625));
#4109 = CARTESIAN_POINT('',(-0.709226573028,-0.409472152854,
    -1.172395833333));
#4110 = CARTESIAN_POINT('',(-0.472817715352,-0.818944305708,
    -1.143229166667));
#4111 = CARTESIAN_POINT('',(-1.002917522665E-16,-0.818944305708,
    -1.1140625));
#4112 = CARTESIAN_POINT('',(0.472817715352,-0.818944305708,
    -1.084895833333));
#4113 = CARTESIAN_POINT('',(0.709226573028,-0.409472152854,
    -1.055729166667));
#4114 = CARTESIAN_POINT('',(0.945635430703,-1.535916025259E-14,
    -1.0265625));
#4115 = CARTESIAN_POINT('',(0.709226573028,0.409472152854,
    -0.997395833333));
#4116 = CARTESIAN_POINT('',(0.472817715352,0.818944305708,
    -0.968229166667));
#4117 = CARTESIAN_POINT('',(0.,0.818944305708,-0.9390625));
#4118 = CARTESIAN_POINT('',(0.,0.572668331507,-2.83125));
#4119 = CARTESIAN_POINT('',(-0.330630215352,0.572668331507,
    -2.802083333333));
#4120 = CARTESIAN_POINT('',(-0.495945323028,0.286334165753,
    -2.772916666667));
#4121 = CARTESIAN_POINT('',(-0.661260430703,-1.493466450105E-14,-2.74375
    ));
#4122 = CARTESIAN_POINT('',(-0.495945323028,-0.286334165753,
    -2.714583333333));
#4123 = CARTESIAN_POINT('',(-0.330630215352,-0.572668331507,
    -2.685416666667));
#4124 = CARTESIAN_POINT('',(-7.013164391526E-17,-0.572668331507,-2.65625
    ));
#4125 = CARTESIAN_POINT('',(0.330630215352,-0.572668331507,
    -2.627083333333));
#4126 = CARTESIAN_POINT('',(0.495945323028,-0.286334165753,
    -2.597916666667));
#4127 = CARTESIAN_POINT('',(0.661260430703,-1.511805791401E-14,-2.56875)
  );
#4128 = CARTESIAN_POINT('',(0.495945323028,0.286334165753,
    -2.539583333333));
#4129 = CARTESIAN_POINT('',(0.330630215352,0.572668331507,
    -2.510416666667));
#4130 = CARTESIAN_POINT('',(0.,0.572668331507,-2.48125));
#4131 = CARTESIAN_POINT('',(-0.330630215352,0.572668331507,
    -2.452083333333));
#4132 = CARTESIAN_POINT('',(-0.495945323028,0.286334165753,
    -2.422916666667));
#4133 = CARTESIAN_POINT('',(-0.661260430703,-1.497752713902E-14,-2.39375
    ));
#4134 = CARTESIAN_POINT('',(-0.495945323028,-0.286334165753,
    -2.364583333333));
#4135 = CARTESIAN_POINT('',(-0.330630215352,-0.572668331507,
    -2.335416666667));
#4136 = CARTESIAN_POINT('',(-7.013164391526E-17,-0.572668331507,-2.30625
    ));
#4137 = CARTESIAN_POINT('',(0.330630215352,-0.572668331507,
    -2.277083333333));
#4138 = CARTESIAN_POINT('',(0.495945323028,-0.286334165753,
    -2.247916666667));
#4139 = CARTESIAN_POINT('',(0.661260430703,-1.516092055198E-14,-2.21875)
  );
#4140 = CARTESIAN_POINT('',(0.495945323028,0.286334165753,
    -2.189583333333));
#4141 = CARTESIAN_POINT('',(0.330630215352,0.572668331507,
    -2.160416666667));
#4142 = CARTESIAN_POINT('',(0.,0.572668331507,-2.13125));
#4143 = CARTESIAN_POINT('',(-0.330630215352,0.572668331507,
    -2.102083333333));
#4144 = CARTESIAN_POINT('',(-0.495945323028,0.286334165753,
    -2.072916666667));
#4145 = CARTESIAN_POINT('',(-0.661260430703,-1.502038977699E-14,-2.04375
    ));
#4146 = CARTESIAN_POINT('',(-0.495945323028,-0.286334165753,
    -2.014583333333));
#4147 = CARTESIAN_POINT('',(-0.330630215352,-0.572668331507,
    -1.985416666667));
#4148 = CARTESIAN_POINT('',(-7.013164391526E-17,-0.572668331507,-1.95625
    ));
#4149 = CARTESIAN_POINT('',(0.330630215352,-0.572668331507,
    -1.927083333333));
#4150 = CARTESIAN_POINT('',(0.495945323028,-0.286334165753,
    -1.897916666667));
#4151 = CARTESIAN_POINT('',(0.661260430703,-1.520378318995E-14,-1.86875)
  );
#4152 = CARTESIAN_POINT('',(0.495945323028,0.286334165753,
    -1.839583333333));
#4153 = CARTESIAN_POINT('',(0.330630215352,0.572668331507,
    -1.810416666667));
#4154 = CARTESIAN_POINT('',(0.,0.572668331507,-1.78125));
#4155 = CARTESIAN_POINT('',(-0.330630215352,0.572668331507,
    -1.752083333333));
#4156 = CARTESIAN_POINT('',(-0.495945323028,0.286334165753,
    -1.722916666667));
#4157 = CARTESIAN_POINT('',(-0.661260430703,-1.506325241496E-14,-1.69375
    ));
#4158 = CARTESIAN_POINT('',(-0.495945323028,-0.286334165753,
    -1.664583333333));
#4159 = CARTESIAN_POINT('',(-0.330630215352,-0.572668331507,
    -1.635416666667));
#4160 = CARTESIAN_POINT('',(-7.013164391526E-17,-0.572668331507,-1.60625
    ));
#4161 = CARTESIAN_POINT('',(0.330630215352,-0.572668331507,
    -1.577083333333));
#4162 = CARTESIAN_POINT('',(0.495945323028,-0.286334165753,
    -1.547916666667));
#4163 = CARTESIAN_POINT('',(0.661260430703,-1.524664582792E-14,-1.51875)
  );
#4164 = CARTESIAN_POINT('',(0.495945323028,0.286334165753,
    -1.489583333333));
#4165 = CARTESIAN_POINT('',(0.330630215352,0.572668331507,
    -1.460416666667));
#4166 = CARTESIAN_POINT('',(0.,0.572668331507,-1.43125));
#4167 = CARTESIAN_POINT('',(-0.330630215352,0.572668331507,
    -1.402083333333));
#4168 = CARTESIAN_POINT('',(-0.495945323028,0.286334165753,
    -1.372916666667));
#4169 = CARTESIAN_POINT('',(-0.661260430703,-1.510611505293E-14,-1.34375
    ));
#4170 = CARTESIAN_POINT('',(-0.495945323028,-0.286334165753,
    -1.314583333333));
#4171 = CARTESIAN_POINT('',(-0.330630215352,-0.572668331507,
    -1.285416666667));
#4172 = CARTESIAN_POINT('',(-7.013164391526E-17,-0.572668331507,-1.25625
    ));
#4173 = CARTESIAN_POINT('',(0.330630215352,-0.572668331507,
    -1.227083333333));
#4174 = CARTESIAN_POINT('',(0.495945323028,-0.286334165753,
    -1.197916666667));
#4175 = CARTESIAN_POINT('',(0.661260430703,-1.528950846589E-14,-1.16875)
  );
#4176 = CARTESIAN_POINT('',(0.495945323028,0.286334165753,
    -1.139583333333));
#4177 = CARTESIAN_POINT('',(0.330630215352,0.572668331507,
    -1.110416666667));
#4178 = CARTESIAN_POINT('',(0.,0.572668331507,-1.08125));
#4179 = ADVANCED_FACE('',(#4180),#4199,.T.);
#4180 = FACE_BOUND('',#4181,.T.);
#4181 = EDGE_LOOP('',(#4182,#4183,#4184,#4185,#4186,#4187,#4188,#4189,
    #4190,#4191,#4197,#4198));
#4182 = ORIENTED_EDGE('',*,*,#78,.T.);
#4183 = ORIENTED_EDGE('',*,*,#128,.T.);
#4184 = ORIENTED_EDGE('',*,*,#230,.F.);
#4185 = ORIENTED_EDGE('',*,*,#699,.F.);
#4186 = ORIENTED_EDGE('',*,*,#277,.F.);
#4187 = ORIENTED_EDGE('',*,*,#729,.F.);
#4188 = ORIENTED_EDGE('',*,*,#325,.F.);
#4189 = ORIENTED_EDGE('',*,*,#759,.F.);
#4190 = ORIENTED_EDGE('',*,*,#373,.F.);
#4191 = ORIENTED_EDGE('',*,*,#4192,.T.);
#4192 = EDGE_CURVE('',#366,#3784,#4193,.T.);
#4193 = LINE('',#4194,#4195);
#4194 = CARTESIAN_POINT('',(0.,0.695806318607,-1.19609375));
#4195 = VECTOR('',#4196,1.);
#4196 = DIRECTION('',(-0.,-0.866025403784,0.5));
#4197 = ORIENTED_EDGE('',*,*,#3783,.F.);
#4198 = ORIENTED_EDGE('',*,*,#3740,.T.);
#4199 = ( BOUNDED_SURFACE() B_SPLINE_SURFACE(1,2,(
    (#4200,#4201,#4202,#4203,#4204,#4205,#4206,#4207,#4208,#4209,#4210
      ,#4211,#4212,#4213,#4214,#4215,#4216,#4217,#4218,#4219,#4220,#4221
      ,#4222,#4223,#4224,#4225,#4226,#4227,#4228,#4229,#4230,#4231,#4232
      ,#4233,#4234,#4235,#4236,#4237,#4238,#4239,#4240,#4241,#4242,#4243
      ,#4244,#4245,#4246,#4247,#4248,#4249,#4250,#4251,#4252,#4253,#4254
      ,#4255,#4256,#4257,#4258,#4259,#4260)
    ,(#4261,#4262,#4263,#4264,#4265,#4266,#4267,#4268,#4269,#4270,#4271
      ,#4272,#4273,#4274,#4275,#4276,#4277,#4278,#4279,#4280,#4281,#4282
      ,#4283,#4284,#4285,#4286,#4287,#4288,#4289,#4290,#4291,#4292,#4293
      ,#4294,#4295,#4296,#4297,#4298,#4299,#4300,#4301,#4302,#4303,#4304
      ,#4305,#4306,#4307,#4308,#4309,#4310,#4311,#4312,#4313,#4314,#4315
      ,#4316,#4317,#4318,#4319,#4320,#4321
)),.UNSPECIFIED.,.F.,.F.,.F.) B_SPLINE_SURFACE_WITH_KNOTS((2,2),(3,2,2,2
    ,2,2,2,2,2,2,2,2,2,2,2,2,2,2,2,2,2,2,2,2,2,2,2,2,2,2,3),(0.,1.),(0.,
    3.333333333333E-02,6.666666666667E-02,0.1,0.133333333333,
    0.166666666667,0.2,0.233333333333,0.266666666667,0.3,0.333333333333,
    0.366666666667,0.4,0.433333333333,0.466666666667,0.5,0.533333333333,
    0.566666666667,0.6,0.633333333333,0.666666666667,0.7,0.733333333333,
    0.766666666667,0.8,0.833333333333,0.866666666667,0.9,0.933333333333,
    0.966666666667,1.),.PIECEWISE_BEZIER_KNOTS.) 
GEOMETRIC_REPRESENTATION_ITEM() RATIONAL_B_SPLINE_SURFACE((
    (1.,0.866025403784,1.,0.866025403784,1.,0.866025403784,1.
      ,0.866025403784,1.,0.866025403784,1.,0.866025403784,1.
      ,0.866025403784,1.,0.866025403784,1.,0.866025403784,1.
      ,0.866025403784,1.,0.866025403784,1.,0.866025403784,1.
      ,0.866025403784,1.,0.866025403784,1.,0.866025403784,1.
      ,0.866025403784,1.,0.866025403784,1.,0.866025403784,1.
      ,0.866025403784,1.,0.866025403784,1.,0.866025403784,1.
      ,0.866025403784,1.,0.866025403784,1.,0.866025403784,1.
      ,0.866025403784,1.,0.866025403784,1.,0.866025403784,1.
      ,0.866025403784,1.,0.866025403784,1.,0.866025403784,1.)
    ,(1.,0.866025403784,1.,0.866025403784,1.,0.866025403784,1.
      ,0.866025403784,1.,0.866025403784,1.,0.866025403784,1.
      ,0.866025403784,1.,0.866025403784,1.,0.866025403784,1.
      ,0.866025403784,1.,0.866025403784,1.,0.866025403784,1.
      ,0.866025403784,1.,0.866025403784,1.,0.866025403784,1.
      ,0.866025403784,1.,0.866025403784,1.,0.866025403784,1.
      ,0.866025403784,1.,0.866025403784,1.,0.866025403784,1.
      ,0.866025403784,1.,0.866025403784,1.,0.866025403784,1.
      ,0.866025403784,1.,0.866025403784,1.,0.866025403784,1.
      ,0.866025403784,1.,0.866025403784,1.,0.866025403784,1.
))) REPRESENTATION_ITEM('') SURFACE() );
#4200 = CARTESIAN_POINT('',(0.,0.572668331507,-2.875));
#4201 = CARTESIAN_POINT('',(-0.330630215352,0.572668331507,
    -2.845833333333));
#4202 = CARTESIAN_POINT('',(-0.495945323028,0.286334165753,
    -2.816666666667));
#4203 = CARTESIAN_POINT('',(-0.661260430703,-1.49293066713E-14,-2.7875)
  );
#4204 = CARTESIAN_POINT('',(-0.495945323028,-0.286334165753,
    -2.758333333333));
#4205 = CARTESIAN_POINT('',(-0.330630215352,-0.572668331507,
    -2.729166666667));
#4206 = CARTESIAN_POINT('',(-7.013164391526E-17,-0.572668331507,-2.7));
#4207 = CARTESIAN_POINT('',(0.330630215352,-0.572668331507,
    -2.670833333333));
#4208 = CARTESIAN_POINT('',(0.495945323028,-0.286334165753,
    -2.641666666667));
#4209 = CARTESIAN_POINT('',(0.661260430703,-1.511270008426E-14,-2.6125)
  );
#4210 = CARTESIAN_POINT('',(0.495945323028,0.286334165753,
    -2.583333333333));
#4211 = CARTESIAN_POINT('',(0.330630215352,0.572668331507,
    -2.554166666667));
#4212 = CARTESIAN_POINT('',(0.,0.572668331507,-2.525));
#4213 = CARTESIAN_POINT('',(-0.330630215352,0.572668331507,
    -2.495833333333));
#4214 = CARTESIAN_POINT('',(-0.495945323028,0.286334165753,
    -2.466666666667));
#4215 = CARTESIAN_POINT('',(-0.661260430703,-1.497216930927E-14,-2.4375)
  );
#4216 = CARTESIAN_POINT('',(-0.495945323028,-0.286334165753,
    -2.408333333333));
#4217 = CARTESIAN_POINT('',(-0.330630215352,-0.572668331507,
    -2.379166666667));
#4218 = CARTESIAN_POINT('',(-7.013164391526E-17,-0.572668331507,-2.35));
#4219 = CARTESIAN_POINT('',(0.330630215352,-0.572668331507,
    -2.320833333333));
#4220 = CARTESIAN_POINT('',(0.495945323028,-0.286334165753,
    -2.291666666667));
#4221 = CARTESIAN_POINT('',(0.661260430703,-1.515556272223E-14,-2.2625)
  );
#4222 = CARTESIAN_POINT('',(0.495945323028,0.286334165753,
    -2.233333333333));
#4223 = CARTESIAN_POINT('',(0.330630215352,0.572668331507,
    -2.204166666667));
#4224 = CARTESIAN_POINT('',(0.,0.572668331507,-2.175));
#4225 = CARTESIAN_POINT('',(-0.330630215352,0.572668331507,
    -2.145833333333));
#4226 = CARTESIAN_POINT('',(-0.495945323028,0.286334165753,
    -2.116666666667));
#4227 = CARTESIAN_POINT('',(-0.661260430703,-1.501503194724E-14,-2.0875)
  );
#4228 = CARTESIAN_POINT('',(-0.495945323028,-0.286334165753,
    -2.058333333333));
#4229 = CARTESIAN_POINT('',(-0.330630215352,-0.572668331507,
    -2.029166666667));
#4230 = CARTESIAN_POINT('',(-7.013164391526E-17,-0.572668331507,-2.));
#4231 = CARTESIAN_POINT('',(0.330630215352,-0.572668331507,
    -1.970833333333));
#4232 = CARTESIAN_POINT('',(0.495945323028,-0.286334165753,
    -1.941666666667));
#4233 = CARTESIAN_POINT('',(0.661260430703,-1.51984253602E-14,-1.9125));
#4234 = CARTESIAN_POINT('',(0.495945323028,0.286334165753,
    -1.883333333333));
#4235 = CARTESIAN_POINT('',(0.330630215352,0.572668331507,
    -1.854166666667));
#4236 = CARTESIAN_POINT('',(0.,0.572668331507,-1.825));
#4237 = CARTESIAN_POINT('',(-0.330630215352,0.572668331507,
    -1.795833333333));
#4238 = CARTESIAN_POINT('',(-0.495945323028,0.286334165753,
    -1.766666666667));
#4239 = CARTESIAN_POINT('',(-0.661260430703,-1.505789458521E-14,-1.7375)
  );
#4240 = CARTESIAN_POINT('',(-0.495945323028,-0.286334165753,
    -1.708333333333));
#4241 = CARTESIAN_POINT('',(-0.330630215352,-0.572668331507,
    -1.679166666667));
#4242 = CARTESIAN_POINT('',(-7.013164391526E-17,-0.572668331507,-1.65));
#4243 = CARTESIAN_POINT('',(0.330630215352,-0.572668331507,
    -1.620833333333));
#4244 = CARTESIAN_POINT('',(0.495945323028,-0.286334165753,
    -1.591666666667));
#4245 = CARTESIAN_POINT('',(0.661260430703,-1.524128799817E-14,-1.5625)
  );
#4246 = CARTESIAN_POINT('',(0.495945323028,0.286334165753,
    -1.533333333333));
#4247 = CARTESIAN_POINT('',(0.330630215352,0.572668331507,
    -1.504166666667));
#4248 = CARTESIAN_POINT('',(0.,0.572668331507,-1.475));
#4249 = CARTESIAN_POINT('',(-0.330630215352,0.572668331507,
    -1.445833333333));
#4250 = CARTESIAN_POINT('',(-0.495945323028,0.286334165753,
    -1.416666666667));
#4251 = CARTESIAN_POINT('',(-0.661260430703,-1.510075722318E-14,-1.3875)
  );
#4252 = CARTESIAN_POINT('',(-0.495945323028,-0.286334165753,
    -1.358333333333));
#4253 = CARTESIAN_POINT('',(-0.330630215352,-0.572668331507,
    -1.329166666667));
#4254 = CARTESIAN_POINT('',(-7.013164391526E-17,-0.572668331507,-1.3));
#4255 = CARTESIAN_POINT('',(0.330630215352,-0.572668331507,
    -1.270833333333));
#4256 = CARTESIAN_POINT('',(0.495945323028,-0.286334165753,
    -1.241666666667));
#4257 = CARTESIAN_POINT('',(0.661260430703,-1.528415063614E-14,-1.2125)
  );
#4258 = CARTESIAN_POINT('',(0.495945323028,0.286334165753,
    -1.183333333333));
#4259 = CARTESIAN_POINT('',(0.330630215352,0.572668331507,
    -1.154166666667));
#4260 = CARTESIAN_POINT('',(0.,0.572668331507,-1.125));
#4261 = CARTESIAN_POINT('',(0.,0.818944305708,-3.0171875));
#4262 = CARTESIAN_POINT('',(-0.472817715352,0.818944305708,
    -2.988020833333));
#4263 = CARTESIAN_POINT('',(-0.709226573028,0.409472152854,
    -2.958854166667));
#4264 = CARTESIAN_POINT('',(-0.945635430703,-1.489448077795E-14,
    -2.9296875));
#4265 = CARTESIAN_POINT('',(-0.709226573028,-0.409472152854,
    -2.900520833333));
#4266 = CARTESIAN_POINT('',(-0.472817715352,-0.818944305708,
    -2.871354166667));
#4267 = CARTESIAN_POINT('',(-1.002917522665E-16,-0.818944305708,
    -2.8421875));
#4268 = CARTESIAN_POINT('',(0.472817715352,-0.818944305708,
    -2.813020833333));
#4269 = CARTESIAN_POINT('',(0.709226573028,-0.409472152854,
    -2.783854166667));
#4270 = CARTESIAN_POINT('',(0.945635430703,-1.514752597761E-14,
    -2.7546875));
#4271 = CARTESIAN_POINT('',(0.709226573028,0.409472152854,
    -2.725520833333));
#4272 = CARTESIAN_POINT('',(0.472817715352,0.818944305708,
    -2.696354166667));
#4273 = CARTESIAN_POINT('',(0.,0.818944305708,-2.6671875));
#4274 = CARTESIAN_POINT('',(-0.472817715352,0.818944305708,
    -2.638020833333));
#4275 = CARTESIAN_POINT('',(-0.709226573028,0.409472152854,
    -2.608854166667));
#4276 = CARTESIAN_POINT('',(-0.945635430703,-1.493734341592E-14,
    -2.5796875));
#4277 = CARTESIAN_POINT('',(-0.709226573028,-0.409472152854,
    -2.550520833333));
#4278 = CARTESIAN_POINT('',(-0.472817715352,-0.818944305708,
    -2.521354166667));
#4279 = CARTESIAN_POINT('',(-1.002917522665E-16,-0.818944305708,
    -2.4921875));
#4280 = CARTESIAN_POINT('',(0.472817715352,-0.818944305708,
    -2.463020833333));
#4281 = CARTESIAN_POINT('',(0.709226573028,-0.409472152854,
    -2.433854166667));
#4282 = CARTESIAN_POINT('',(0.945635430703,-1.519038861558E-14,
    -2.4046875));
#4283 = CARTESIAN_POINT('',(0.709226573028,0.409472152854,
    -2.375520833333));
#4284 = CARTESIAN_POINT('',(0.472817715352,0.818944305708,
    -2.346354166667));
#4285 = CARTESIAN_POINT('',(0.,0.818944305708,-2.3171875));
#4286 = CARTESIAN_POINT('',(-0.472817715352,0.818944305708,
    -2.288020833333));
#4287 = CARTESIAN_POINT('',(-0.709226573028,0.409472152854,
    -2.258854166667));
#4288 = CARTESIAN_POINT('',(-0.945635430703,-1.498020605389E-14,
    -2.2296875));
#4289 = CARTESIAN_POINT('',(-0.709226573028,-0.409472152854,
    -2.200520833333));
#4290 = CARTESIAN_POINT('',(-0.472817715352,-0.818944305708,
    -2.171354166667));
#4291 = CARTESIAN_POINT('',(-1.002917522665E-16,-0.818944305708,
    -2.1421875));
#4292 = CARTESIAN_POINT('',(0.472817715352,-0.818944305708,
    -2.113020833333));
#4293 = CARTESIAN_POINT('',(0.709226573028,-0.409472152854,
    -2.083854166667));
#4294 = CARTESIAN_POINT('',(0.945635430703,-1.523325125355E-14,
    -2.0546875));
#4295 = CARTESIAN_POINT('',(0.709226573028,0.409472152854,
    -2.025520833333));
#4296 = CARTESIAN_POINT('',(0.472817715352,0.818944305708,
    -1.996354166667));
#4297 = CARTESIAN_POINT('',(0.,0.818944305708,-1.9671875));
#4298 = CARTESIAN_POINT('',(-0.472817715352,0.818944305708,
    -1.938020833333));
#4299 = CARTESIAN_POINT('',(-0.709226573028,0.409472152854,
    -1.908854166667));
#4300 = CARTESIAN_POINT('',(-0.945635430703,-1.502306869186E-14,
    -1.8796875));
#4301 = CARTESIAN_POINT('',(-0.709226573028,-0.409472152854,
    -1.850520833333));
#4302 = CARTESIAN_POINT('',(-0.472817715352,-0.818944305708,
    -1.821354166667));
#4303 = CARTESIAN_POINT('',(-1.002917522665E-16,-0.818944305708,
    -1.7921875));
#4304 = CARTESIAN_POINT('',(0.472817715352,-0.818944305708,
    -1.763020833333));
#4305 = CARTESIAN_POINT('',(0.709226573028,-0.409472152854,
    -1.733854166667));
#4306 = CARTESIAN_POINT('',(0.945635430703,-1.527611389152E-14,
    -1.7046875));
#4307 = CARTESIAN_POINT('',(0.709226573028,0.409472152854,
    -1.675520833333));
#4308 = CARTESIAN_POINT('',(0.472817715352,0.818944305708,
    -1.646354166667));
#4309 = CARTESIAN_POINT('',(0.,0.818944305708,-1.6171875));
#4310 = CARTESIAN_POINT('',(-0.472817715352,0.818944305708,
    -1.588020833333));
#4311 = CARTESIAN_POINT('',(-0.709226573028,0.409472152854,
    -1.558854166667));
#4312 = CARTESIAN_POINT('',(-0.945635430703,-1.506593132983E-14,
    -1.5296875));
#4313 = CARTESIAN_POINT('',(-0.709226573028,-0.409472152854,
    -1.500520833333));
#4314 = CARTESIAN_POINT('',(-0.472817715352,-0.818944305708,
    -1.471354166667));
#4315 = CARTESIAN_POINT('',(-1.002917522665E-16,-0.818944305708,
    -1.4421875));
#4316 = CARTESIAN_POINT('',(0.472817715352,-0.818944305708,
    -1.413020833333));
#4317 = CARTESIAN_POINT('',(0.709226573028,-0.409472152854,
    -1.383854166667));
#4318 = CARTESIAN_POINT('',(0.945635430703,-1.531897652949E-14,
    -1.3546875));
#4319 = CARTESIAN_POINT('',(0.709226573028,0.409472152854,
    -1.325520833333));
#4320 = CARTESIAN_POINT('',(0.472817715352,0.818944305708,
    -1.296354166667));
#4321 = CARTESIAN_POINT('',(0.,0.818944305708,-1.2671875));
#4322 = ADVANCED_FACE('',(#4323),#4387,.T.);
#4323 = FACE_BOUND('',#4324,.T.);
#4324 = EDGE_LOOP('',(#4325,#4326,#4327,#4328,#4329,#4330,#4331,#4332,
    #4333,#4334,#4335));
#4325 = ORIENTED_EDGE('',*,*,#4192,.F.);
#4326 = ORIENTED_EDGE('',*,*,#789,.F.);
#4327 = ORIENTED_EDGE('',*,*,#421,.F.);
#4328 = ORIENTED_EDGE('',*,*,#819,.F.);
#4329 = ORIENTED_EDGE('',*,*,#469,.F.);
#4330 = ORIENTED_EDGE('',*,*,#849,.F.);
#4331 = ORIENTED_EDGE('',*,*,#517,.F.);
#4332 = ORIENTED_EDGE('',*,*,#879,.F.);
#4333 = ORIENTED_EDGE('',*,*,#565,.F.);
#4334 = ORIENTED_EDGE('',*,*,#3297,.T.);
#4335 = ORIENTED_EDGE('',*,*,#4336,.F.);
#4336 = EDGE_CURVE('',#3784,#3282,#4337,.T.);
#4337 = ( BOUNDED_CURVE() B_SPLINE_CURVE(2,(#4338,#4339,#4340,#4341,
    #4342,#4343,#4344,#4345,#4346,#4347,#4348,#4349,#4350,#4351,#4352,
    #4353,#4354,#4355,#4356,#4357,#4358,#4359,#4360,#4361,#4362,#4363,
    #4364,#4365,#4366,#4367,#4368,#4369,#4370,#4371,#4372,#4373,#4374,
    #4375,#4376,#4377,#4378,#4379,#4380,#4381,#4382,#4383,#4384,#4385,
#4386),.UNSPECIFIED.,.F.,.F.) B_SPLINE_CURVE_WITH_KNOTS((3,2,2,2,2,2,2,2
    ,2,2,2,2,2,2,2,2,2,2,2,2,2,2,2,2,3),(0.2,0.233333333333,
    0.266666666667,0.3,0.333333333333,0.366666666667,0.4,0.433333333333,
    0.466666666667,0.5,0.533333333333,0.566666666667,0.6,0.633333333333,
    0.666666666667,0.7,0.733333333333,0.766666666667,0.8,0.833333333333,
    0.866666666667,0.9,0.933333333333,0.966666666667,1.),.UNSPECIFIED.) 
CURVE() GEOMETRIC_REPRESENTATION_ITEM() RATIONAL_B_SPLINE_CURVE((1.,
    0.866025403784,1.,0.866025403784,1.,0.866025403784,1.,0.866025403784
    ,1.,0.866025403784,1.,0.866025403784,1.,0.866025403784,1.,
    0.866025403784,1.,0.866025403784,1.,0.866025403784,1.,0.866025403784
    ,1.,0.866025403784,1.,0.866025403784,1.,0.866025403784,1.,
    0.866025403784,1.,0.866025403784,1.,0.866025403784,1.,0.866025403784
    ,1.,0.866025403784,1.,0.866025403784,1.,0.866025403784,1.,
    0.866025403784,1.,0.866025403784,1.,0.866025403784,1.)) 
REPRESENTATION_ITEM('') );
#4338 = CARTESIAN_POINT('',(0.,0.572668331507,-1.125));
#4339 = CARTESIAN_POINT('',(-0.330630215352,0.572668331507,
    -1.095833333333));
#4340 = CARTESIAN_POINT('',(-0.495945323028,0.286334165753,
    -1.066666666667));
#4341 = CARTESIAN_POINT('',(-0.661260430703,-1.514361986115E-14,-1.0375)
  );
#4342 = CARTESIAN_POINT('',(-0.495945323028,-0.286334165753,
    -1.008333333333));
#4343 = CARTESIAN_POINT('',(-0.330630215352,-0.572668331507,
    -0.979166666667));
#4344 = CARTESIAN_POINT('',(-7.013164391526E-17,-0.572668331507,-0.95));
#4345 = CARTESIAN_POINT('',(0.330630215352,-0.572668331507,
    -0.920833333333));
#4346 = CARTESIAN_POINT('',(0.495945323028,-0.286334165753,
    -0.891666666667));
#4347 = CARTESIAN_POINT('',(0.661260430703,-1.532701327411E-14,-0.8625)
  );
#4348 = CARTESIAN_POINT('',(0.495945323028,0.286334165753,
    -0.833333333333));
#4349 = CARTESIAN_POINT('',(0.330630215352,0.572668331507,
    -0.804166666667));
#4350 = CARTESIAN_POINT('',(0.,0.572668331507,-0.775));
#4351 = CARTESIAN_POINT('',(-0.330630215352,0.572668331507,
    -0.745833333333));
#4352 = CARTESIAN_POINT('',(-0.495945323028,0.286334165753,
    -0.716666666667));
#4353 = CARTESIAN_POINT('',(-0.661260430703,-1.518648249912E-14,-0.6875)
  );
#4354 = CARTESIAN_POINT('',(-0.495945323028,-0.286334165753,
    -0.658333333333));
#4355 = CARTESIAN_POINT('',(-0.330630215352,-0.572668331507,
    -0.629166666667));
#4356 = CARTESIAN_POINT('',(-7.013164391526E-17,-0.572668331507,-0.6));
#4357 = CARTESIAN_POINT('',(0.330630215352,-0.572668331507,
    -0.570833333333));
#4358 = CARTESIAN_POINT('',(0.495945323028,-0.286334165753,
    -0.541666666667));
#4359 = CARTESIAN_POINT('',(0.661260430703,-1.536987591208E-14,-0.5125)
  );
#4360 = CARTESIAN_POINT('',(0.495945323028,0.286334165753,
    -0.483333333333));
#4361 = CARTESIAN_POINT('',(0.330630215352,0.572668331507,
    -0.454166666667));
#4362 = CARTESIAN_POINT('',(0.,0.572668331507,-0.425));
#4363 = CARTESIAN_POINT('',(-0.330630215352,0.572668331507,
    -0.395833333333));
#4364 = CARTESIAN_POINT('',(-0.495945323028,0.286334165753,
    -0.366666666667));
#4365 = CARTESIAN_POINT('',(-0.661260430703,-1.522934513709E-14,-0.3375)
  );
#4366 = CARTESIAN_POINT('',(-0.495945323028,-0.286334165753,
    -0.308333333333));
#4367 = CARTESIAN_POINT('',(-0.330630215352,-0.572668331507,
    -0.279166666667));
#4368 = CARTESIAN_POINT('',(-7.013164391526E-17,-0.572668331507,-0.25));
#4369 = CARTESIAN_POINT('',(0.330630215352,-0.572668331507,
    -0.220833333333));
#4370 = CARTESIAN_POINT('',(0.495945323028,-0.286334165753,
    -0.191666666667));
#4371 = CARTESIAN_POINT('',(0.661260430703,-1.541273855005E-14,-0.1625)
  );
#4372 = CARTESIAN_POINT('',(0.495945323028,0.286334165753,
    -0.133333333333));
#4373 = CARTESIAN_POINT('',(0.330630215352,0.572668331507,
    -0.104166666667));
#4374 = CARTESIAN_POINT('',(0.,0.572668331507,-7.5E-02));
#4375 = CARTESIAN_POINT('',(-0.330630215352,0.572668331507,
    -4.583333333333E-02));
#4376 = CARTESIAN_POINT('',(-0.495945323028,0.286334165753,
    -1.666666666666E-02));
#4377 = CARTESIAN_POINT('',(-0.661260430703,-1.527220777506E-14,1.25E-02
    ));
#4378 = CARTESIAN_POINT('',(-0.495945323028,-0.286334165753,
    4.166666666667E-02));
#4379 = CARTESIAN_POINT('',(-0.330630215352,-0.572668331507,
    7.083333333334E-02));
#4380 = CARTESIAN_POINT('',(-7.013164391526E-17,-0.572668331507,0.1));
#4381 = CARTESIAN_POINT('',(0.330630215352,-0.572668331507,
    0.129166666667));
#4382 = CARTESIAN_POINT('',(0.495945323028,-0.286334165753,
    0.158333333333));
#4383 = CARTESIAN_POINT('',(0.661260430703,-1.545560118802E-14,0.1875));
#4384 = CARTESIAN_POINT('',(0.495945323028,0.286334165753,0.216666666667
    ));
#4385 = CARTESIAN_POINT('',(0.330630215352,0.572668331507,0.245833333333
    ));
#4386 = CARTESIAN_POINT('',(0.,0.572668331507,0.275));
#4387 = ( BOUNDED_SURFACE() B_SPLINE_SURFACE(1,2,(
    (#4388,#4389,#4390,#4391,#4392,#4393,#4394,#4395,#4396,#4397,#4398
      ,#4399,#4400,#4401,#4402,#4403,#4404,#4405,#4406,#4407,#4408,#4409
      ,#4410,#4411,#4412,#4413,#4414,#4415,#4416,#4417,#4418,#4419,#4420
      ,#4421,#4422,#4423,#4424,#4425,#4426,#4427,#4428,#4429,#4430,#4431
      ,#4432,#4433,#4434,#4435,#4436,#4437,#4438,#4439,#4440,#4441,#4442
      ,#4443,#4444,#4445,#4446,#4447,#4448)
    ,(#4449,#4450,#4451,#4452,#4453,#4454,#4455,#4456,#4457,#4458,#4459
      ,#4460,#4461,#4462,#4463,#4464,#4465,#4466,#4467,#4468,#4469,#4470
      ,#4471,#4472,#4473,#4474,#4475,#4476,#4477,#4478,#4479,#4480,#4481
      ,#4482,#4483,#4484,#4485,#4486,#4487,#4488,#4489,#4490,#4491,#4492
      ,#4493,#4494,#4495,#4496,#4497,#4498,#4499,#4500,#4501,#4502,#4503
      ,#4504,#4505,#4506,#4507,#4508,#4509
)),.UNSPECIFIED.,.F.,.F.,.F.) B_SPLINE_SURFACE_WITH_KNOTS((2,2),(3,2,2,2
    ,2,2,2,2,2,2,2,2,2,2,2,2,2,2,2,2,2,2,2,2,2,2,2,2,2,2,3),(0.,1.),(0.,
    3.333333333333E-02,6.666666666667E-02,0.1,0.133333333333,
    0.166666666667,0.2,0.233333333333,0.266666666667,0.3,0.333333333333,
    0.366666666667,0.4,0.433333333333,0.466666666667,0.5,0.533333333333,
    0.566666666667,0.6,0.633333333333,0.666666666667,0.7,0.733333333333,
    0.766666666667,0.8,0.833333333333,0.866666666667,0.9,0.933333333333,
    0.966666666667,1.),.PIECEWISE_BEZIER_KNOTS.) 
GEOMETRIC_REPRESENTATION_ITEM() RATIONAL_B_SPLINE_SURFACE((
    (1.,0.866025403784,1.,0.866025403784,1.,0.866025403784,1.
      ,0.866025403784,1.,0.866025403784,1.,0.866025403784,1.
      ,0.866025403784,1.,0.866025403784,1.,0.866025403784,1.
      ,0.866025403784,1.,0.866025403784,1.,0.866025403784,1.
      ,0.866025403784,1.,0.866025403784,1.,0.866025403784,1.
      ,0.866025403784,1.,0.866025403784,1.,0.866025403784,1.
      ,0.866025403784,1.,0.866025403784,1.,0.866025403784,1.
      ,0.866025403784,1.,0.866025403784,1.,0.866025403784,1.
      ,0.866025403784,1.,0.866025403784,1.,0.866025403784,1.
      ,0.866025403784,1.,0.866025403784,1.,0.866025403784,1.)
    ,(1.,0.866025403784,1.,0.866025403784,1.,0.866025403784,1.
      ,0.866025403784,1.,0.866025403784,1.,0.866025403784,1.
      ,0.866025403784,1.,0.866025403784,1.,0.866025403784,1.
      ,0.866025403784,1.,0.866025403784,1.,0.866025403784,1.
      ,0.866025403784,1.,0.866025403784,1.,0.866025403784,1.
      ,0.866025403784,1.,0.866025403784,1.,0.866025403784,1.
      ,0.866025403784,1.,0.866025403784,1.,0.866025403784,1.
      ,0.866025403784,1.,0.866025403784,1.,0.866025403784,1.
      ,0.866025403784,1.,0.866025403784,1.,0.866025403784,1.
      ,0.866025403784,1.,0.866025403784,1.,0.866025403784,1.
))) REPRESENTATION_ITEM('') SURFACE() );
#4388 = CARTESIAN_POINT('',(0.,0.572668331507,-1.475));
#4389 = CARTESIAN_POINT('',(-0.330630215352,0.572668331507,
    -1.445833333333));
#4390 = CARTESIAN_POINT('',(-0.495945323028,0.286334165753,
    -1.416666666667));
#4391 = CARTESIAN_POINT('',(-0.661260430703,-1.510075722318E-14,-1.3875)
  );
#4392 = CARTESIAN_POINT('',(-0.495945323028,-0.286334165753,
    -1.358333333333));
#4393 = CARTESIAN_POINT('',(-0.330630215352,-0.572668331507,
    -1.329166666667));
#4394 = CARTESIAN_POINT('',(-7.013164391526E-17,-0.572668331507,-1.3));
#4395 = CARTESIAN_POINT('',(0.330630215352,-0.572668331507,
    -1.270833333333));
#4396 = CARTESIAN_POINT('',(0.495945323028,-0.286334165753,
    -1.241666666667));
#4397 = CARTESIAN_POINT('',(0.661260430703,-1.528415063614E-14,-1.2125)
  );
#4398 = CARTESIAN_POINT('',(0.495945323028,0.286334165753,
    -1.183333333333));
#4399 = CARTESIAN_POINT('',(0.330630215352,0.572668331507,
    -1.154166666667));
#4400 = CARTESIAN_POINT('',(0.,0.572668331507,-1.125));
#4401 = CARTESIAN_POINT('',(-0.330630215352,0.572668331507,
    -1.095833333333));
#4402 = CARTESIAN_POINT('',(-0.495945323028,0.286334165753,
    -1.066666666667));
#4403 = CARTESIAN_POINT('',(-0.661260430703,-1.514361986115E-14,-1.0375)
  );
#4404 = CARTESIAN_POINT('',(-0.495945323028,-0.286334165753,
    -1.008333333333));
#4405 = CARTESIAN_POINT('',(-0.330630215352,-0.572668331507,
    -0.979166666667));
#4406 = CARTESIAN_POINT('',(-7.013164391526E-17,-0.572668331507,-0.95));
#4407 = CARTESIAN_POINT('',(0.330630215352,-0.572668331507,
    -0.920833333333));
#4408 = CARTESIAN_POINT('',(0.495945323028,-0.286334165753,
    -0.891666666667));
#4409 = CARTESIAN_POINT('',(0.661260430703,-1.532701327411E-14,-0.8625)
  );
#4410 = CARTESIAN_POINT('',(0.495945323028,0.286334165753,
    -0.833333333333));
#4411 = CARTESIAN_POINT('',(0.330630215352,0.572668331507,
    -0.804166666667));
#4412 = CARTESIAN_POINT('',(0.,0.572668331507,-0.775));
#4413 = CARTESIAN_POINT('',(-0.330630215352,0.572668331507,
    -0.745833333333));
#4414 = CARTESIAN_POINT('',(-0.495945323028,0.286334165753,
    -0.716666666667));
#4415 = CARTESIAN_POINT('',(-0.661260430703,-1.518648249912E-14,-0.6875)
  );
#4416 = CARTESIAN_POINT('',(-0.495945323028,-0.286334165753,
    -0.658333333333));
#4417 = CARTESIAN_POINT('',(-0.330630215352,-0.572668331507,
    -0.629166666667));
#4418 = CARTESIAN_POINT('',(-7.013164391526E-17,-0.572668331507,-0.6));
#4419 = CARTESIAN_POINT('',(0.330630215352,-0.572668331507,
    -0.570833333333));
#4420 = CARTESIAN_POINT('',(0.495945323028,-0.286334165753,
    -0.541666666667));
#4421 = CARTESIAN_POINT('',(0.661260430703,-1.536987591208E-14,-0.5125)
  );
#4422 = CARTESIAN_POINT('',(0.495945323028,0.286334165753,
    -0.483333333333));
#4423 = CARTESIAN_POINT('',(0.330630215352,0.572668331507,
    -0.454166666667));
#4424 = CARTESIAN_POINT('',(0.,0.572668331507,-0.425));
#4425 = CARTESIAN_POINT('',(-0.330630215352,0.572668331507,
    -0.395833333333));
#4426 = CARTESIAN_POINT('',(-0.495945323028,0.286334165753,
    -0.366666666667));
#4427 = CARTESIAN_POINT('',(-0.661260430703,-1.522934513709E-14,-0.3375)
  );
#4428 = CARTESIAN_POINT('',(-0.495945323028,-0.286334165753,
    -0.308333333333));
#4429 = CARTESIAN_POINT('',(-0.330630215352,-0.572668331507,
    -0.279166666667));
#4430 = CARTESIAN_POINT('',(-7.013164391526E-17,-0.572668331507,-0.25));
#4431 = CARTESIAN_POINT('',(0.330630215352,-0.572668331507,
    -0.220833333333));
#4432 = CARTESIAN_POINT('',(0.495945323028,-0.286334165753,
    -0.191666666667));
#4433 = CARTESIAN_POINT('',(0.661260430703,-1.541273855005E-14,-0.1625)
  );
#4434 = CARTESIAN_POINT('',(0.495945323028,0.286334165753,
    -0.133333333333));
#4435 = CARTESIAN_POINT('',(0.330630215352,0.572668331507,
    -0.104166666667));
#4436 = CARTESIAN_POINT('',(0.,0.572668331507,-7.5E-02));
#4437 = CARTESIAN_POINT('',(-0.330630215352,0.572668331507,
    -4.583333333333E-02));
#4438 = CARTESIAN_POINT('',(-0.495945323028,0.286334165753,
    -1.666666666666E-02));
#4439 = CARTESIAN_POINT('',(-0.661260430703,-1.527220777506E-14,1.25E-02
    ));
#4440 = CARTESIAN_POINT('',(-0.495945323028,-0.286334165753,
    4.166666666667E-02));
#4441 = CARTESIAN_POINT('',(-0.330630215352,-0.572668331507,
    7.083333333334E-02));
#4442 = CARTESIAN_POINT('',(-7.013164391526E-17,-0.572668331507,0.1));
#4443 = CARTESIAN_POINT('',(0.330630215352,-0.572668331507,
    0.129166666667));
#4444 = CARTESIAN_POINT('',(0.495945323028,-0.286334165753,
    0.158333333333));
#4445 = CARTESIAN_POINT('',(0.661260430703,-1.545560118802E-14,0.1875));
#4446 = CARTESIAN_POINT('',(0.495945323028,0.286334165753,0.216666666667
    ));
#4447 = CARTESIAN_POINT('',(0.330630215352,0.572668331507,0.245833333333
    ));
#4448 = CARTESIAN_POINT('',(0.,0.572668331507,0.275));
#4449 = CARTESIAN_POINT('',(0.,0.818944305708,-1.6171875));
#4450 = CARTESIAN_POINT('',(-0.472817715352,0.818944305708,
    -1.588020833333));
#4451 = CARTESIAN_POINT('',(-0.709226573028,0.409472152854,
    -1.558854166667));
#4452 = CARTESIAN_POINT('',(-0.945635430703,-1.506593132983E-14,
    -1.5296875));
#4453 = CARTESIAN_POINT('',(-0.709226573028,-0.409472152854,
    -1.500520833333));
#4454 = CARTESIAN_POINT('',(-0.472817715352,-0.818944305708,
    -1.471354166667));
#4455 = CARTESIAN_POINT('',(-1.002917522665E-16,-0.818944305708,
    -1.4421875));
#4456 = CARTESIAN_POINT('',(0.472817715352,-0.818944305708,
    -1.413020833333));
#4457 = CARTESIAN_POINT('',(0.709226573028,-0.409472152854,
    -1.383854166667));
#4458 = CARTESIAN_POINT('',(0.945635430703,-1.531897652949E-14,
    -1.3546875));
#4459 = CARTESIAN_POINT('',(0.709226573028,0.409472152854,
    -1.325520833333));
#4460 = CARTESIAN_POINT('',(0.472817715352,0.818944305708,
    -1.296354166667));
#4461 = CARTESIAN_POINT('',(0.,0.818944305708,-1.2671875));
#4462 = CARTESIAN_POINT('',(-0.472817715352,0.818944305708,
    -1.238020833333));
#4463 = CARTESIAN_POINT('',(-0.709226573028,0.409472152854,
    -1.208854166667));
#4464 = CARTESIAN_POINT('',(-0.945635430703,-1.51087939678E-14,
    -1.1796875));
#4465 = CARTESIAN_POINT('',(-0.709226573028,-0.409472152854,
    -1.150520833333));
#4466 = CARTESIAN_POINT('',(-0.472817715352,-0.818944305708,
    -1.121354166667));
#4467 = CARTESIAN_POINT('',(-1.002917522665E-16,-0.818944305708,
    -1.0921875));
#4468 = CARTESIAN_POINT('',(0.472817715352,-0.818944305708,
    -1.063020833333));
#4469 = CARTESIAN_POINT('',(0.709226573028,-0.409472152854,
    -1.033854166667));
#4470 = CARTESIAN_POINT('',(0.945635430703,-1.536183916746E-14,
    -1.0046875));
#4471 = CARTESIAN_POINT('',(0.709226573028,0.409472152854,
    -0.975520833333));
#4472 = CARTESIAN_POINT('',(0.472817715352,0.818944305708,
    -0.946354166667));
#4473 = CARTESIAN_POINT('',(0.,0.818944305708,-0.9171875));
#4474 = CARTESIAN_POINT('',(-0.472817715352,0.818944305708,
    -0.888020833333));
#4475 = CARTESIAN_POINT('',(-0.709226573028,0.409472152854,
    -0.858854166667));
#4476 = CARTESIAN_POINT('',(-0.945635430703,-1.515165660577E-14,
    -0.8296875));
#4477 = CARTESIAN_POINT('',(-0.709226573028,-0.409472152854,
    -0.800520833333));
#4478 = CARTESIAN_POINT('',(-0.472817715352,-0.818944305708,
    -0.771354166667));
#4479 = CARTESIAN_POINT('',(-1.002917522665E-16,-0.818944305708,
    -0.7421875));
#4480 = CARTESIAN_POINT('',(0.472817715352,-0.818944305708,
    -0.713020833333));
#4481 = CARTESIAN_POINT('',(0.709226573028,-0.409472152854,
    -0.683854166667));
#4482 = CARTESIAN_POINT('',(0.945635430703,-1.540470180543E-14,
    -0.6546875));
#4483 = CARTESIAN_POINT('',(0.709226573028,0.409472152854,
    -0.625520833333));
#4484 = CARTESIAN_POINT('',(0.472817715352,0.818944305708,
    -0.596354166667));
#4485 = CARTESIAN_POINT('',(0.,0.818944305708,-0.5671875));
#4486 = CARTESIAN_POINT('',(-0.472817715352,0.818944305708,
    -0.538020833333));
#4487 = CARTESIAN_POINT('',(-0.709226573028,0.409472152854,
    -0.508854166667));
#4488 = CARTESIAN_POINT('',(-0.945635430703,-1.519451924374E-14,
    -0.4796875));
#4489 = CARTESIAN_POINT('',(-0.709226573028,-0.409472152854,
    -0.450520833333));
#4490 = CARTESIAN_POINT('',(-0.472817715352,-0.818944305708,
    -0.421354166667));
#4491 = CARTESIAN_POINT('',(-1.002917522665E-16,-0.818944305708,
    -0.3921875));
#4492 = CARTESIAN_POINT('',(0.472817715352,-0.818944305708,
    -0.363020833333));
#4493 = CARTESIAN_POINT('',(0.709226573028,-0.409472152854,
    -0.333854166667));
#4494 = CARTESIAN_POINT('',(0.945635430703,-1.54475644434E-14,-0.3046875
    ));
#4495 = CARTESIAN_POINT('',(0.709226573028,0.409472152854,
    -0.275520833333));
#4496 = CARTESIAN_POINT('',(0.472817715352,0.818944305708,
    -0.246354166667));
#4497 = CARTESIAN_POINT('',(0.,0.818944305708,-0.2171875));
#4498 = CARTESIAN_POINT('',(-0.472817715352,0.818944305708,
    -0.188020833333));
#4499 = CARTESIAN_POINT('',(-0.709226573028,0.409472152854,
    -0.158854166667));
#4500 = CARTESIAN_POINT('',(-0.945635430703,-1.523738188171E-14,
    -0.1296875));
#4501 = CARTESIAN_POINT('',(-0.709226573028,-0.409472152854,
    -0.100520833333));
#4502 = CARTESIAN_POINT('',(-0.472817715352,-0.818944305708,
    -7.135416666667E-02));
#4503 = CARTESIAN_POINT('',(-1.002917522665E-16,-0.818944305708,
    -4.21875E-02));
#4504 = CARTESIAN_POINT('',(0.472817715352,-0.818944305708,
    -1.302083333333E-02));
#4505 = CARTESIAN_POINT('',(0.709226573028,-0.409472152854,
    1.614583333333E-02));
#4506 = CARTESIAN_POINT('',(0.945635430703,-1.549042708137E-14,
    4.53125E-02));
#4507 = CARTESIAN_POINT('',(0.709226573028,0.409472152854,
    7.447916666667E-02));
#4508 = CARTESIAN_POINT('',(0.472817715352,0.818944305708,0.103645833333
    ));
#4509 = CARTESIAN_POINT('',(0.,0.818944305708,0.1328125));
#4510 = ADVANCED_FACE('',(#4511),#4568,.T.);
#4511 = FACE_BOUND('',#4512,.T.);
#4512 = EDGE_LOOP('',(#4513,#4514,#4515,#4567));
#4513 = ORIENTED_EDGE('',*,*,#4336,.T.);
#4514 = ORIENTED_EDGE('',*,*,#3596,.T.);
#4515 = ORIENTED_EDGE('',*,*,#4516,.F.);
#4516 = EDGE_CURVE('',#3844,#3446,#4517,.T.);
#4517 = ( BOUNDED_CURVE() B_SPLINE_CURVE(2,(#4518,#4519,#4520,#4521,
    #4522,#4523,#4524,#4525,#4526,#4527,#4528,#4529,#4530,#4531,#4532,
    #4533,#4534,#4535,#4536,#4537,#4538,#4539,#4540,#4541,#4542,#4543,
    #4544,#4545,#4546,#4547,#4548,#4549,#4550,#4551,#4552,#4553,#4554,
    #4555,#4556,#4557,#4558,#4559,#4560,#4561,#4562,#4563,#4564,#4565,
#4566),.UNSPECIFIED.,.F.,.F.) B_SPLINE_CURVE_WITH_KNOTS((3,2,2,2,2,2,2,2
    ,2,2,2,2,2,2,2,2,2,2,2,2,2,2,2,2,3),(0.2,0.233333333333,
    0.266666666667,0.3,0.333333333333,0.366666666667,0.4,0.433333333333,
    0.466666666667,0.5,0.533333333333,0.566666666667,0.6,0.633333333333,
    0.666666666667,0.7,0.733333333333,0.766666666667,0.8,0.833333333333,
    0.866666666667,0.9,0.933333333333,0.966666666667,1.),.UNSPECIFIED.) 
CURVE() GEOMETRIC_REPRESENTATION_ITEM() RATIONAL_B_SPLINE_CURVE((1.,
    0.866025403784,1.,0.866025403784,1.,0.866025403784,1.,0.866025403784
    ,1.,0.866025403784,1.,0.866025403784,1.,0.866025403784,1.,
    0.866025403784,1.,0.866025403784,1.,0.866025403784,1.,0.866025403784
    ,1.,0.866025403784,1.,0.866025403784,1.,0.866025403784,1.,
    0.866025403784,1.,0.866025403784,1.,0.866025403784,1.,0.866025403784
    ,1.,0.866025403784,1.,0.866025403784,1.,0.866025403784,1.,
    0.866025403784,1.,0.866025403784,1.,0.866025403784,1.)) 
REPRESENTATION_ITEM('') );
#4518 = CARTESIAN_POINT('',(0.,0.572668331507,-1.08125));
#4519 = CARTESIAN_POINT('',(-0.330630215352,0.572668331507,
    -1.052083333333));
#4520 = CARTESIAN_POINT('',(-0.495945323028,0.286334165753,
    -1.022916666667));
#4521 = CARTESIAN_POINT('',(-0.661260430703,-1.51489776909E-14,-0.99375)
  );
#4522 = CARTESIAN_POINT('',(-0.495945323028,-0.286334165753,
    -0.964583333333));
#4523 = CARTESIAN_POINT('',(-0.330630215352,-0.572668331507,
    -0.935416666667));
#4524 = CARTESIAN_POINT('',(-7.013164391526E-17,-0.572668331507,-0.90625
    ));
#4525 = CARTESIAN_POINT('',(0.330630215352,-0.572668331507,
    -0.877083333333));
#4526 = CARTESIAN_POINT('',(0.495945323028,-0.286334165753,
    -0.847916666667));
#4527 = CARTESIAN_POINT('',(0.661260430703,-1.533237110386E-14,-0.81875)
  );
#4528 = CARTESIAN_POINT('',(0.495945323028,0.286334165753,
    -0.789583333333));
#4529 = CARTESIAN_POINT('',(0.330630215352,0.572668331507,
    -0.760416666667));
#4530 = CARTESIAN_POINT('',(0.,0.572668331507,-0.73125));
#4531 = CARTESIAN_POINT('',(-0.330630215352,0.572668331507,
    -0.702083333333));
#4532 = CARTESIAN_POINT('',(-0.495945323028,0.286334165753,
    -0.672916666667));
#4533 = CARTESIAN_POINT('',(-0.661260430703,-1.519184032887E-14,-0.64375
    ));
#4534 = CARTESIAN_POINT('',(-0.495945323028,-0.286334165753,
    -0.614583333333));
#4535 = CARTESIAN_POINT('',(-0.330630215352,-0.572668331507,
    -0.585416666667));
#4536 = CARTESIAN_POINT('',(-7.013164391526E-17,-0.572668331507,-0.55625
    ));
#4537 = CARTESIAN_POINT('',(0.330630215352,-0.572668331507,
    -0.527083333333));
#4538 = CARTESIAN_POINT('',(0.495945323028,-0.286334165753,
    -0.497916666667));
#4539 = CARTESIAN_POINT('',(0.661260430703,-1.537523374183E-14,-0.46875)
  );
#4540 = CARTESIAN_POINT('',(0.495945323028,0.286334165753,
    -0.439583333333));
#4541 = CARTESIAN_POINT('',(0.330630215352,0.572668331507,
    -0.410416666667));
#4542 = CARTESIAN_POINT('',(0.,0.572668331507,-0.38125));
#4543 = CARTESIAN_POINT('',(-0.330630215352,0.572668331507,
    -0.352083333333));
#4544 = CARTESIAN_POINT('',(-0.495945323028,0.286334165753,
    -0.322916666667));
#4545 = CARTESIAN_POINT('',(-0.661260430703,-1.523470296684E-14,-0.29375
    ));
#4546 = CARTESIAN_POINT('',(-0.495945323028,-0.286334165753,
    -0.264583333333));
#4547 = CARTESIAN_POINT('',(-0.330630215352,-0.572668331507,
    -0.235416666667));
#4548 = CARTESIAN_POINT('',(-7.013164391526E-17,-0.572668331507,-0.20625
    ));
#4549 = CARTESIAN_POINT('',(0.330630215352,-0.572668331507,
    -0.177083333333));
#4550 = CARTESIAN_POINT('',(0.495945323028,-0.286334165753,
    -0.147916666667));
#4551 = CARTESIAN_POINT('',(0.661260430703,-1.54180963798E-14,-0.11875)
  );
#4552 = CARTESIAN_POINT('',(0.495945323028,0.286334165753,
    -8.958333333333E-02));
#4553 = CARTESIAN_POINT('',(0.330630215352,0.572668331507,
    -6.041666666666E-02));
#4554 = CARTESIAN_POINT('',(0.,0.572668331507,-3.125E-02));
#4555 = CARTESIAN_POINT('',(-0.330630215352,0.572668331507,
    -2.08333333333E-03));
#4556 = CARTESIAN_POINT('',(-0.495945323028,0.286334165753,
    2.708333333334E-02));
#4557 = CARTESIAN_POINT('',(-0.661260430703,-1.527756560481E-14,
    5.625E-02));
#4558 = CARTESIAN_POINT('',(-0.495945323028,-0.286334165753,
    8.541666666667E-02));
#4559 = CARTESIAN_POINT('',(-0.330630215352,-0.572668331507,
    0.114583333333));
#4560 = CARTESIAN_POINT('',(-7.013164391526E-17,-0.572668331507,0.14375)
  );
#4561 = CARTESIAN_POINT('',(0.330630215352,-0.572668331507,
    0.172916666667));
#4562 = CARTESIAN_POINT('',(0.495945323028,-0.286334165753,
    0.202083333333));
#4563 = CARTESIAN_POINT('',(0.661260430703,-1.546095901777E-14,0.23125)
  );
#4564 = CARTESIAN_POINT('',(0.495945323028,0.286334165753,0.260416666667
    ));
#4565 = CARTESIAN_POINT('',(0.330630215352,0.572668331507,0.289583333333
    ));
#4566 = CARTESIAN_POINT('',(0.,0.572668331507,0.31875));
#4567 = ORIENTED_EDGE('',*,*,#3843,.F.);
#4568 = ( BOUNDED_SURFACE() B_SPLINE_SURFACE(1,2,(
    (#4569,#4570,#4571,#4572,#4573,#4574,#4575,#4576,#4577,#4578,#4579
      ,#4580,#4581,#4582,#4583,#4584,#4585,#4586,#4587,#4588,#4589,#4590
      ,#4591,#4592,#4593,#4594,#4595,#4596,#4597,#4598,#4599,#4600,#4601
      ,#4602,#4603,#4604,#4605,#4606,#4607,#4608,#4609,#4610,#4611,#4612
      ,#4613,#4614,#4615,#4616,#4617,#4618,#4619,#4620,#4621,#4622,#4623
      ,#4624,#4625,#4626,#4627,#4628,#4629)
    ,(#4630,#4631,#4632,#4633,#4634,#4635,#4636,#4637,#4638,#4639,#4640
      ,#4641,#4642,#4643,#4644,#4645,#4646,#4647,#4648,#4649,#4650,#4651
      ,#4652,#4653,#4654,#4655,#4656,#4657,#4658,#4659,#4660,#4661,#4662
      ,#4663,#4664,#4665,#4666,#4667,#4668,#4669,#4670,#4671,#4672,#4673
      ,#4674,#4675,#4676,#4677,#4678,#4679,#4680,#4681,#4682,#4683,#4684
      ,#4685,#4686,#4687,#4688,#4689,#4690
)),.UNSPECIFIED.,.F.,.F.,.F.) B_SPLINE_SURFACE_WITH_KNOTS((2,2),(3,2,2,2
    ,2,2,2,2,2,2,2,2,2,2,2,2,2,2,2,2,2,2,2,2,2,2,2,2,2,2,3),(0.,1.),(0.,
    3.333333333333E-02,6.666666666667E-02,0.1,0.133333333333,
    0.166666666667,0.2,0.233333333333,0.266666666667,0.3,0.333333333333,
    0.366666666667,0.4,0.433333333333,0.466666666667,0.5,0.533333333333,
    0.566666666667,0.6,0.633333333333,0.666666666667,0.7,0.733333333333,
    0.766666666667,0.8,0.833333333333,0.866666666667,0.9,0.933333333333,
    0.966666666667,1.),.PIECEWISE_BEZIER_KNOTS.) 
GEOMETRIC_REPRESENTATION_ITEM() RATIONAL_B_SPLINE_SURFACE((
    (1.,0.866025403784,1.,0.866025403784,1.,0.866025403784,1.
      ,0.866025403784,1.,0.866025403784,1.,0.866025403784,1.
      ,0.866025403784,1.,0.866025403784,1.,0.866025403784,1.
      ,0.866025403784,1.,0.866025403784,1.,0.866025403784,1.
      ,0.866025403784,1.,0.866025403784,1.,0.866025403784,1.
      ,0.866025403784,1.,0.866025403784,1.,0.866025403784,1.
      ,0.866025403784,1.,0.866025403784,1.,0.866025403784,1.
      ,0.866025403784,1.,0.866025403784,1.,0.866025403784,1.
      ,0.866025403784,1.,0.866025403784,1.,0.866025403784,1.
      ,0.866025403784,1.,0.866025403784,1.,0.866025403784,1.)
    ,(1.,0.866025403784,1.,0.866025403784,1.,0.866025403784,1.
      ,0.866025403784,1.,0.866025403784,1.,0.866025403784,1.
      ,0.866025403784,1.,0.866025403784,1.,0.866025403784,1.
      ,0.866025403784,1.,0.866025403784,1.,0.866025403784,1.
      ,0.866025403784,1.,0.866025403784,1.,0.866025403784,1.
      ,0.866025403784,1.,0.866025403784,1.,0.866025403784,1.
      ,0.866025403784,1.,0.866025403784,1.,0.866025403784,1.
      ,0.866025403784,1.,0.866025403784,1.,0.866025403784,1.
      ,0.866025403784,1.,0.866025403784,1.,0.866025403784,1.
      ,0.866025403784,1.,0.866025403784,1.,0.866025403784,1.
))) REPRESENTATION_ITEM('') SURFACE() );
#4569 = CARTESIAN_POINT('',(0.,0.572668331507,-1.43125));
#4570 = CARTESIAN_POINT('',(-0.330630215352,0.572668331507,
    -1.402083333333));
#4571 = CARTESIAN_POINT('',(-0.495945323028,0.286334165753,
    -1.372916666667));
#4572 = CARTESIAN_POINT('',(-0.661260430703,-1.510611505293E-14,-1.34375
    ));
#4573 = CARTESIAN_POINT('',(-0.495945323028,-0.286334165753,
    -1.314583333333));
#4574 = CARTESIAN_POINT('',(-0.330630215352,-0.572668331507,
    -1.285416666667));
#4575 = CARTESIAN_POINT('',(-7.013164391526E-17,-0.572668331507,-1.25625
    ));
#4576 = CARTESIAN_POINT('',(0.330630215352,-0.572668331507,
    -1.227083333333));
#4577 = CARTESIAN_POINT('',(0.495945323028,-0.286334165753,
    -1.197916666667));
#4578 = CARTESIAN_POINT('',(0.661260430703,-1.528950846589E-14,-1.16875)
  );
#4579 = CARTESIAN_POINT('',(0.495945323028,0.286334165753,
    -1.139583333333));
#4580 = CARTESIAN_POINT('',(0.330630215352,0.572668331507,
    -1.110416666667));
#4581 = CARTESIAN_POINT('',(0.,0.572668331507,-1.08125));
#4582 = CARTESIAN_POINT('',(-0.330630215352,0.572668331507,
    -1.052083333333));
#4583 = CARTESIAN_POINT('',(-0.495945323028,0.286334165753,
    -1.022916666667));
#4584 = CARTESIAN_POINT('',(-0.661260430703,-1.51489776909E-14,-0.99375)
  );
#4585 = CARTESIAN_POINT('',(-0.495945323028,-0.286334165753,
    -0.964583333333));
#4586 = CARTESIAN_POINT('',(-0.330630215352,-0.572668331507,
    -0.935416666667));
#4587 = CARTESIAN_POINT('',(-7.013164391526E-17,-0.572668331507,-0.90625
    ));
#4588 = CARTESIAN_POINT('',(0.330630215352,-0.572668331507,
    -0.877083333333));
#4589 = CARTESIAN_POINT('',(0.495945323028,-0.286334165753,
    -0.847916666667));
#4590 = CARTESIAN_POINT('',(0.661260430703,-1.533237110386E-14,-0.81875)
  );
#4591 = CARTESIAN_POINT('',(0.495945323028,0.286334165753,
    -0.789583333333));
#4592 = CARTESIAN_POINT('',(0.330630215352,0.572668331507,
    -0.760416666667));
#4593 = CARTESIAN_POINT('',(0.,0.572668331507,-0.73125));
#4594 = CARTESIAN_POINT('',(-0.330630215352,0.572668331507,
    -0.702083333333));
#4595 = CARTESIAN_POINT('',(-0.495945323028,0.286334165753,
    -0.672916666667));
#4596 = CARTESIAN_POINT('',(-0.661260430703,-1.519184032887E-14,-0.64375
    ));
#4597 = CARTESIAN_POINT('',(-0.495945323028,-0.286334165753,
    -0.614583333333));
#4598 = CARTESIAN_POINT('',(-0.330630215352,-0.572668331507,
    -0.585416666667));
#4599 = CARTESIAN_POINT('',(-7.013164391526E-17,-0.572668331507,-0.55625
    ));
#4600 = CARTESIAN_POINT('',(0.330630215352,-0.572668331507,
    -0.527083333333));
#4601 = CARTESIAN_POINT('',(0.495945323028,-0.286334165753,
    -0.497916666667));
#4602 = CARTESIAN_POINT('',(0.661260430703,-1.537523374183E-14,-0.46875)
  );
#4603 = CARTESIAN_POINT('',(0.495945323028,0.286334165753,
    -0.439583333333));
#4604 = CARTESIAN_POINT('',(0.330630215352,0.572668331507,
    -0.410416666667));
#4605 = CARTESIAN_POINT('',(0.,0.572668331507,-0.38125));
#4606 = CARTESIAN_POINT('',(-0.330630215352,0.572668331507,
    -0.352083333333));
#4607 = CARTESIAN_POINT('',(-0.495945323028,0.286334165753,
    -0.322916666667));
#4608 = CARTESIAN_POINT('',(-0.661260430703,-1.523470296684E-14,-0.29375
    ));
#4609 = CARTESIAN_POINT('',(-0.495945323028,-0.286334165753,
    -0.264583333333));
#4610 = CARTESIAN_POINT('',(-0.330630215352,-0.572668331507,
    -0.235416666667));
#4611 = CARTESIAN_POINT('',(-7.013164391526E-17,-0.572668331507,-0.20625
    ));
#4612 = CARTESIAN_POINT('',(0.330630215352,-0.572668331507,
    -0.177083333333));
#4613 = CARTESIAN_POINT('',(0.495945323028,-0.286334165753,
    -0.147916666667));
#4614 = CARTESIAN_POINT('',(0.661260430703,-1.54180963798E-14,-0.11875)
  );
#4615 = CARTESIAN_POINT('',(0.495945323028,0.286334165753,
    -8.958333333333E-02));
#4616 = CARTESIAN_POINT('',(0.330630215352,0.572668331507,
    -6.041666666666E-02));
#4617 = CARTESIAN_POINT('',(0.,0.572668331507,-3.125E-02));
#4618 = CARTESIAN_POINT('',(-0.330630215352,0.572668331507,
    -2.08333333333E-03));
#4619 = CARTESIAN_POINT('',(-0.495945323028,0.286334165753,
    2.708333333334E-02));
#4620 = CARTESIAN_POINT('',(-0.661260430703,-1.527756560481E-14,
    5.625E-02));
#4621 = CARTESIAN_POINT('',(-0.495945323028,-0.286334165753,
    8.541666666667E-02));
#4622 = CARTESIAN_POINT('',(-0.330630215352,-0.572668331507,
    0.114583333333));
#4623 = CARTESIAN_POINT('',(-7.013164391526E-17,-0.572668331507,0.14375)
  );
#4624 = CARTESIAN_POINT('',(0.330630215352,-0.572668331507,
    0.172916666667));
#4625 = CARTESIAN_POINT('',(0.495945323028,-0.286334165753,
    0.202083333333));
#4626 = CARTESIAN_POINT('',(0.661260430703,-1.546095901777E-14,0.23125)
  );
#4627 = CARTESIAN_POINT('',(0.495945323028,0.286334165753,0.260416666667
    ));
#4628 = CARTESIAN_POINT('',(0.330630215352,0.572668331507,0.289583333333
    ));
#4629 = CARTESIAN_POINT('',(0.,0.572668331507,0.31875));
#4630 = CARTESIAN_POINT('',(0.,0.572668331507,-1.475));
#4631 = CARTESIAN_POINT('',(-0.330630215352,0.572668331507,
    -1.445833333333));
#4632 = CARTESIAN_POINT('',(-0.495945323028,0.286334165753,
    -1.416666666667));
#4633 = CARTESIAN_POINT('',(-0.661260430703,-1.510075722318E-14,-1.3875)
  );
#4634 = CARTESIAN_POINT('',(-0.495945323028,-0.286334165753,
    -1.358333333333));
#4635 = CARTESIAN_POINT('',(-0.330630215352,-0.572668331507,
    -1.329166666667));
#4636 = CARTESIAN_POINT('',(-7.013164391526E-17,-0.572668331507,-1.3));
#4637 = CARTESIAN_POINT('',(0.330630215352,-0.572668331507,
    -1.270833333333));
#4638 = CARTESIAN_POINT('',(0.495945323028,-0.286334165753,
    -1.241666666667));
#4639 = CARTESIAN_POINT('',(0.661260430703,-1.528415063614E-14,-1.2125)
  );
#4640 = CARTESIAN_POINT('',(0.495945323028,0.286334165753,
    -1.183333333333));
#4641 = CARTESIAN_POINT('',(0.330630215352,0.572668331507,
    -1.154166666667));
#4642 = CARTESIAN_POINT('',(0.,0.572668331507,-1.125));
#4643 = CARTESIAN_POINT('',(-0.330630215352,0.572668331507,
    -1.095833333333));
#4644 = CARTESIAN_POINT('',(-0.495945323028,0.286334165753,
    -1.066666666667));
#4645 = CARTESIAN_POINT('',(-0.661260430703,-1.514361986115E-14,-1.0375)
  );
#4646 = CARTESIAN_POINT('',(-0.495945323028,-0.286334165753,
    -1.008333333333));
#4647 = CARTESIAN_POINT('',(-0.330630215352,-0.572668331507,
    -0.979166666667));
#4648 = CARTESIAN_POINT('',(-7.013164391526E-17,-0.572668331507,-0.95));
#4649 = CARTESIAN_POINT('',(0.330630215352,-0.572668331507,
    -0.920833333333));
#4650 = CARTESIAN_POINT('',(0.495945323028,-0.286334165753,
    -0.891666666667));
#4651 = CARTESIAN_POINT('',(0.661260430703,-1.532701327411E-14,-0.8625)
  );
#4652 = CARTESIAN_POINT('',(0.495945323028,0.286334165753,
    -0.833333333333));
#4653 = CARTESIAN_POINT('',(0.330630215352,0.572668331507,
    -0.804166666667));
#4654 = CARTESIAN_POINT('',(0.,0.572668331507,-0.775));
#4655 = CARTESIAN_POINT('',(-0.330630215352,0.572668331507,
    -0.745833333333));
#4656 = CARTESIAN_POINT('',(-0.495945323028,0.286334165753,
    -0.716666666667));
#4657 = CARTESIAN_POINT('',(-0.661260430703,-1.518648249912E-14,-0.6875)
  );
#4658 = CARTESIAN_POINT('',(-0.495945323028,-0.286334165753,
    -0.658333333333));
#4659 = CARTESIAN_POINT('',(-0.330630215352,-0.572668331507,
    -0.629166666667));
#4660 = CARTESIAN_POINT('',(-7.013164391526E-17,-0.572668331507,-0.6));
#4661 = CARTESIAN_POINT('',(0.330630215352,-0.572668331507,
    -0.570833333333));
#4662 = CARTESIAN_POINT('',(0.495945323028,-0.286334165753,
    -0.541666666667));
#4663 = CARTESIAN_POINT('',(0.661260430703,-1.536987591208E-14,-0.5125)
  );
#4664 = CARTESIAN_POINT('',(0.495945323028,0.286334165753,
    -0.483333333333));
#4665 = CARTESIAN_POINT('',(0.330630215352,0.572668331507,
    -0.454166666667));
#4666 = CARTESIAN_POINT('',(0.,0.572668331507,-0.425));
#4667 = CARTESIAN_POINT('',(-0.330630215352,0.572668331507,
    -0.395833333333));
#4668 = CARTESIAN_POINT('',(-0.495945323028,0.286334165753,
    -0.366666666667));
#4669 = CARTESIAN_POINT('',(-0.661260430703,-1.522934513709E-14,-0.3375)
  );
#4670 = CARTESIAN_POINT('',(-0.495945323028,-0.286334165753,
    -0.308333333333));
#4671 = CARTESIAN_POINT('',(-0.330630215352,-0.572668331507,
    -0.279166666667));
#4672 = CARTESIAN_POINT('',(-7.013164391526E-17,-0.572668331507,-0.25));
#4673 = CARTESIAN_POINT('',(0.330630215352,-0.572668331507,
    -0.220833333333));
#4674 = CARTESIAN_POINT('',(0.495945323028,-0.286334165753,
    -0.191666666667));
#4675 = CARTESIAN_POINT('',(0.661260430703,-1.541273855005E-14,-0.1625)
  );
#4676 = CARTESIAN_POINT('',(0.495945323028,0.286334165753,
    -0.133333333333));
#4677 = CARTESIAN_POINT('',(0.330630215352,0.572668331507,
    -0.104166666667));
#4678 = CARTESIAN_POINT('',(0.,0.572668331507,-7.5E-02));
#4679 = CARTESIAN_POINT('',(-0.330630215352,0.572668331507,
    -4.583333333333E-02));
#4680 = CARTESIAN_POINT('',(-0.495945323028,0.286334165753,
    -1.666666666666E-02));
#4681 = CARTESIAN_POINT('',(-0.661260430703,-1.527220777506E-14,1.25E-02
    ));
#4682 = CARTESIAN_POINT('',(-0.495945323028,-0.286334165753,
    4.166666666667E-02));
#4683 = CARTESIAN_POINT('',(-0.330630215352,-0.572668331507,
    7.083333333334E-02));
#4684 = CARTESIAN_POINT('',(-7.013164391526E-17,-0.572668331507,0.1));
#4685 = CARTESIAN_POINT('',(0.330630215352,-0.572668331507,
    0.129166666667));
#4686 = CARTESIAN_POINT('',(0.495945323028,-0.286334165753,
    0.158333333333));
#4687 = CARTESIAN_POINT('',(0.661260430703,-1.545560118802E-14,0.1875));
#4688 = CARTESIAN_POINT('',(0.495945323028,0.286334165753,0.216666666667
    ));
#4689 = CARTESIAN_POINT('',(0.330630215352,0.572668331507,0.245833333333
    ));
#4690 = CARTESIAN_POINT('',(0.,0.572668331507,0.275));
#4691 = ADVANCED_FACE('',(#4692),#4705,.T.);
#4692 = FACE_BOUND('',#4693,.T.);
#4693 = EDGE_LOOP('',(#4694,#4695,#4696,#4697,#4698,#4699,#4700,#4701,
    #4702,#4703,#4704));
#4694 = ORIENTED_EDGE('',*,*,#4516,.T.);
#4695 = ORIENTED_EDGE('',*,*,#3445,.T.);
#4696 = ORIENTED_EDGE('',*,*,#591,.F.);
#4697 = ORIENTED_EDGE('',*,*,#898,.F.);
#4698 = ORIENTED_EDGE('',*,*,#543,.F.);
#4699 = ORIENTED_EDGE('',*,*,#868,.F.);
#4700 = ORIENTED_EDGE('',*,*,#495,.F.);
#4701 = ORIENTED_EDGE('',*,*,#838,.F.);
#4702 = ORIENTED_EDGE('',*,*,#447,.F.);
#4703 = ORIENTED_EDGE('',*,*,#808,.F.);
#4704 = ORIENTED_EDGE('',*,*,#4039,.F.);
#4705 = ( BOUNDED_SURFACE() B_SPLINE_SURFACE(1,2,(
    (#4706,#4707,#4708,#4709,#4710,#4711,#4712,#4713,#4714,#4715,#4716
      ,#4717,#4718,#4719,#4720,#4721,#4722,#4723,#4724,#4725,#4726,#4727
      ,#4728,#4729,#4730,#4731,#4732,#4733,#4734,#4735,#4736,#4737,#4738
      ,#4739,#4740,#4741,#4742,#4743,#4744,#4745,#4746,#4747,#4748,#4749
      ,#4750,#4751,#4752,#4753,#4754,#4755,#4756,#4757,#4758,#4759,#4760
      ,#4761,#4762,#4763,#4764,#4765,#4766)
    ,(#4767,#4768,#4769,#4770,#4771,#4772,#4773,#4774,#4775,#4776,#4777
      ,#4778,#4779,#4780,#4781,#4782,#4783,#4784,#4785,#4786,#4787,#4788
      ,#4789,#4790,#4791,#4792,#4793,#4794,#4795,#4796,#4797,#4798,#4799
      ,#4800,#4801,#4802,#4803,#4804,#4805,#4806,#4807,#4808,#4809,#4810
      ,#4811,#4812,#4813,#4814,#4815,#4816,#4817,#4818,#4819,#4820,#4821
      ,#4822,#4823,#4824,#4825,#4826,#4827
)),.UNSPECIFIED.,.F.,.F.,.F.) B_SPLINE_SURFACE_WITH_KNOTS((2,2),(3,2,2,2
    ,2,2,2,2,2,2,2,2,2,2,2,2,2,2,2,2,2,2,2,2,2,2,2,2,2,2,3),(0.,1.),(0.,
    3.333333333333E-02,6.666666666667E-02,0.1,0.133333333333,
    0.166666666667,0.2,0.233333333333,0.266666666667,0.3,0.333333333333,
    0.366666666667,0.4,0.433333333333,0.466666666667,0.5,0.533333333333,
    0.566666666667,0.6,0.633333333333,0.666666666667,0.7,0.733333333333,
    0.766666666667,0.8,0.833333333333,0.866666666667,0.9,0.933333333333,
    0.966666666667,1.),.PIECEWISE_BEZIER_KNOTS.) 
GEOMETRIC_REPRESENTATION_ITEM() RATIONAL_B_SPLINE_SURFACE((
    (1.,0.866025403784,1.,0.866025403784,1.,0.866025403784,1.
      ,0.866025403784,1.,0.866025403784,1.,0.866025403784,1.
      ,0.866025403784,1.,0.866025403784,1.,0.866025403784,1.
      ,0.866025403784,1.,0.866025403784,1.,0.866025403784,1.
      ,0.866025403784,1.,0.866025403784,1.,0.866025403784,1.
      ,0.866025403784,1.,0.866025403784,1.,0.866025403784,1.
      ,0.866025403784,1.,0.866025403784,1.,0.866025403784,1.
      ,0.866025403784,1.,0.866025403784,1.,0.866025403784,1.
      ,0.866025403784,1.,0.866025403784,1.,0.866025403784,1.
      ,0.866025403784,1.,0.866025403784,1.,0.866025403784,1.)
    ,(1.,0.866025403784,1.,0.866025403784,1.,0.866025403784,1.
      ,0.866025403784,1.,0.866025403784,1.,0.866025403784,1.
      ,0.866025403784,1.,0.866025403784,1.,0.866025403784,1.
      ,0.866025403784,1.,0.866025403784,1.,0.866025403784,1.
      ,0.866025403784,1.,0.866025403784,1.,0.866025403784,1.
      ,0.866025403784,1.,0.866025403784,1.,0.866025403784,1.
      ,0.866025403784,1.,0.866025403784,1.,0.866025403784,1.
      ,0.866025403784,1.,0.866025403784,1.,0.866025403784,1.
      ,0.866025403784,1.,0.866025403784,1.,0.866025403784,1.
      ,0.866025403784,1.,0.866025403784,1.,0.866025403784,1.
))) REPRESENTATION_ITEM('') SURFACE() );
#4706 = CARTESIAN_POINT('',(0.,0.818944305708,-1.2890625));
#4707 = CARTESIAN_POINT('',(-0.472817715352,0.818944305708,
    -1.259895833333));
#4708 = CARTESIAN_POINT('',(-0.709226573028,0.409472152854,
    -1.230729166667));
#4709 = CARTESIAN_POINT('',(-0.945635430703,-1.510611505293E-14,
    -1.2015625));
#4710 = CARTESIAN_POINT('',(-0.709226573028,-0.409472152854,
    -1.172395833333));
#4711 = CARTESIAN_POINT('',(-0.472817715352,-0.818944305708,
    -1.143229166667));
#4712 = CARTESIAN_POINT('',(-1.002917522665E-16,-0.818944305708,
    -1.1140625));
#4713 = CARTESIAN_POINT('',(0.472817715352,-0.818944305708,
    -1.084895833333));
#4714 = CARTESIAN_POINT('',(0.709226573028,-0.409472152854,
    -1.055729166667));
#4715 = CARTESIAN_POINT('',(0.945635430703,-1.535916025259E-14,
    -1.0265625));
#4716 = CARTESIAN_POINT('',(0.709226573028,0.409472152854,
    -0.997395833333));
#4717 = CARTESIAN_POINT('',(0.472817715352,0.818944305708,
    -0.968229166667));
#4718 = CARTESIAN_POINT('',(0.,0.818944305708,-0.9390625));
#4719 = CARTESIAN_POINT('',(-0.472817715352,0.818944305708,
    -0.909895833333));
#4720 = CARTESIAN_POINT('',(-0.709226573028,0.409472152854,
    -0.880729166667));
#4721 = CARTESIAN_POINT('',(-0.945635430703,-1.51489776909E-14,
    -0.8515625));
#4722 = CARTESIAN_POINT('',(-0.709226573028,-0.409472152854,
    -0.822395833333));
#4723 = CARTESIAN_POINT('',(-0.472817715352,-0.818944305708,
    -0.793229166667));
#4724 = CARTESIAN_POINT('',(-1.002917522665E-16,-0.818944305708,
    -0.7640625));
#4725 = CARTESIAN_POINT('',(0.472817715352,-0.818944305708,
    -0.734895833333));
#4726 = CARTESIAN_POINT('',(0.709226573028,-0.409472152854,
    -0.705729166667));
#4727 = CARTESIAN_POINT('',(0.945635430703,-1.540202289056E-14,
    -0.6765625));
#4728 = CARTESIAN_POINT('',(0.709226573028,0.409472152854,
    -0.647395833333));
#4729 = CARTESIAN_POINT('',(0.472817715352,0.818944305708,
    -0.618229166667));
#4730 = CARTESIAN_POINT('',(0.,0.818944305708,-0.5890625));
#4731 = CARTESIAN_POINT('',(-0.472817715352,0.818944305708,
    -0.559895833333));
#4732 = CARTESIAN_POINT('',(-0.709226573028,0.409472152854,
    -0.530729166667));
#4733 = CARTESIAN_POINT('',(-0.945635430703,-1.519184032887E-14,
    -0.5015625));
#4734 = CARTESIAN_POINT('',(-0.709226573028,-0.409472152854,
    -0.472395833333));
#4735 = CARTESIAN_POINT('',(-0.472817715352,-0.818944305708,
    -0.443229166667));
#4736 = CARTESIAN_POINT('',(-1.002917522665E-16,-0.818944305708,
    -0.4140625));
#4737 = CARTESIAN_POINT('',(0.472817715352,-0.818944305708,
    -0.384895833333));
#4738 = CARTESIAN_POINT('',(0.709226573028,-0.409472152854,
    -0.355729166667));
#4739 = CARTESIAN_POINT('',(0.945635430703,-1.544488552853E-14,
    -0.3265625));
#4740 = CARTESIAN_POINT('',(0.709226573028,0.409472152854,
    -0.297395833333));
#4741 = CARTESIAN_POINT('',(0.472817715352,0.818944305708,
    -0.268229166667));
#4742 = CARTESIAN_POINT('',(0.,0.818944305708,-0.2390625));
#4743 = CARTESIAN_POINT('',(-0.472817715352,0.818944305708,
    -0.209895833333));
#4744 = CARTESIAN_POINT('',(-0.709226573028,0.409472152854,
    -0.180729166667));
#4745 = CARTESIAN_POINT('',(-0.945635430703,-1.523470296684E-14,
    -0.1515625));
#4746 = CARTESIAN_POINT('',(-0.709226573028,-0.409472152854,
    -0.122395833333));
#4747 = CARTESIAN_POINT('',(-0.472817715352,-0.818944305708,
    -9.322916666666E-02));
#4748 = CARTESIAN_POINT('',(-1.002917522665E-16,-0.818944305708,
    -6.406249999999E-02));
#4749 = CARTESIAN_POINT('',(0.472817715352,-0.818944305708,
    -3.489583333333E-02));
#4750 = CARTESIAN_POINT('',(0.709226573028,-0.409472152854,
    -5.729166666658E-03));
#4751 = CARTESIAN_POINT('',(0.945635430703,-1.54877481665E-14,
    2.343750000001E-02));
#4752 = CARTESIAN_POINT('',(0.709226573028,0.409472152854,
    5.260416666667E-02));
#4753 = CARTESIAN_POINT('',(0.472817715352,0.818944305708,
    8.177083333334E-02));
#4754 = CARTESIAN_POINT('',(0.,0.818944305708,0.1109375));
#4755 = CARTESIAN_POINT('',(-0.472817715352,0.818944305708,
    0.140104166667));
#4756 = CARTESIAN_POINT('',(-0.709226573028,0.409472152854,
    0.169270833333));
#4757 = CARTESIAN_POINT('',(-0.945635430703,-1.527756560481E-14,
    0.1984375));
#4758 = CARTESIAN_POINT('',(-0.709226573028,-0.409472152854,
    0.227604166667));
#4759 = CARTESIAN_POINT('',(-0.472817715352,-0.818944305708,
    0.256770833333));
#4760 = CARTESIAN_POINT('',(-1.002917522665E-16,-0.818944305708,
    0.2859375));
#4761 = CARTESIAN_POINT('',(0.472817715352,-0.818944305708,
    0.315104166667));
#4762 = CARTESIAN_POINT('',(0.709226573028,-0.409472152854,
    0.344270833333));
#4763 = CARTESIAN_POINT('',(0.945635430703,-1.553061080447E-14,0.3734375
    ));
#4764 = CARTESIAN_POINT('',(0.709226573028,0.409472152854,0.402604166667
    ));
#4765 = CARTESIAN_POINT('',(0.472817715352,0.818944305708,0.431770833333
    ));
#4766 = CARTESIAN_POINT('',(0.,0.818944305708,0.4609375));
#4767 = CARTESIAN_POINT('',(0.,0.572668331507,-1.43125));
#4768 = CARTESIAN_POINT('',(-0.330630215352,0.572668331507,
    -1.402083333333));
#4769 = CARTESIAN_POINT('',(-0.495945323028,0.286334165753,
    -1.372916666667));
#4770 = CARTESIAN_POINT('',(-0.661260430703,-1.510611505293E-14,-1.34375
    ));
#4771 = CARTESIAN_POINT('',(-0.495945323028,-0.286334165753,
    -1.314583333333));
#4772 = CARTESIAN_POINT('',(-0.330630215352,-0.572668331507,
    -1.285416666667));
#4773 = CARTESIAN_POINT('',(-7.013164391526E-17,-0.572668331507,-1.25625
    ));
#4774 = CARTESIAN_POINT('',(0.330630215352,-0.572668331507,
    -1.227083333333));
#4775 = CARTESIAN_POINT('',(0.495945323028,-0.286334165753,
    -1.197916666667));
#4776 = CARTESIAN_POINT('',(0.661260430703,-1.528950846589E-14,-1.16875)
  );
#4777 = CARTESIAN_POINT('',(0.495945323028,0.286334165753,
    -1.139583333333));
#4778 = CARTESIAN_POINT('',(0.330630215352,0.572668331507,
    -1.110416666667));
#4779 = CARTESIAN_POINT('',(0.,0.572668331507,-1.08125));
#4780 = CARTESIAN_POINT('',(-0.330630215352,0.572668331507,
    -1.052083333333));
#4781 = CARTESIAN_POINT('',(-0.495945323028,0.286334165753,
    -1.022916666667));
#4782 = CARTESIAN_POINT('',(-0.661260430703,-1.51489776909E-14,-0.99375)
  );
#4783 = CARTESIAN_POINT('',(-0.495945323028,-0.286334165753,
    -0.964583333333));
#4784 = CARTESIAN_POINT('',(-0.330630215352,-0.572668331507,
    -0.935416666667));
#4785 = CARTESIAN_POINT('',(-7.013164391526E-17,-0.572668331507,-0.90625
    ));
#4786 = CARTESIAN_POINT('',(0.330630215352,-0.572668331507,
    -0.877083333333));
#4787 = CARTESIAN_POINT('',(0.495945323028,-0.286334165753,
    -0.847916666667));
#4788 = CARTESIAN_POINT('',(0.661260430703,-1.533237110386E-14,-0.81875)
  );
#4789 = CARTESIAN_POINT('',(0.495945323028,0.286334165753,
    -0.789583333333));
#4790 = CARTESIAN_POINT('',(0.330630215352,0.572668331507,
    -0.760416666667));
#4791 = CARTESIAN_POINT('',(0.,0.572668331507,-0.73125));
#4792 = CARTESIAN_POINT('',(-0.330630215352,0.572668331507,
    -0.702083333333));
#4793 = CARTESIAN_POINT('',(-0.495945323028,0.286334165753,
    -0.672916666667));
#4794 = CARTESIAN_POINT('',(-0.661260430703,-1.519184032887E-14,-0.64375
    ));
#4795 = CARTESIAN_POINT('',(-0.495945323028,-0.286334165753,
    -0.614583333333));
#4796 = CARTESIAN_POINT('',(-0.330630215352,-0.572668331507,
    -0.585416666667));
#4797 = CARTESIAN_POINT('',(-7.013164391526E-17,-0.572668331507,-0.55625
    ));
#4798 = CARTESIAN_POINT('',(0.330630215352,-0.572668331507,
    -0.527083333333));
#4799 = CARTESIAN_POINT('',(0.495945323028,-0.286334165753,
    -0.497916666667));
#4800 = CARTESIAN_POINT('',(0.661260430703,-1.537523374183E-14,-0.46875)
  );
#4801 = CARTESIAN_POINT('',(0.495945323028,0.286334165753,
    -0.439583333333));
#4802 = CARTESIAN_POINT('',(0.330630215352,0.572668331507,
    -0.410416666667));
#4803 = CARTESIAN_POINT('',(0.,0.572668331507,-0.38125));
#4804 = CARTESIAN_POINT('',(-0.330630215352,0.572668331507,
    -0.352083333333));
#4805 = CARTESIAN_POINT('',(-0.495945323028,0.286334165753,
    -0.322916666667));
#4806 = CARTESIAN_POINT('',(-0.661260430703,-1.523470296684E-14,-0.29375
    ));
#4807 = CARTESIAN_POINT('',(-0.495945323028,-0.286334165753,
    -0.264583333333));
#4808 = CARTESIAN_POINT('',(-0.330630215352,-0.572668331507,
    -0.235416666667));
#4809 = CARTESIAN_POINT('',(-7.013164391526E-17,-0.572668331507,-0.20625
    ));
#4810 = CARTESIAN_POINT('',(0.330630215352,-0.572668331507,
    -0.177083333333));
#4811 = CARTESIAN_POINT('',(0.495945323028,-0.286334165753,
    -0.147916666667));
#4812 = CARTESIAN_POINT('',(0.661260430703,-1.54180963798E-14,-0.11875)
  );
#4813 = CARTESIAN_POINT('',(0.495945323028,0.286334165753,
    -8.958333333333E-02));
#4814 = CARTESIAN_POINT('',(0.330630215352,0.572668331507,
    -6.041666666666E-02));
#4815 = CARTESIAN_POINT('',(0.,0.572668331507,-3.125E-02));
#4816 = CARTESIAN_POINT('',(-0.330630215352,0.572668331507,
    -2.08333333333E-03));
#4817 = CARTESIAN_POINT('',(-0.495945323028,0.286334165753,
    2.708333333334E-02));
#4818 = CARTESIAN_POINT('',(-0.661260430703,-1.527756560481E-14,
    5.625E-02));
#4819 = CARTESIAN_POINT('',(-0.495945323028,-0.286334165753,
    8.541666666667E-02));
#4820 = CARTESIAN_POINT('',(-0.330630215352,-0.572668331507,
    0.114583333333));
#4821 = CARTESIAN_POINT('',(-7.013164391526E-17,-0.572668331507,0.14375)
  );
#4822 = CARTESIAN_POINT('',(0.330630215352,-0.572668331507,
    0.172916666667));
#4823 = CARTESIAN_POINT('',(0.495945323028,-0.286334165753,
    0.202083333333));
#4824 = CARTESIAN_POINT('',(0.661260430703,-1.546095901777E-14,0.23125)
  );
#4825 = CARTESIAN_POINT('',(0.495945323028,0.286334165753,0.260416666667
    ));
#4826 = CARTESIAN_POINT('',(0.330630215352,0.572668331507,0.289583333333
    ));
#4827 = CARTESIAN_POINT('',(0.,0.572668331507,0.31875));
#4828 = ( GEOMETRIC_REPRESENTATION_CONTEXT(3) 
GLOBAL_UNCERTAINTY_ASSIGNED_CONTEXT((#4832)) 
GLOBAL_UNIT_ASSIGNED_CONTEXT((#4829,#4830,#4831)) REPRESENTATION_CONTEXT
('Context #1','3D Context with UNIT and UNCERTAINTY') );
#4829 = ( LENGTH_UNIT() NAMED_UNIT(*) SI_UNIT(.MILLI.,.METRE.) );
#4830 = ( NAMED_UNIT(*) PLANE_ANGLE_UNIT() SI_UNIT($,.RADIAN.) );
#4831 = ( NAMED_UNIT(*) SI_UNIT($,.STERADIAN.) SOLID_ANGLE_UNIT() );
#4832 = UNCERTAINTY_MEASURE_WITH_UNIT(LENGTH_MEASURE(5.E-05),#4829,
  'distance_accuracy_value','confusion accuracy');
#4833 = CONTEXT_DEPENDENT_SHAPE_REPRESENTATION(#4834,#4836);
#4834 = ( REPRESENTATION_RELATIONSHIP('','',#52,#10) 
REPRESENTATION_RELATIONSHIP_WITH_TRANSFORMATION(#4835) 
SHAPE_REPRESENTATION_RELATIONSHIP() );
#4835 = ITEM_DEFINED_TRANSFORMATION('','',#11,#15);
#4836 = PRODUCT_DEFINITION_SHAPE('Placement','Placement of an item',
  #4837);
#4837 = NEXT_ASSEMBLY_USAGE_OCCURRENCE('1','M1','',#5,#47,$);
#4838 = PRODUCT_RELATED_PRODUCT_CATEGORY('part',$,(#49));
#4839 = SHAPE_DEFINITION_REPRESENTATION(#4840,#4846);
#4840 = PRODUCT_DEFINITION_SHAPE('','',#4841);
#4841 = PRODUCT_DEFINITION('design','',#4842,#4845);
#4842 = PRODUCT_DEFINITION_FORMATION('','',#4843);
#4843 = PRODUCT('LED_0603_1608Metric','LED_0603_1608Metric','',(#4844));
#4844 = PRODUCT_CONTEXT('',#2,'mechanical');
#4845 = PRODUCT_DEFINITION_CONTEXT('part definition',#2,'design');
#4846 = ADVANCED_BREP_SHAPE_REPRESENTATION('',(#11,#4847),#6370);
#4847 = MANIFOLD_SOLID_BREP('',#4848);
#4848 = CLOSED_SHELL('',(#4849,#4889,#4936,#5015,#5039,#5079,#5110,#5127
    ,#5160,#5184,#5251,#5372,#5439,#5463,#5494,#5527,#5583,#5607,#5631,
    #5655,#5688,#5700,#5763,#5788,#5805,#5829,#5847,#5865,#5883,#5900,
    #5917,#5948,#5973,#5998,#6022,#6039,#6070,#6094,#6111,#6139,#6164,
    #6188,#6213,#6260,#6277,#6289,#6311,#6323,#6341,#6359));
#4849 = ADVANCED_FACE('',(#4850),#4884,.F.);
#4850 = FACE_BOUND('',#4851,.F.);
#4851 = EDGE_LOOP('',(#4852,#4862,#4870,#4878));
#4852 = ORIENTED_EDGE('',*,*,#4853,.T.);
#4853 = EDGE_CURVE('',#4854,#4856,#4858,.T.);
#4854 = VERTEX_POINT('',#4855);
#4855 = CARTESIAN_POINT('',(-0.5,-0.4,0.47));
#4856 = VERTEX_POINT('',#4857);
#4857 = CARTESIAN_POINT('',(-0.45,-0.4,1.1));
#4858 = LINE('',#4859,#4860);
#4859 = CARTESIAN_POINT('',(-0.5,-0.4,0.47));
#4860 = VECTOR('',#4861,1.);
#4861 = DIRECTION('',(7.911630099815E-02,0.,0.996865392576));
#4862 = ORIENTED_EDGE('',*,*,#4863,.T.);
#4863 = EDGE_CURVE('',#4856,#4864,#4866,.T.);
#4864 = VERTEX_POINT('',#4865);
#4865 = CARTESIAN_POINT('',(0.45,-0.4,1.1));
#4866 = LINE('',#4867,#4868);
#4867 = CARTESIAN_POINT('',(-0.45,-0.4,1.1));
#4868 = VECTOR('',#4869,1.);
#4869 = DIRECTION('',(1.,0.,0.));
#4870 = ORIENTED_EDGE('',*,*,#4871,.T.);
#4871 = EDGE_CURVE('',#4864,#4872,#4874,.T.);
#4872 = VERTEX_POINT('',#4873);
#4873 = CARTESIAN_POINT('',(0.5,-0.4,0.47));
#4874 = LINE('',#4875,#4876);
#4875 = CARTESIAN_POINT('',(0.45,-0.4,1.1));
#4876 = VECTOR('',#4877,1.);
#4877 = DIRECTION('',(7.911630099815E-02,0.,-0.996865392576));
#4878 = ORIENTED_EDGE('',*,*,#4879,.T.);
#4879 = EDGE_CURVE('',#4872,#4854,#4880,.T.);
#4880 = LINE('',#4881,#4882);
#4881 = CARTESIAN_POINT('',(0.5,-0.4,0.47));
#4882 = VECTOR('',#4883,1.);
#4883 = DIRECTION('',(-1.,0.,0.));
#4884 = PLANE('',#4885);
#4885 = AXIS2_PLACEMENT_3D('',#4886,#4887,#4888);
#4886 = CARTESIAN_POINT('',(-8.772411109409E-18,-0.4,0.775044128294));
#4887 = DIRECTION('',(0.,1.,0.));
#4888 = DIRECTION('',(0.,-0.,1.));
#4889 = ADVANCED_FACE('',(#4890),#4931,.T.);
#4890 = FACE_BOUND('',#4891,.T.);
#4891 = EDGE_LOOP('',(#4892,#4902,#4910,#4916,#4917,#4925));
#4892 = ORIENTED_EDGE('',*,*,#4893,.T.);
#4893 = EDGE_CURVE('',#4894,#4896,#4898,.T.);
#4894 = VERTEX_POINT('',#4895);
#4895 = CARTESIAN_POINT('',(-0.5,0.4,0.47));
#4896 = VERTEX_POINT('',#4897);
#4897 = CARTESIAN_POINT('',(-0.5,0.3,0.47));
#4898 = LINE('',#4899,#4900);
#4899 = CARTESIAN_POINT('',(-0.5,0.4,0.47));
#4900 = VECTOR('',#4901,1.);
#4901 = DIRECTION('',(0.,-1.,0.));
#4902 = ORIENTED_EDGE('',*,*,#4903,.F.);
#4903 = EDGE_CURVE('',#4904,#4896,#4906,.T.);
#4904 = VERTEX_POINT('',#4905);
#4905 = CARTESIAN_POINT('',(-0.5,-0.3,0.47));
#4906 = LINE('',#4907,#4908);
#4907 = CARTESIAN_POINT('',(-0.5,-0.4,0.47));
#4908 = VECTOR('',#4909,1.);
#4909 = DIRECTION('',(0.,1.,0.));
#4910 = ORIENTED_EDGE('',*,*,#4911,.T.);
#4911 = EDGE_CURVE('',#4904,#4854,#4912,.T.);
#4912 = LINE('',#4913,#4914);
#4913 = CARTESIAN_POINT('',(-0.5,0.4,0.47));
#4914 = VECTOR('',#4915,1.);
#4915 = DIRECTION('',(0.,-1.,0.));
#4916 = ORIENTED_EDGE('',*,*,#4853,.T.);
#4917 = ORIENTED_EDGE('',*,*,#4918,.F.);
#4918 = EDGE_CURVE('',#4919,#4856,#4921,.T.);
#4919 = VERTEX_POINT('',#4920);
#4920 = CARTESIAN_POINT('',(-0.45,0.4,1.1));
#4921 = LINE('',#4922,#4923);
#4922 = CARTESIAN_POINT('',(-0.45,0.4,1.1));
#4923 = VECTOR('',#4924,1.);
#4924 = DIRECTION('',(0.,-1.,0.));
#4925 = ORIENTED_EDGE('',*,*,#4926,.F.);
#4926 = EDGE_CURVE('',#4894,#4919,#4927,.T.);
#4927 = LINE('',#4928,#4929);
#4928 = CARTESIAN_POINT('',(-0.5,0.4,0.47));
#4929 = VECTOR('',#4930,1.);
#4930 = DIRECTION('',(7.911630099815E-02,0.,0.996865392576));
#4931 = PLANE('',#4932);
#4932 = AXIS2_PLACEMENT_3D('',#4933,#4934,#4935);
#4933 = CARTESIAN_POINT('',(-0.5,0.4,0.47));
#4934 = DIRECTION('',(-0.996865392576,0.,7.911630099815E-02));
#4935 = DIRECTION('',(7.911630099815E-02,0.,0.996865392576));
#4936 = ADVANCED_FACE('',(#4937),#5010,.F.);
#4937 = FACE_BOUND('',#4938,.F.);
#4938 = EDGE_LOOP('',(#4939,#4949,#4957,#4965,#4971,#4972,#4980,#4988,
    #4996,#5004));
#4939 = ORIENTED_EDGE('',*,*,#4940,.F.);
#4940 = EDGE_CURVE('',#4941,#4943,#4945,.T.);
#4941 = VERTEX_POINT('',#4942);
#4942 = CARTESIAN_POINT('',(-0.77,-0.4,3.E-02));
#4943 = VERTEX_POINT('',#4944);
#4944 = CARTESIAN_POINT('',(-0.725,-0.4,3.E-02));
#4945 = LINE('',#4946,#4947);
#4946 = CARTESIAN_POINT('',(-0.77,-0.4,3.E-02));
#4947 = VECTOR('',#4948,1.);
#4948 = DIRECTION('',(1.,0.,0.));
#4949 = ORIENTED_EDGE('',*,*,#4950,.T.);
#4950 = EDGE_CURVE('',#4941,#4951,#4953,.T.);
#4951 = VERTEX_POINT('',#4952);
#4952 = CARTESIAN_POINT('',(-0.77,-0.4,0.47));
#4953 = LINE('',#4954,#4955);
#4954 = CARTESIAN_POINT('',(-0.77,-0.4,3.E-02));
#4955 = VECTOR('',#4956,1.);
#4956 = DIRECTION('',(0.,0.,1.));
#4957 = ORIENTED_EDGE('',*,*,#4958,.T.);
#4958 = EDGE_CURVE('',#4951,#4959,#4961,.T.);
#4959 = VERTEX_POINT('',#4960);
#4960 = CARTESIAN_POINT('',(-0.725,-0.4,0.47));
#4961 = LINE('',#4962,#4963);
#4962 = CARTESIAN_POINT('',(-0.77,-0.4,0.47));
#4963 = VECTOR('',#4964,1.);
#4964 = DIRECTION('',(1.,0.,0.));
#4965 = ORIENTED_EDGE('',*,*,#4966,.T.);
#4966 = EDGE_CURVE('',#4959,#4854,#4967,.T.);
#4967 = LINE('',#4968,#4969);
#4968 = CARTESIAN_POINT('',(-0.77,-0.4,0.47));
#4969 = VECTOR('',#4970,1.);
#4970 = DIRECTION('',(1.,0.,0.));
#4971 = ORIENTED_EDGE('',*,*,#4879,.F.);
#4972 = ORIENTED_EDGE('',*,*,#4973,.T.);
#4973 = EDGE_CURVE('',#4872,#4974,#4976,.T.);
#4974 = VERTEX_POINT('',#4975);
#4975 = CARTESIAN_POINT('',(0.725,-0.4,0.47));
#4976 = LINE('',#4977,#4978);
#4977 = CARTESIAN_POINT('',(-0.77,-0.4,0.47));
#4978 = VECTOR('',#4979,1.);
#4979 = DIRECTION('',(1.,0.,0.));
#4980 = ORIENTED_EDGE('',*,*,#4981,.T.);
#4981 = EDGE_CURVE('',#4974,#4982,#4984,.T.);
#4982 = VERTEX_POINT('',#4983);
#4983 = CARTESIAN_POINT('',(0.77,-0.4,0.47));
#4984 = LINE('',#4985,#4986);
#4985 = CARTESIAN_POINT('',(-0.77,-0.4,0.47));
#4986 = VECTOR('',#4987,1.);
#4987 = DIRECTION('',(1.,0.,0.));
#4988 = ORIENTED_EDGE('',*,*,#4989,.F.);
#4989 = EDGE_CURVE('',#4990,#4982,#4992,.T.);
#4990 = VERTEX_POINT('',#4991);
#4991 = CARTESIAN_POINT('',(0.77,-0.4,3.E-02));
#4992 = LINE('',#4993,#4994);
#4993 = CARTESIAN_POINT('',(0.77,-0.4,3.E-02));
#4994 = VECTOR('',#4995,1.);
#4995 = DIRECTION('',(0.,0.,1.));
#4996 = ORIENTED_EDGE('',*,*,#4997,.F.);
#4997 = EDGE_CURVE('',#4998,#4990,#5000,.T.);
#4998 = VERTEX_POINT('',#4999);
#4999 = CARTESIAN_POINT('',(0.725,-0.4,3.E-02));
#5000 = LINE('',#5001,#5002);
#5001 = CARTESIAN_POINT('',(-0.77,-0.4,3.E-02));
#5002 = VECTOR('',#5003,1.);
#5003 = DIRECTION('',(1.,0.,0.));
#5004 = ORIENTED_EDGE('',*,*,#5005,.F.);
#5005 = EDGE_CURVE('',#4943,#4998,#5006,.T.);
#5006 = LINE('',#5007,#5008);
#5007 = CARTESIAN_POINT('',(-0.77,-0.4,3.E-02));
#5008 = VECTOR('',#5009,1.);
#5009 = DIRECTION('',(1.,0.,0.));
#5010 = PLANE('',#5011);
#5011 = AXIS2_PLACEMENT_3D('',#5012,#5013,#5014);
#5012 = CARTESIAN_POINT('',(-0.77,-0.4,3.E-02));
#5013 = DIRECTION('',(0.,1.,0.));
#5014 = DIRECTION('',(0.,-0.,1.));
#5015 = ADVANCED_FACE('',(#5016),#5034,.T.);
#5016 = FACE_BOUND('',#5017,.T.);
#5017 = EDGE_LOOP('',(#5018,#5019,#5020,#5028));
#5018 = ORIENTED_EDGE('',*,*,#4918,.T.);
#5019 = ORIENTED_EDGE('',*,*,#4863,.T.);
#5020 = ORIENTED_EDGE('',*,*,#5021,.F.);
#5021 = EDGE_CURVE('',#5022,#4864,#5024,.T.);
#5022 = VERTEX_POINT('',#5023);
#5023 = CARTESIAN_POINT('',(0.45,0.4,1.1));
#5024 = LINE('',#5025,#5026);
#5025 = CARTESIAN_POINT('',(0.45,0.4,1.1));
#5026 = VECTOR('',#5027,1.);
#5027 = DIRECTION('',(0.,-1.,0.));
#5028 = ORIENTED_EDGE('',*,*,#5029,.F.);
#5029 = EDGE_CURVE('',#4919,#5022,#5030,.T.);
#5030 = LINE('',#5031,#5032);
#5031 = CARTESIAN_POINT('',(-0.45,0.4,1.1));
#5032 = VECTOR('',#5033,1.);
#5033 = DIRECTION('',(1.,0.,0.));
#5034 = PLANE('',#5035);
#5035 = AXIS2_PLACEMENT_3D('',#5036,#5037,#5038);
#5036 = CARTESIAN_POINT('',(-0.45,0.4,1.1));
#5037 = DIRECTION('',(0.,0.,1.));
#5038 = DIRECTION('',(1.,0.,-0.));
#5039 = ADVANCED_FACE('',(#5040),#5074,.T.);
#5040 = FACE_BOUND('',#5041,.T.);
#5041 = EDGE_LOOP('',(#5042,#5043,#5044,#5052,#5060,#5068));
#5042 = ORIENTED_EDGE('',*,*,#5021,.T.);
#5043 = ORIENTED_EDGE('',*,*,#4871,.T.);
#5044 = ORIENTED_EDGE('',*,*,#5045,.F.);
#5045 = EDGE_CURVE('',#5046,#4872,#5048,.T.);
#5046 = VERTEX_POINT('',#5047);
#5047 = CARTESIAN_POINT('',(0.5,-0.3,0.47));
#5048 = LINE('',#5049,#5050);
#5049 = CARTESIAN_POINT('',(0.5,0.4,0.47));
#5050 = VECTOR('',#5051,1.);
#5051 = DIRECTION('',(0.,-1.,0.));
#5052 = ORIENTED_EDGE('',*,*,#5053,.T.);
#5053 = EDGE_CURVE('',#5046,#5054,#5056,.T.);
#5054 = VERTEX_POINT('',#5055);
#5055 = CARTESIAN_POINT('',(0.5,0.3,0.47));
#5056 = LINE('',#5057,#5058);
#5057 = CARTESIAN_POINT('',(0.5,-0.4,0.47));
#5058 = VECTOR('',#5059,1.);
#5059 = DIRECTION('',(0.,1.,0.));
#5060 = ORIENTED_EDGE('',*,*,#5061,.F.);
#5061 = EDGE_CURVE('',#5062,#5054,#5064,.T.);
#5062 = VERTEX_POINT('',#5063);
#5063 = CARTESIAN_POINT('',(0.5,0.4,0.47));
#5064 = LINE('',#5065,#5066);
#5065 = CARTESIAN_POINT('',(0.5,0.4,0.47));
#5066 = VECTOR('',#5067,1.);
#5067 = DIRECTION('',(0.,-1.,0.));
#5068 = ORIENTED_EDGE('',*,*,#5069,.F.);
#5069 = EDGE_CURVE('',#5022,#5062,#5070,.T.);
#5070 = LINE('',#5071,#5072);
#5071 = CARTESIAN_POINT('',(0.45,0.4,1.1));
#5072 = VECTOR('',#5073,1.);
#5073 = DIRECTION('',(7.911630099815E-02,0.,-0.996865392576));
#5074 = PLANE('',#5075);
#5075 = AXIS2_PLACEMENT_3D('',#5076,#5077,#5078);
#5076 = CARTESIAN_POINT('',(0.45,0.4,1.1));
#5077 = DIRECTION('',(0.996865392576,0.,7.911630099815E-02));
#5078 = DIRECTION('',(7.911630099815E-02,0.,-0.996865392576));
#5079 = ADVANCED_FACE('',(#5080),#5105,.T.);
#5080 = FACE_BOUND('',#5081,.T.);
#5081 = EDGE_LOOP('',(#5082,#5090,#5098,#5104));
#5082 = ORIENTED_EDGE('',*,*,#5083,.F.);
#5083 = EDGE_CURVE('',#5084,#4894,#5086,.T.);
#5084 = VERTEX_POINT('',#5085);
#5085 = CARTESIAN_POINT('',(-0.725,0.4,0.47));
#5086 = LINE('',#5087,#5088);
#5087 = CARTESIAN_POINT('',(-0.77,0.4,0.47));
#5088 = VECTOR('',#5089,1.);
#5089 = DIRECTION('',(1.,0.,0.));
#5090 = ORIENTED_EDGE('',*,*,#5091,.F.);
#5091 = EDGE_CURVE('',#5092,#5084,#5094,.T.);
#5092 = VERTEX_POINT('',#5093);
#5093 = CARTESIAN_POINT('',(-0.725,0.3,0.47));
#5094 = LINE('',#5095,#5096);
#5095 = CARTESIAN_POINT('',(-0.725,5.E-02,0.47));
#5096 = VECTOR('',#5097,1.);
#5097 = DIRECTION('',(0.,1.,0.));
#5098 = ORIENTED_EDGE('',*,*,#5099,.F.);
#5099 = EDGE_CURVE('',#4896,#5092,#5100,.T.);
#5100 = LINE('',#5101,#5102);
#5101 = CARTESIAN_POINT('',(-0.7475,0.3,0.47));
#5102 = VECTOR('',#5103,1.);
#5103 = DIRECTION('',(-1.,0.,0.));
#5104 = ORIENTED_EDGE('',*,*,#4893,.F.);
#5105 = PLANE('',#5106);
#5106 = AXIS2_PLACEMENT_3D('',#5107,#5108,#5109);
#5107 = CARTESIAN_POINT('',(-0.77,-0.4,0.47));
#5108 = DIRECTION('',(0.,0.,1.));
#5109 = DIRECTION('',(1.,0.,-0.));
#5110 = ADVANCED_FACE('',(#5111),#5122,.T.);
#5111 = FACE_BOUND('',#5112,.T.);
#5112 = EDGE_LOOP('',(#5113,#5114,#5115,#5116));
#5113 = ORIENTED_EDGE('',*,*,#4926,.T.);
#5114 = ORIENTED_EDGE('',*,*,#5029,.T.);
#5115 = ORIENTED_EDGE('',*,*,#5069,.T.);
#5116 = ORIENTED_EDGE('',*,*,#5117,.T.);
#5117 = EDGE_CURVE('',#5062,#4894,#5118,.T.);
#5118 = LINE('',#5119,#5120);
#5119 = CARTESIAN_POINT('',(0.5,0.4,0.47));
#5120 = VECTOR('',#5121,1.);
#5121 = DIRECTION('',(-1.,0.,0.));
#5122 = PLANE('',#5123);
#5123 = AXIS2_PLACEMENT_3D('',#5124,#5125,#5126);
#5124 = CARTESIAN_POINT('',(-8.772411109409E-18,0.4,0.775044128294));
#5125 = DIRECTION('',(0.,1.,0.));
#5126 = DIRECTION('',(0.,-0.,1.));
#5127 = ADVANCED_FACE('',(#5128),#5155,.T.);
#5128 = FACE_BOUND('',#5129,.T.);
#5129 = EDGE_LOOP('',(#5130,#5139,#5147,#5154));
#5130 = ORIENTED_EDGE('',*,*,#5131,.F.);
#5131 = EDGE_CURVE('',#5132,#4896,#5134,.T.);
#5132 = VERTEX_POINT('',#5133);
#5133 = CARTESIAN_POINT('',(-0.53,0.3,0.5));
#5134 = CIRCLE('',#5135,3.E-02);
#5135 = AXIS2_PLACEMENT_3D('',#5136,#5137,#5138);
#5136 = CARTESIAN_POINT('',(-0.53,0.3,0.47));
#5137 = DIRECTION('',(-0.,1.,0.));
#5138 = DIRECTION('',(1.,0.,0.));
#5139 = ORIENTED_EDGE('',*,*,#5140,.F.);
#5140 = EDGE_CURVE('',#5141,#5132,#5143,.T.);
#5141 = VERTEX_POINT('',#5142);
#5142 = CARTESIAN_POINT('',(-0.53,-0.3,0.5));
#5143 = LINE('',#5144,#5145);
#5144 = CARTESIAN_POINT('',(-0.53,-0.4,0.5));
#5145 = VECTOR('',#5146,1.);
#5146 = DIRECTION('',(0.,1.,0.));
#5147 = ORIENTED_EDGE('',*,*,#5148,.T.);
#5148 = EDGE_CURVE('',#5141,#4904,#5149,.T.);
#5149 = CIRCLE('',#5150,3.E-02);
#5150 = AXIS2_PLACEMENT_3D('',#5151,#5152,#5153);
#5151 = CARTESIAN_POINT('',(-0.53,-0.3,0.47));
#5152 = DIRECTION('',(-0.,1.,0.));
#5153 = DIRECTION('',(1.,0.,0.));
#5154 = ORIENTED_EDGE('',*,*,#4903,.T.);
#5155 = CYLINDRICAL_SURFACE('',#5156,3.E-02);
#5156 = AXIS2_PLACEMENT_3D('',#5157,#5158,#5159);
#5157 = CARTESIAN_POINT('',(-0.53,-0.4,0.47));
#5158 = DIRECTION('',(0.,1.,0.));
#5159 = DIRECTION('',(1.,0.,0.));
#5160 = ADVANCED_FACE('',(#5161),#5179,.T.);
#5161 = FACE_BOUND('',#5162,.T.);
#5162 = EDGE_LOOP('',(#5163,#5171,#5172,#5173));
#5163 = ORIENTED_EDGE('',*,*,#5164,.F.);
#5164 = EDGE_CURVE('',#4959,#5165,#5167,.T.);
#5165 = VERTEX_POINT('',#5166);
#5166 = CARTESIAN_POINT('',(-0.725,-0.3,0.47));
#5167 = LINE('',#5168,#5169);
#5168 = CARTESIAN_POINT('',(-0.725,-0.35,0.47));
#5169 = VECTOR('',#5170,1.);
#5170 = DIRECTION('',(0.,1.,0.));
#5171 = ORIENTED_EDGE('',*,*,#4966,.T.);
#5172 = ORIENTED_EDGE('',*,*,#4911,.F.);
#5173 = ORIENTED_EDGE('',*,*,#5174,.F.);
#5174 = EDGE_CURVE('',#5165,#4904,#5175,.T.);
#5175 = LINE('',#5176,#5177);
#5176 = CARTESIAN_POINT('',(-2.25E-02,-0.3,0.47));
#5177 = VECTOR('',#5178,1.);
#5178 = DIRECTION('',(1.,0.,0.));
#5179 = PLANE('',#5180);
#5180 = AXIS2_PLACEMENT_3D('',#5181,#5182,#5183);
#5181 = CARTESIAN_POINT('',(-0.77,-0.4,0.47));
#5182 = DIRECTION('',(0.,0.,1.));
#5183 = DIRECTION('',(1.,0.,-0.));
#5184 = ADVANCED_FACE('',(#5185),#5246,.F.);
#5185 = FACE_BOUND('',#5186,.F.);
#5186 = EDGE_LOOP('',(#5187,#5197,#5206,#5214,#5223,#5231,#5237,#5238,
    #5239,#5240));
#5187 = ORIENTED_EDGE('',*,*,#5188,.F.);
#5188 = EDGE_CURVE('',#5189,#5191,#5193,.T.);
#5189 = VERTEX_POINT('',#5190);
#5190 = CARTESIAN_POINT('',(-0.77,-0.4,-3.469446951954E-18));
#5191 = VERTEX_POINT('',#5192);
#5192 = CARTESIAN_POINT('',(-0.725,-0.4,0.));
#5193 = LINE('',#5194,#5195);
#5194 = CARTESIAN_POINT('',(-0.8,-0.4,0.));
#5195 = VECTOR('',#5196,1.);
#5196 = DIRECTION('',(1.,0.,0.));
#5197 = ORIENTED_EDGE('',*,*,#5198,.F.);
#5198 = EDGE_CURVE('',#5199,#5189,#5201,.T.);
#5199 = VERTEX_POINT('',#5200);
#5200 = CARTESIAN_POINT('',(-0.8,-0.4,3.E-02));
#5201 = CIRCLE('',#5202,3.E-02);
#5202 = AXIS2_PLACEMENT_3D('',#5203,#5204,#5205);
#5203 = CARTESIAN_POINT('',(-0.77,-0.4,3.E-02));
#5204 = DIRECTION('',(0.,-1.,0.));
#5205 = DIRECTION('',(0.,0.,1.));
#5206 = ORIENTED_EDGE('',*,*,#5207,.T.);
#5207 = EDGE_CURVE('',#5199,#5208,#5210,.T.);
#5208 = VERTEX_POINT('',#5209);
#5209 = CARTESIAN_POINT('',(-0.8,-0.4,0.47));
#5210 = LINE('',#5211,#5212);
#5211 = CARTESIAN_POINT('',(-0.8,-0.4,0.));
#5212 = VECTOR('',#5213,1.);
#5213 = DIRECTION('',(0.,0.,1.));
#5214 = ORIENTED_EDGE('',*,*,#5215,.T.);
#5215 = EDGE_CURVE('',#5208,#5216,#5218,.T.);
#5216 = VERTEX_POINT('',#5217);
#5217 = CARTESIAN_POINT('',(-0.77,-0.4,0.5));
#5218 = CIRCLE('',#5219,3.E-02);
#5219 = AXIS2_PLACEMENT_3D('',#5220,#5221,#5222);
#5220 = CARTESIAN_POINT('',(-0.77,-0.4,0.47));
#5221 = DIRECTION('',(0.,1.,0.));
#5222 = DIRECTION('',(0.,-0.,1.));
#5223 = ORIENTED_EDGE('',*,*,#5224,.T.);
#5224 = EDGE_CURVE('',#5216,#5225,#5227,.T.);
#5225 = VERTEX_POINT('',#5226);
#5226 = CARTESIAN_POINT('',(-0.725,-0.4,0.5));
#5227 = LINE('',#5228,#5229);
#5228 = CARTESIAN_POINT('',(-0.8,-0.4,0.5));
#5229 = VECTOR('',#5230,1.);
#5230 = DIRECTION('',(1.,0.,0.));
#5231 = ORIENTED_EDGE('',*,*,#5232,.F.);
#5232 = EDGE_CURVE('',#4959,#5225,#5233,.T.);
#5233 = LINE('',#5234,#5235);
#5234 = CARTESIAN_POINT('',(-0.725,-0.4,0.375));
#5235 = VECTOR('',#5236,1.);
#5236 = DIRECTION('',(0.,0.,1.));
#5237 = ORIENTED_EDGE('',*,*,#4958,.F.);
#5238 = ORIENTED_EDGE('',*,*,#4950,.F.);
#5239 = ORIENTED_EDGE('',*,*,#4940,.T.);
#5240 = ORIENTED_EDGE('',*,*,#5241,.F.);
#5241 = EDGE_CURVE('',#5191,#4943,#5242,.T.);
#5242 = LINE('',#5243,#5244);
#5243 = CARTESIAN_POINT('',(-0.725,-0.4,0.375));
#5244 = VECTOR('',#5245,1.);
#5245 = DIRECTION('',(0.,0.,1.));
#5246 = PLANE('',#5247);
#5247 = AXIS2_PLACEMENT_3D('',#5248,#5249,#5250);
#5248 = CARTESIAN_POINT('',(-0.8,-0.4,0.));
#5249 = DIRECTION('',(0.,1.,0.));
#5250 = DIRECTION('',(0.,-0.,1.));
#5251 = ADVANCED_FACE('',(#5252,#5341),#5367,.F.);
#5252 = FACE_BOUND('',#5253,.F.);
#5253 = EDGE_LOOP('',(#5254,#5262,#5263,#5271,#5279,#5287,#5295,#5303,
    #5311,#5319,#5327,#5335));
#5254 = ORIENTED_EDGE('',*,*,#5255,.F.);
#5255 = EDGE_CURVE('',#4943,#5256,#5258,.T.);
#5256 = VERTEX_POINT('',#5257);
#5257 = CARTESIAN_POINT('',(-0.725,-0.3,3.E-02));
#5258 = LINE('',#5259,#5260);
#5259 = CARTESIAN_POINT('',(-0.725,-0.35,3.E-02));
#5260 = VECTOR('',#5261,1.);
#5261 = DIRECTION('',(0.,1.,0.));
#5262 = ORIENTED_EDGE('',*,*,#5005,.T.);
#5263 = ORIENTED_EDGE('',*,*,#5264,.F.);
#5264 = EDGE_CURVE('',#5265,#4998,#5267,.T.);
#5265 = VERTEX_POINT('',#5266);
#5266 = CARTESIAN_POINT('',(0.725,-0.3,3.E-02));
#5267 = LINE('',#5268,#5269);
#5268 = CARTESIAN_POINT('',(0.725,-0.45,3.E-02));
#5269 = VECTOR('',#5270,1.);
#5270 = DIRECTION('',(0.,-1.,0.));
#5271 = ORIENTED_EDGE('',*,*,#5272,.F.);
#5272 = EDGE_CURVE('',#5273,#5265,#5275,.T.);
#5273 = VERTEX_POINT('',#5274);
#5274 = CARTESIAN_POINT('',(0.5,-0.3,3.E-02));
#5275 = LINE('',#5276,#5277);
#5276 = CARTESIAN_POINT('',(-2.25E-02,-0.3,3.E-02));
#5277 = VECTOR('',#5278,1.);
#5278 = DIRECTION('',(1.,0.,0.));
#5279 = ORIENTED_EDGE('',*,*,#5280,.T.);
#5280 = EDGE_CURVE('',#5273,#5281,#5283,.T.);
#5281 = VERTEX_POINT('',#5282);
#5282 = CARTESIAN_POINT('',(0.5,0.3,3.E-02));
#5283 = LINE('',#5284,#5285);
#5284 = CARTESIAN_POINT('',(0.5,-0.4,3.E-02));
#5285 = VECTOR('',#5286,1.);
#5286 = DIRECTION('',(0.,1.,0.));
#5287 = ORIENTED_EDGE('',*,*,#5288,.F.);
#5288 = EDGE_CURVE('',#5289,#5281,#5291,.T.);
#5289 = VERTEX_POINT('',#5290);
#5290 = CARTESIAN_POINT('',(0.725,0.3,3.E-02));
#5291 = LINE('',#5292,#5293);
#5292 = CARTESIAN_POINT('',(-0.7475,0.3,3.E-02));
#5293 = VECTOR('',#5294,1.);
#5294 = DIRECTION('',(-1.,0.,0.));
#5295 = ORIENTED_EDGE('',*,*,#5296,.F.);
#5296 = EDGE_CURVE('',#5297,#5289,#5299,.T.);
#5297 = VERTEX_POINT('',#5298);
#5298 = CARTESIAN_POINT('',(0.725,0.4,3.E-02));
#5299 = LINE('',#5300,#5301);
#5300 = CARTESIAN_POINT('',(0.725,-5.E-02,3.E-02));
#5301 = VECTOR('',#5302,1.);
#5302 = DIRECTION('',(0.,-1.,0.));
#5303 = ORIENTED_EDGE('',*,*,#5304,.F.);
#5304 = EDGE_CURVE('',#5305,#5297,#5307,.T.);
#5305 = VERTEX_POINT('',#5306);
#5306 = CARTESIAN_POINT('',(-0.725,0.4,3.E-02));
#5307 = LINE('',#5308,#5309);
#5308 = CARTESIAN_POINT('',(-0.77,0.4,3.E-02));
#5309 = VECTOR('',#5310,1.);
#5310 = DIRECTION('',(1.,0.,0.));
#5311 = ORIENTED_EDGE('',*,*,#5312,.F.);
#5312 = EDGE_CURVE('',#5313,#5305,#5315,.T.);
#5313 = VERTEX_POINT('',#5314);
#5314 = CARTESIAN_POINT('',(-0.725,0.3,3.E-02));
#5315 = LINE('',#5316,#5317);
#5316 = CARTESIAN_POINT('',(-0.725,5.E-02,3.E-02));
#5317 = VECTOR('',#5318,1.);
#5318 = DIRECTION('',(0.,1.,0.));
#5319 = ORIENTED_EDGE('',*,*,#5320,.F.);
#5320 = EDGE_CURVE('',#5321,#5313,#5323,.T.);
#5321 = VERTEX_POINT('',#5322);
#5322 = CARTESIAN_POINT('',(-0.5,0.3,3.E-02));
#5323 = LINE('',#5324,#5325);
#5324 = CARTESIAN_POINT('',(-0.7475,0.3,3.E-02));
#5325 = VECTOR('',#5326,1.);
#5326 = DIRECTION('',(-1.,0.,0.));
#5327 = ORIENTED_EDGE('',*,*,#5328,.F.);
#5328 = EDGE_CURVE('',#5329,#5321,#5331,.T.);
#5329 = VERTEX_POINT('',#5330);
#5330 = CARTESIAN_POINT('',(-0.5,-0.3,3.E-02));
#5331 = LINE('',#5332,#5333);
#5332 = CARTESIAN_POINT('',(-0.5,-0.4,3.E-02));
#5333 = VECTOR('',#5334,1.);
#5334 = DIRECTION('',(0.,1.,0.));
#5335 = ORIENTED_EDGE('',*,*,#5336,.F.);
#5336 = EDGE_CURVE('',#5256,#5329,#5337,.T.);
#5337 = LINE('',#5338,#5339);
#5338 = CARTESIAN_POINT('',(-2.25E-02,-0.3,3.E-02));
#5339 = VECTOR('',#5340,1.);
#5340 = DIRECTION('',(1.,0.,0.));
#5341 = FACE_BOUND('',#5342,.F.);
#5342 = EDGE_LOOP('',(#5343,#5353,#5361));
#5343 = ORIENTED_EDGE('',*,*,#5344,.T.);
#5344 = EDGE_CURVE('',#5345,#5347,#5349,.T.);
#5345 = VERTEX_POINT('',#5346);
#5346 = CARTESIAN_POINT('',(0.277128129211,0.32,3.E-02));
#5347 = VERTEX_POINT('',#5348);
#5348 = CARTESIAN_POINT('',(0.277128129211,-0.32,3.E-02));
#5349 = LINE('',#5350,#5351);
#5350 = CARTESIAN_POINT('',(0.277128129211,0.32,3.E-02));
#5351 = VECTOR('',#5352,1.);
#5352 = DIRECTION('',(0.,-1.,0.));
#5353 = ORIENTED_EDGE('',*,*,#5354,.T.);
#5354 = EDGE_CURVE('',#5347,#5355,#5357,.T.);
#5355 = VERTEX_POINT('',#5356);
#5356 = CARTESIAN_POINT('',(-0.277128129211,0.,3.E-02));
#5357 = LINE('',#5358,#5359);
#5358 = CARTESIAN_POINT('',(0.277128129211,-0.32,3.E-02));
#5359 = VECTOR('',#5360,1.);
#5360 = DIRECTION('',(-0.866025403784,0.5,0.));
#5361 = ORIENTED_EDGE('',*,*,#5362,.T.);
#5362 = EDGE_CURVE('',#5355,#5345,#5363,.T.);
#5363 = LINE('',#5364,#5365);
#5364 = CARTESIAN_POINT('',(-0.277128129211,0.,3.E-02));
#5365 = VECTOR('',#5366,1.);
#5366 = DIRECTION('',(0.866025403784,0.5,0.));
#5367 = PLANE('',#5368);
#5368 = AXIS2_PLACEMENT_3D('',#5369,#5370,#5371);
#5369 = CARTESIAN_POINT('',(-0.77,-0.4,3.E-02));
#5370 = DIRECTION('',(0.,0.,1.));
#5371 = DIRECTION('',(1.,0.,-0.));
#5372 = ADVANCED_FACE('',(#5373),#5434,.F.);
#5373 = FACE_BOUND('',#5374,.F.);
#5374 = EDGE_LOOP('',(#5375,#5385,#5391,#5392,#5393,#5394,#5402,#5410,
    #5419,#5427));
#5375 = ORIENTED_EDGE('',*,*,#5376,.F.);
#5376 = EDGE_CURVE('',#5377,#5379,#5381,.T.);
#5377 = VERTEX_POINT('',#5378);
#5378 = CARTESIAN_POINT('',(0.725,-0.4,0.));
#5379 = VERTEX_POINT('',#5380);
#5380 = CARTESIAN_POINT('',(0.77,-0.4,-3.469446951954E-18));
#5381 = LINE('',#5382,#5383);
#5382 = CARTESIAN_POINT('',(0.5,-0.4,0.));
#5383 = VECTOR('',#5384,1.);
#5384 = DIRECTION('',(1.,0.,0.));
#5385 = ORIENTED_EDGE('',*,*,#5386,.F.);
#5386 = EDGE_CURVE('',#4998,#5377,#5387,.T.);
#5387 = LINE('',#5388,#5389);
#5388 = CARTESIAN_POINT('',(0.725,-0.4,0.375));
#5389 = VECTOR('',#5390,1.);
#5390 = DIRECTION('',(0.,0.,-1.));
#5391 = ORIENTED_EDGE('',*,*,#4997,.T.);
#5392 = ORIENTED_EDGE('',*,*,#4989,.T.);
#5393 = ORIENTED_EDGE('',*,*,#4981,.F.);
#5394 = ORIENTED_EDGE('',*,*,#5395,.F.);
#5395 = EDGE_CURVE('',#5396,#4974,#5398,.T.);
#5396 = VERTEX_POINT('',#5397);
#5397 = CARTESIAN_POINT('',(0.725,-0.4,0.5));
#5398 = LINE('',#5399,#5400);
#5399 = CARTESIAN_POINT('',(0.725,-0.4,0.375));
#5400 = VECTOR('',#5401,1.);
#5401 = DIRECTION('',(0.,0.,-1.));
#5402 = ORIENTED_EDGE('',*,*,#5403,.T.);
#5403 = EDGE_CURVE('',#5396,#5404,#5406,.T.);
#5404 = VERTEX_POINT('',#5405);
#5405 = CARTESIAN_POINT('',(0.77,-0.4,0.5));
#5406 = LINE('',#5407,#5408);
#5407 = CARTESIAN_POINT('',(0.5,-0.4,0.5));
#5408 = VECTOR('',#5409,1.);
#5409 = DIRECTION('',(1.,0.,0.));
#5410 = ORIENTED_EDGE('',*,*,#5411,.F.);
#5411 = EDGE_CURVE('',#5412,#5404,#5414,.T.);
#5412 = VERTEX_POINT('',#5413);
#5413 = CARTESIAN_POINT('',(0.8,-0.4,0.47));
#5414 = CIRCLE('',#5415,3.E-02);
#5415 = AXIS2_PLACEMENT_3D('',#5416,#5417,#5418);
#5416 = CARTESIAN_POINT('',(0.77,-0.4,0.47));
#5417 = DIRECTION('',(0.,-1.,0.));
#5418 = DIRECTION('',(0.,0.,1.));
#5419 = ORIENTED_EDGE('',*,*,#5420,.F.);
#5420 = EDGE_CURVE('',#5421,#5412,#5423,.T.);
#5421 = VERTEX_POINT('',#5422);
#5422 = CARTESIAN_POINT('',(0.8,-0.4,3.E-02));
#5423 = LINE('',#5424,#5425);
#5424 = CARTESIAN_POINT('',(0.8,-0.4,0.));
#5425 = VECTOR('',#5426,1.);
#5426 = DIRECTION('',(0.,0.,1.));
#5427 = ORIENTED_EDGE('',*,*,#5428,.T.);
#5428 = EDGE_CURVE('',#5421,#5379,#5429,.T.);
#5429 = CIRCLE('',#5430,3.E-02);
#5430 = AXIS2_PLACEMENT_3D('',#5431,#5432,#5433);
#5431 = CARTESIAN_POINT('',(0.77,-0.4,3.E-02));
#5432 = DIRECTION('',(0.,1.,0.));
#5433 = DIRECTION('',(0.,-0.,1.));
#5434 = PLANE('',#5435);
#5435 = AXIS2_PLACEMENT_3D('',#5436,#5437,#5438);
#5436 = CARTESIAN_POINT('',(0.5,-0.4,0.));
#5437 = DIRECTION('',(0.,1.,0.));
#5438 = DIRECTION('',(0.,-0.,1.));
#5439 = ADVANCED_FACE('',(#5440),#5458,.T.);
#5440 = FACE_BOUND('',#5441,.T.);
#5441 = EDGE_LOOP('',(#5442,#5450,#5451,#5452));
#5442 = ORIENTED_EDGE('',*,*,#5443,.F.);
#5443 = EDGE_CURVE('',#5046,#5444,#5446,.T.);
#5444 = VERTEX_POINT('',#5445);
#5445 = CARTESIAN_POINT('',(0.725,-0.3,0.47));
#5446 = LINE('',#5447,#5448);
#5447 = CARTESIAN_POINT('',(-2.25E-02,-0.3,0.47));
#5448 = VECTOR('',#5449,1.);
#5449 = DIRECTION('',(1.,0.,0.));
#5450 = ORIENTED_EDGE('',*,*,#5045,.T.);
#5451 = ORIENTED_EDGE('',*,*,#4973,.T.);
#5452 = ORIENTED_EDGE('',*,*,#5453,.F.);
#5453 = EDGE_CURVE('',#5444,#4974,#5454,.T.);
#5454 = LINE('',#5455,#5456);
#5455 = CARTESIAN_POINT('',(0.725,-0.45,0.47));
#5456 = VECTOR('',#5457,1.);
#5457 = DIRECTION('',(0.,-1.,0.));
#5458 = PLANE('',#5459);
#5459 = AXIS2_PLACEMENT_3D('',#5460,#5461,#5462);
#5460 = CARTESIAN_POINT('',(-0.77,-0.4,0.47));
#5461 = DIRECTION('',(0.,0.,1.));
#5462 = DIRECTION('',(1.,0.,-0.));
#5463 = ADVANCED_FACE('',(#5464),#5489,.T.);
#5464 = FACE_BOUND('',#5465,.T.);
#5465 = EDGE_LOOP('',(#5466,#5474,#5475,#5483));
#5466 = ORIENTED_EDGE('',*,*,#5467,.F.);
#5467 = EDGE_CURVE('',#5062,#5468,#5470,.T.);
#5468 = VERTEX_POINT('',#5469);
#5469 = CARTESIAN_POINT('',(0.725,0.4,0.47));
#5470 = LINE('',#5471,#5472);
#5471 = CARTESIAN_POINT('',(-0.77,0.4,0.47));
#5472 = VECTOR('',#5473,1.);
#5473 = DIRECTION('',(1.,0.,0.));
#5474 = ORIENTED_EDGE('',*,*,#5061,.T.);
#5475 = ORIENTED_EDGE('',*,*,#5476,.F.);
#5476 = EDGE_CURVE('',#5477,#5054,#5479,.T.);
#5477 = VERTEX_POINT('',#5478);
#5478 = CARTESIAN_POINT('',(0.725,0.3,0.47));
#5479 = LINE('',#5480,#5481);
#5480 = CARTESIAN_POINT('',(-0.7475,0.3,0.47));
#5481 = VECTOR('',#5482,1.);
#5482 = DIRECTION('',(-1.,0.,0.));
#5483 = ORIENTED_EDGE('',*,*,#5484,.F.);
#5484 = EDGE_CURVE('',#5468,#5477,#5485,.T.);
#5485 = LINE('',#5486,#5487);
#5486 = CARTESIAN_POINT('',(0.725,-5.E-02,0.47));
#5487 = VECTOR('',#5488,1.);
#5488 = DIRECTION('',(0.,-1.,0.));
#5489 = PLANE('',#5490);
#5490 = AXIS2_PLACEMENT_3D('',#5491,#5492,#5493);
#5491 = CARTESIAN_POINT('',(-0.77,-0.4,0.47));
#5492 = DIRECTION('',(0.,0.,1.));
#5493 = DIRECTION('',(1.,0.,-0.));
#5494 = ADVANCED_FACE('',(#5495),#5522,.T.);
#5495 = FACE_BOUND('',#5496,.T.);
#5496 = EDGE_LOOP('',(#5497,#5498,#5507,#5515));
#5497 = ORIENTED_EDGE('',*,*,#5053,.F.);
#5498 = ORIENTED_EDGE('',*,*,#5499,.T.);
#5499 = EDGE_CURVE('',#5046,#5500,#5502,.T.);
#5500 = VERTEX_POINT('',#5501);
#5501 = CARTESIAN_POINT('',(0.53,-0.3,0.5));
#5502 = CIRCLE('',#5503,3.E-02);
#5503 = AXIS2_PLACEMENT_3D('',#5504,#5505,#5506);
#5504 = CARTESIAN_POINT('',(0.53,-0.3,0.47));
#5505 = DIRECTION('',(0.,1.,-0.));
#5506 = DIRECTION('',(-1.,0.,0.));
#5507 = ORIENTED_EDGE('',*,*,#5508,.T.);
#5508 = EDGE_CURVE('',#5500,#5509,#5511,.T.);
#5509 = VERTEX_POINT('',#5510);
#5510 = CARTESIAN_POINT('',(0.53,0.3,0.5));
#5511 = LINE('',#5512,#5513);
#5512 = CARTESIAN_POINT('',(0.53,-0.4,0.5));
#5513 = VECTOR('',#5514,1.);
#5514 = DIRECTION('',(0.,1.,0.));
#5515 = ORIENTED_EDGE('',*,*,#5516,.F.);
#5516 = EDGE_CURVE('',#5054,#5509,#5517,.T.);
#5517 = CIRCLE('',#5518,3.E-02);
#5518 = AXIS2_PLACEMENT_3D('',#5519,#5520,#5521);
#5519 = CARTESIAN_POINT('',(0.53,0.3,0.47));
#5520 = DIRECTION('',(0.,1.,-0.));
#5521 = DIRECTION('',(-1.,0.,0.));
#5522 = CYLINDRICAL_SURFACE('',#5523,3.E-02);
#5523 = AXIS2_PLACEMENT_3D('',#5524,#5525,#5526);
#5524 = CARTESIAN_POINT('',(0.53,-0.4,0.47));
#5525 = DIRECTION('',(0.,1.,0.));
#5526 = DIRECTION('',(-1.,0.,0.));
#5527 = ADVANCED_FACE('',(#5528),#5578,.T.);
#5528 = FACE_BOUND('',#5529,.T.);
#5529 = EDGE_LOOP('',(#5530,#5538,#5546,#5552,#5553,#5554,#5555,#5563,
    #5571,#5577));
#5530 = ORIENTED_EDGE('',*,*,#5531,.F.);
#5531 = EDGE_CURVE('',#5532,#5305,#5534,.T.);
#5532 = VERTEX_POINT('',#5533);
#5533 = CARTESIAN_POINT('',(-0.77,0.4,3.E-02));
#5534 = LINE('',#5535,#5536);
#5535 = CARTESIAN_POINT('',(-0.77,0.4,3.E-02));
#5536 = VECTOR('',#5537,1.);
#5537 = DIRECTION('',(1.,0.,0.));
#5538 = ORIENTED_EDGE('',*,*,#5539,.T.);
#5539 = EDGE_CURVE('',#5532,#5540,#5542,.T.);
#5540 = VERTEX_POINT('',#5541);
#5541 = CARTESIAN_POINT('',(-0.77,0.4,0.47));
#5542 = LINE('',#5543,#5544);
#5543 = CARTESIAN_POINT('',(-0.77,0.4,3.E-02));
#5544 = VECTOR('',#5545,1.);
#5545 = DIRECTION('',(0.,0.,1.));
#5546 = ORIENTED_EDGE('',*,*,#5547,.T.);
#5547 = EDGE_CURVE('',#5540,#5084,#5548,.T.);
#5548 = LINE('',#5549,#5550);
#5549 = CARTESIAN_POINT('',(-0.77,0.4,0.47));
#5550 = VECTOR('',#5551,1.);
#5551 = DIRECTION('',(1.,0.,0.));
#5552 = ORIENTED_EDGE('',*,*,#5083,.T.);
#5553 = ORIENTED_EDGE('',*,*,#5117,.F.);
#5554 = ORIENTED_EDGE('',*,*,#5467,.T.);
#5555 = ORIENTED_EDGE('',*,*,#5556,.T.);
#5556 = EDGE_CURVE('',#5468,#5557,#5559,.T.);
#5557 = VERTEX_POINT('',#5558);
#5558 = CARTESIAN_POINT('',(0.77,0.4,0.47));
#5559 = LINE('',#5560,#5561);
#5560 = CARTESIAN_POINT('',(-0.77,0.4,0.47));
#5561 = VECTOR('',#5562,1.);
#5562 = DIRECTION('',(1.,0.,0.));
#5563 = ORIENTED_EDGE('',*,*,#5564,.F.);
#5564 = EDGE_CURVE('',#5565,#5557,#5567,.T.);
#5565 = VERTEX_POINT('',#5566);
#5566 = CARTESIAN_POINT('',(0.77,0.4,3.E-02));
#5567 = LINE('',#5568,#5569);
#5568 = CARTESIAN_POINT('',(0.77,0.4,3.E-02));
#5569 = VECTOR('',#5570,1.);
#5570 = DIRECTION('',(0.,0.,1.));
#5571 = ORIENTED_EDGE('',*,*,#5572,.F.);
#5572 = EDGE_CURVE('',#5297,#5565,#5573,.T.);
#5573 = LINE('',#5574,#5575);
#5574 = CARTESIAN_POINT('',(-0.77,0.4,3.E-02));
#5575 = VECTOR('',#5576,1.);
#5576 = DIRECTION('',(1.,0.,0.));
#5577 = ORIENTED_EDGE('',*,*,#5304,.F.);
#5578 = PLANE('',#5579);
#5579 = AXIS2_PLACEMENT_3D('',#5580,#5581,#5582);
#5580 = CARTESIAN_POINT('',(-0.77,0.4,3.E-02));
#5581 = DIRECTION('',(0.,1.,0.));
#5582 = DIRECTION('',(0.,-0.,1.));
#5583 = ADVANCED_FACE('',(#5584),#5602,.F.);
#5584 = FACE_BOUND('',#5585,.F.);
#5585 = EDGE_LOOP('',(#5586,#5594,#5600,#5601));
#5586 = ORIENTED_EDGE('',*,*,#5587,.F.);
#5587 = EDGE_CURVE('',#5588,#5132,#5590,.T.);
#5588 = VERTEX_POINT('',#5589);
#5589 = CARTESIAN_POINT('',(-0.725,0.3,0.5));
#5590 = LINE('',#5591,#5592);
#5591 = CARTESIAN_POINT('',(-0.7625,0.3,0.5));
#5592 = VECTOR('',#5593,1.);
#5593 = DIRECTION('',(1.,0.,0.));
#5594 = ORIENTED_EDGE('',*,*,#5595,.T.);
#5595 = EDGE_CURVE('',#5588,#5092,#5596,.T.);
#5596 = LINE('',#5597,#5598);
#5597 = CARTESIAN_POINT('',(-0.725,0.3,0.75));
#5598 = VECTOR('',#5599,1.);
#5599 = DIRECTION('',(-0.,-0.,-1.));
#5600 = ORIENTED_EDGE('',*,*,#5099,.F.);
#5601 = ORIENTED_EDGE('',*,*,#5131,.F.);
#5602 = PLANE('',#5603);
#5603 = AXIS2_PLACEMENT_3D('',#5604,#5605,#5606);
#5604 = CARTESIAN_POINT('',(-0.725,0.3,0.75));
#5605 = DIRECTION('',(0.,-1.,0.));
#5606 = DIRECTION('',(1.,0.,0.));
#5607 = ADVANCED_FACE('',(#5608),#5626,.F.);
#5608 = FACE_BOUND('',#5609,.F.);
#5609 = EDGE_LOOP('',(#5610,#5611,#5619,#5625));
#5610 = ORIENTED_EDGE('',*,*,#5595,.F.);
#5611 = ORIENTED_EDGE('',*,*,#5612,.F.);
#5612 = EDGE_CURVE('',#5613,#5588,#5615,.T.);
#5613 = VERTEX_POINT('',#5614);
#5614 = CARTESIAN_POINT('',(-0.725,0.4,0.5));
#5615 = LINE('',#5616,#5617);
#5616 = CARTESIAN_POINT('',(-0.725,5.E-02,0.5));
#5617 = VECTOR('',#5618,1.);
#5618 = DIRECTION('',(0.,-1.,0.));
#5619 = ORIENTED_EDGE('',*,*,#5620,.F.);
#5620 = EDGE_CURVE('',#5084,#5613,#5621,.T.);
#5621 = LINE('',#5622,#5623);
#5622 = CARTESIAN_POINT('',(-0.725,0.4,0.375));
#5623 = VECTOR('',#5624,1.);
#5624 = DIRECTION('',(0.,0.,1.));
#5625 = ORIENTED_EDGE('',*,*,#5091,.F.);
#5626 = PLANE('',#5627);
#5627 = AXIS2_PLACEMENT_3D('',#5628,#5629,#5630);
#5628 = CARTESIAN_POINT('',(-0.725,0.5,0.75));
#5629 = DIRECTION('',(-1.,0.,0.));
#5630 = DIRECTION('',(0.,-1.,0.));
#5631 = ADVANCED_FACE('',(#5632),#5650,.F.);
#5632 = FACE_BOUND('',#5633,.F.);
#5633 = EDGE_LOOP('',(#5634,#5642,#5648,#5649));
#5634 = ORIENTED_EDGE('',*,*,#5635,.F.);
#5635 = EDGE_CURVE('',#5636,#5165,#5638,.T.);
#5636 = VERTEX_POINT('',#5637);
#5637 = CARTESIAN_POINT('',(-0.725,-0.3,0.5));
#5638 = LINE('',#5639,#5640);
#5639 = CARTESIAN_POINT('',(-0.725,-0.3,0.75));
#5640 = VECTOR('',#5641,1.);
#5641 = DIRECTION('',(-0.,-0.,-1.));
#5642 = ORIENTED_EDGE('',*,*,#5643,.F.);
#5643 = EDGE_CURVE('',#5141,#5636,#5644,.T.);
#5644 = LINE('',#5645,#5646);
#5645 = CARTESIAN_POINT('',(-3.75E-02,-0.3,0.5));
#5646 = VECTOR('',#5647,1.);
#5647 = DIRECTION('',(-1.,0.,0.));
#5648 = ORIENTED_EDGE('',*,*,#5148,.T.);
#5649 = ORIENTED_EDGE('',*,*,#5174,.F.);
#5650 = PLANE('',#5651);
#5651 = AXIS2_PLACEMENT_3D('',#5652,#5653,#5654);
#5652 = CARTESIAN_POINT('',(0.725,-0.3,0.75));
#5653 = DIRECTION('',(0.,1.,0.));
#5654 = DIRECTION('',(-1.,0.,0.));
#5655 = ADVANCED_FACE('',(#5656),#5683,.T.);
#5656 = FACE_BOUND('',#5657,.T.);
#5657 = EDGE_LOOP('',(#5658,#5666,#5672,#5673,#5679,#5680,#5681,#5682));
#5658 = ORIENTED_EDGE('',*,*,#5659,.F.);
#5659 = EDGE_CURVE('',#5660,#5613,#5662,.T.);
#5660 = VERTEX_POINT('',#5661);
#5661 = CARTESIAN_POINT('',(-0.77,0.4,0.5));
#5662 = LINE('',#5663,#5664);
#5663 = CARTESIAN_POINT('',(-0.8,0.4,0.5));
#5664 = VECTOR('',#5665,1.);
#5665 = DIRECTION('',(1.,0.,0.));
#5666 = ORIENTED_EDGE('',*,*,#5667,.F.);
#5667 = EDGE_CURVE('',#5216,#5660,#5668,.T.);
#5668 = LINE('',#5669,#5670);
#5669 = CARTESIAN_POINT('',(-0.77,-0.4,0.5));
#5670 = VECTOR('',#5671,1.);
#5671 = DIRECTION('',(0.,1.,0.));
#5672 = ORIENTED_EDGE('',*,*,#5224,.T.);
#5673 = ORIENTED_EDGE('',*,*,#5674,.F.);
#5674 = EDGE_CURVE('',#5636,#5225,#5675,.T.);
#5675 = LINE('',#5676,#5677);
#5676 = CARTESIAN_POINT('',(-0.725,-0.35,0.5));
#5677 = VECTOR('',#5678,1.);
#5678 = DIRECTION('',(0.,-1.,0.));
#5679 = ORIENTED_EDGE('',*,*,#5643,.F.);
#5680 = ORIENTED_EDGE('',*,*,#5140,.T.);
#5681 = ORIENTED_EDGE('',*,*,#5587,.F.);
#5682 = ORIENTED_EDGE('',*,*,#5612,.F.);
#5683 = PLANE('',#5684);
#5684 = AXIS2_PLACEMENT_3D('',#5685,#5686,#5687);
#5685 = CARTESIAN_POINT('',(-0.8,-0.4,0.5));
#5686 = DIRECTION('',(0.,0.,1.));
#5687 = DIRECTION('',(1.,0.,-0.));
#5688 = ADVANCED_FACE('',(#5689),#5695,.F.);
#5689 = FACE_BOUND('',#5690,.F.);
#5690 = EDGE_LOOP('',(#5691,#5692,#5693,#5694));
#5691 = ORIENTED_EDGE('',*,*,#5674,.F.);
#5692 = ORIENTED_EDGE('',*,*,#5635,.T.);
#5693 = ORIENTED_EDGE('',*,*,#5164,.F.);
#5694 = ORIENTED_EDGE('',*,*,#5232,.T.);
#5695 = PLANE('',#5696);
#5696 = AXIS2_PLACEMENT_3D('',#5697,#5698,#5699);
#5697 = CARTESIAN_POINT('',(-0.725,-0.3,0.75));
#5698 = DIRECTION('',(-1.,0.,0.));
#5699 = DIRECTION('',(0.,-1.,0.));
#5700 = ADVANCED_FACE('',(#5701),#5758,.F.);
#5701 = FACE_BOUND('',#5702,.F.);
#5702 = EDGE_LOOP('',(#5703,#5713,#5719,#5720,#5728,#5736,#5744,#5752));
#5703 = ORIENTED_EDGE('',*,*,#5704,.F.);
#5704 = EDGE_CURVE('',#5705,#5707,#5709,.T.);
#5705 = VERTEX_POINT('',#5706);
#5706 = CARTESIAN_POINT('',(-0.77,0.4,-3.469446951954E-18));
#5707 = VERTEX_POINT('',#5708);
#5708 = CARTESIAN_POINT('',(-0.725,0.4,0.));
#5709 = LINE('',#5710,#5711);
#5710 = CARTESIAN_POINT('',(-0.8,0.4,0.));
#5711 = VECTOR('',#5712,1.);
#5712 = DIRECTION('',(1.,0.,0.));
#5713 = ORIENTED_EDGE('',*,*,#5714,.F.);
#5714 = EDGE_CURVE('',#5189,#5705,#5715,.T.);
#5715 = LINE('',#5716,#5717);
#5716 = CARTESIAN_POINT('',(-0.77,-0.4,-3.469446951954E-18));
#5717 = VECTOR('',#5718,1.);
#5718 = DIRECTION('',(0.,1.,0.));
#5719 = ORIENTED_EDGE('',*,*,#5188,.T.);
#5720 = ORIENTED_EDGE('',*,*,#5721,.F.);
#5721 = EDGE_CURVE('',#5722,#5191,#5724,.T.);
#5722 = VERTEX_POINT('',#5723);
#5723 = CARTESIAN_POINT('',(-0.725,-0.3,0.));
#5724 = LINE('',#5725,#5726);
#5725 = CARTESIAN_POINT('',(-0.725,-0.35,0.));
#5726 = VECTOR('',#5727,1.);
#5727 = DIRECTION('',(0.,-1.,0.));
#5728 = ORIENTED_EDGE('',*,*,#5729,.F.);
#5729 = EDGE_CURVE('',#5730,#5722,#5732,.T.);
#5730 = VERTEX_POINT('',#5731);
#5731 = CARTESIAN_POINT('',(-0.53,-0.3,-3.469446951954E-18));
#5732 = LINE('',#5733,#5734);
#5733 = CARTESIAN_POINT('',(-3.75E-02,-0.3,0.));
#5734 = VECTOR('',#5735,1.);
#5735 = DIRECTION('',(-1.,0.,0.));
#5736 = ORIENTED_EDGE('',*,*,#5737,.T.);
#5737 = EDGE_CURVE('',#5730,#5738,#5740,.T.);
#5738 = VERTEX_POINT('',#5739);
#5739 = CARTESIAN_POINT('',(-0.53,0.3,-3.469446951954E-18));
#5740 = LINE('',#5741,#5742);
#5741 = CARTESIAN_POINT('',(-0.53,-0.4,-3.469446951954E-18));
#5742 = VECTOR('',#5743,1.);
#5743 = DIRECTION('',(0.,1.,0.));
#5744 = ORIENTED_EDGE('',*,*,#5745,.F.);
#5745 = EDGE_CURVE('',#5746,#5738,#5748,.T.);
#5746 = VERTEX_POINT('',#5747);
#5747 = CARTESIAN_POINT('',(-0.725,0.3,0.));
#5748 = LINE('',#5749,#5750);
#5749 = CARTESIAN_POINT('',(-0.7625,0.3,0.));
#5750 = VECTOR('',#5751,1.);
#5751 = DIRECTION('',(1.,0.,0.));
#5752 = ORIENTED_EDGE('',*,*,#5753,.F.);
#5753 = EDGE_CURVE('',#5707,#5746,#5754,.T.);
#5754 = LINE('',#5755,#5756);
#5755 = CARTESIAN_POINT('',(-0.725,5.E-02,0.));
#5756 = VECTOR('',#5757,1.);
#5757 = DIRECTION('',(0.,-1.,0.));
#5758 = PLANE('',#5759);
#5759 = AXIS2_PLACEMENT_3D('',#5760,#5761,#5762);
#5760 = CARTESIAN_POINT('',(-0.8,-0.4,0.));
#5761 = DIRECTION('',(0.,0.,1.));
#5762 = DIRECTION('',(1.,0.,-0.));
#5763 = ADVANCED_FACE('',(#5764),#5783,.T.);
#5764 = FACE_BOUND('',#5765,.T.);
#5765 = EDGE_LOOP('',(#5766,#5774,#5781,#5782));
#5766 = ORIENTED_EDGE('',*,*,#5767,.T.);
#5767 = EDGE_CURVE('',#5199,#5768,#5770,.T.);
#5768 = VERTEX_POINT('',#5769);
#5769 = CARTESIAN_POINT('',(-0.8,0.4,3.E-02));
#5770 = LINE('',#5771,#5772);
#5771 = CARTESIAN_POINT('',(-0.8,-0.4,3.E-02));
#5772 = VECTOR('',#5773,1.);
#5773 = DIRECTION('',(0.,1.,0.));
#5774 = ORIENTED_EDGE('',*,*,#5775,.T.);
#5775 = EDGE_CURVE('',#5768,#5705,#5776,.T.);
#5776 = CIRCLE('',#5777,3.E-02);
#5777 = AXIS2_PLACEMENT_3D('',#5778,#5779,#5780);
#5778 = CARTESIAN_POINT('',(-0.77,0.4,3.E-02));
#5779 = DIRECTION('',(0.,-1.,0.));
#5780 = DIRECTION('',(0.,0.,1.));
#5781 = ORIENTED_EDGE('',*,*,#5714,.F.);
#5782 = ORIENTED_EDGE('',*,*,#5198,.F.);
#5783 = CYLINDRICAL_SURFACE('',#5784,3.E-02);
#5784 = AXIS2_PLACEMENT_3D('',#5785,#5786,#5787);
#5785 = CARTESIAN_POINT('',(-0.77,-0.4,3.E-02));
#5786 = DIRECTION('',(0.,1.,0.));
#5787 = DIRECTION('',(-1.,0.,0.));
#5788 = ADVANCED_FACE('',(#5789),#5800,.F.);
#5789 = FACE_BOUND('',#5790,.F.);
#5790 = EDGE_LOOP('',(#5791,#5792,#5798,#5799));
#5791 = ORIENTED_EDGE('',*,*,#5255,.T.);
#5792 = ORIENTED_EDGE('',*,*,#5793,.T.);
#5793 = EDGE_CURVE('',#5256,#5722,#5794,.T.);
#5794 = LINE('',#5795,#5796);
#5795 = CARTESIAN_POINT('',(-0.725,-0.3,0.75));
#5796 = VECTOR('',#5797,1.);
#5797 = DIRECTION('',(-0.,-0.,-1.));
#5798 = ORIENTED_EDGE('',*,*,#5721,.T.);
#5799 = ORIENTED_EDGE('',*,*,#5241,.T.);
#5800 = PLANE('',#5801);
#5801 = AXIS2_PLACEMENT_3D('',#5802,#5803,#5804);
#5802 = CARTESIAN_POINT('',(-0.725,-0.3,0.75));
#5803 = DIRECTION('',(-1.,0.,0.));
#5804 = DIRECTION('',(0.,-1.,0.));
#5805 = ADVANCED_FACE('',(#5806),#5824,.F.);
#5806 = FACE_BOUND('',#5807,.F.);
#5807 = EDGE_LOOP('',(#5808,#5809,#5810,#5818));
#5808 = ORIENTED_EDGE('',*,*,#5207,.F.);
#5809 = ORIENTED_EDGE('',*,*,#5767,.T.);
#5810 = ORIENTED_EDGE('',*,*,#5811,.T.);
#5811 = EDGE_CURVE('',#5768,#5812,#5814,.T.);
#5812 = VERTEX_POINT('',#5813);
#5813 = CARTESIAN_POINT('',(-0.8,0.4,0.47));
#5814 = LINE('',#5815,#5816);
#5815 = CARTESIAN_POINT('',(-0.8,0.4,0.));
#5816 = VECTOR('',#5817,1.);
#5817 = DIRECTION('',(0.,0.,1.));
#5818 = ORIENTED_EDGE('',*,*,#5819,.F.);
#5819 = EDGE_CURVE('',#5208,#5812,#5820,.T.);
#5820 = LINE('',#5821,#5822);
#5821 = CARTESIAN_POINT('',(-0.8,-0.4,0.47));
#5822 = VECTOR('',#5823,1.);
#5823 = DIRECTION('',(0.,1.,0.));
#5824 = PLANE('',#5825);
#5825 = AXIS2_PLACEMENT_3D('',#5826,#5827,#5828);
#5826 = CARTESIAN_POINT('',(-0.8,-0.4,0.));
#5827 = DIRECTION('',(1.,0.,0.));
#5828 = DIRECTION('',(0.,0.,1.));
#5829 = ADVANCED_FACE('',(#5830),#5842,.T.);
#5830 = FACE_BOUND('',#5831,.T.);
#5831 = EDGE_LOOP('',(#5832,#5833,#5834,#5841));
#5832 = ORIENTED_EDGE('',*,*,#5215,.T.);
#5833 = ORIENTED_EDGE('',*,*,#5667,.T.);
#5834 = ORIENTED_EDGE('',*,*,#5835,.F.);
#5835 = EDGE_CURVE('',#5812,#5660,#5836,.T.);
#5836 = CIRCLE('',#5837,3.E-02);
#5837 = AXIS2_PLACEMENT_3D('',#5838,#5839,#5840);
#5838 = CARTESIAN_POINT('',(-0.77,0.4,0.47));
#5839 = DIRECTION('',(0.,1.,0.));
#5840 = DIRECTION('',(0.,-0.,1.));
#5841 = ORIENTED_EDGE('',*,*,#5819,.F.);
#5842 = CYLINDRICAL_SURFACE('',#5843,3.E-02);
#5843 = AXIS2_PLACEMENT_3D('',#5844,#5845,#5846);
#5844 = CARTESIAN_POINT('',(-0.77,-0.4,0.47));
#5845 = DIRECTION('',(0.,1.,0.));
#5846 = DIRECTION('',(-1.,0.,0.));
#5847 = ADVANCED_FACE('',(#5848),#5860,.F.);
#5848 = FACE_BOUND('',#5849,.F.);
#5849 = EDGE_LOOP('',(#5850,#5851,#5852,#5859));
#5850 = ORIENTED_EDGE('',*,*,#5793,.F.);
#5851 = ORIENTED_EDGE('',*,*,#5336,.T.);
#5852 = ORIENTED_EDGE('',*,*,#5853,.T.);
#5853 = EDGE_CURVE('',#5329,#5730,#5854,.T.);
#5854 = CIRCLE('',#5855,3.E-02);
#5855 = AXIS2_PLACEMENT_3D('',#5856,#5857,#5858);
#5856 = CARTESIAN_POINT('',(-0.53,-0.3,3.E-02));
#5857 = DIRECTION('',(-0.,1.,0.));
#5858 = DIRECTION('',(1.,0.,0.));
#5859 = ORIENTED_EDGE('',*,*,#5729,.T.);
#5860 = PLANE('',#5861);
#5861 = AXIS2_PLACEMENT_3D('',#5862,#5863,#5864);
#5862 = CARTESIAN_POINT('',(0.725,-0.3,0.75));
#5863 = DIRECTION('',(0.,1.,0.));
#5864 = DIRECTION('',(-1.,0.,0.));
#5865 = ADVANCED_FACE('',(#5866),#5878,.T.);
#5866 = FACE_BOUND('',#5867,.T.);
#5867 = EDGE_LOOP('',(#5868,#5869,#5870,#5871));
#5868 = ORIENTED_EDGE('',*,*,#5328,.F.);
#5869 = ORIENTED_EDGE('',*,*,#5853,.T.);
#5870 = ORIENTED_EDGE('',*,*,#5737,.T.);
#5871 = ORIENTED_EDGE('',*,*,#5872,.F.);
#5872 = EDGE_CURVE('',#5321,#5738,#5873,.T.);
#5873 = CIRCLE('',#5874,3.E-02);
#5874 = AXIS2_PLACEMENT_3D('',#5875,#5876,#5877);
#5875 = CARTESIAN_POINT('',(-0.53,0.3,3.E-02));
#5876 = DIRECTION('',(-0.,1.,0.));
#5877 = DIRECTION('',(1.,0.,0.));
#5878 = CYLINDRICAL_SURFACE('',#5879,3.E-02);
#5879 = AXIS2_PLACEMENT_3D('',#5880,#5881,#5882);
#5880 = CARTESIAN_POINT('',(-0.53,-0.4,3.E-02));
#5881 = DIRECTION('',(0.,1.,0.));
#5882 = DIRECTION('',(1.,0.,0.));
#5883 = ADVANCED_FACE('',(#5884),#5895,.F.);
#5884 = FACE_BOUND('',#5885,.F.);
#5885 = EDGE_LOOP('',(#5886,#5887,#5893,#5894));
#5886 = ORIENTED_EDGE('',*,*,#5320,.T.);
#5887 = ORIENTED_EDGE('',*,*,#5888,.T.);
#5888 = EDGE_CURVE('',#5313,#5746,#5889,.T.);
#5889 = LINE('',#5890,#5891);
#5890 = CARTESIAN_POINT('',(-0.725,0.3,0.75));
#5891 = VECTOR('',#5892,1.);
#5892 = DIRECTION('',(-0.,-0.,-1.));
#5893 = ORIENTED_EDGE('',*,*,#5745,.T.);
#5894 = ORIENTED_EDGE('',*,*,#5872,.F.);
#5895 = PLANE('',#5896);
#5896 = AXIS2_PLACEMENT_3D('',#5897,#5898,#5899);
#5897 = CARTESIAN_POINT('',(-0.725,0.3,0.75));
#5898 = DIRECTION('',(0.,-1.,0.));
#5899 = DIRECTION('',(1.,0.,0.));
#5900 = ADVANCED_FACE('',(#5901),#5912,.F.);
#5901 = FACE_BOUND('',#5902,.F.);
#5902 = EDGE_LOOP('',(#5903,#5904,#5905,#5911));
#5903 = ORIENTED_EDGE('',*,*,#5888,.F.);
#5904 = ORIENTED_EDGE('',*,*,#5312,.T.);
#5905 = ORIENTED_EDGE('',*,*,#5906,.F.);
#5906 = EDGE_CURVE('',#5707,#5305,#5907,.T.);
#5907 = LINE('',#5908,#5909);
#5908 = CARTESIAN_POINT('',(-0.725,0.4,0.375));
#5909 = VECTOR('',#5910,1.);
#5910 = DIRECTION('',(0.,0.,1.));
#5911 = ORIENTED_EDGE('',*,*,#5753,.T.);
#5912 = PLANE('',#5913);
#5913 = AXIS2_PLACEMENT_3D('',#5914,#5915,#5916);
#5914 = CARTESIAN_POINT('',(-0.725,0.5,0.75));
#5915 = DIRECTION('',(-1.,0.,0.));
#5916 = DIRECTION('',(0.,-1.,0.));
#5917 = ADVANCED_FACE('',(#5918),#5943,.F.);
#5918 = FACE_BOUND('',#5919,.F.);
#5919 = EDGE_LOOP('',(#5920,#5921,#5929,#5937));
#5920 = ORIENTED_EDGE('',*,*,#5296,.T.);
#5921 = ORIENTED_EDGE('',*,*,#5922,.T.);
#5922 = EDGE_CURVE('',#5289,#5923,#5925,.T.);
#5923 = VERTEX_POINT('',#5924);
#5924 = CARTESIAN_POINT('',(0.725,0.3,0.));
#5925 = LINE('',#5926,#5927);
#5926 = CARTESIAN_POINT('',(0.725,0.3,0.75));
#5927 = VECTOR('',#5928,1.);
#5928 = DIRECTION('',(-0.,-0.,-1.));
#5929 = ORIENTED_EDGE('',*,*,#5930,.T.);
#5930 = EDGE_CURVE('',#5923,#5931,#5933,.T.);
#5931 = VERTEX_POINT('',#5932);
#5932 = CARTESIAN_POINT('',(0.725,0.4,0.));
#5933 = LINE('',#5934,#5935);
#5934 = CARTESIAN_POINT('',(0.725,-5.E-02,0.));
#5935 = VECTOR('',#5936,1.);
#5936 = DIRECTION('',(0.,1.,0.));
#5937 = ORIENTED_EDGE('',*,*,#5938,.F.);
#5938 = EDGE_CURVE('',#5297,#5931,#5939,.T.);
#5939 = LINE('',#5940,#5941);
#5940 = CARTESIAN_POINT('',(0.725,0.4,0.375));
#5941 = VECTOR('',#5942,1.);
#5942 = DIRECTION('',(0.,0.,-1.));
#5943 = PLANE('',#5944);
#5944 = AXIS2_PLACEMENT_3D('',#5945,#5946,#5947);
#5945 = CARTESIAN_POINT('',(0.725,0.3,0.75));
#5946 = DIRECTION('',(1.,0.,0.));
#5947 = DIRECTION('',(-0.,1.,0.));
#5948 = ADVANCED_FACE('',(#5949),#5968,.F.);
#5949 = FACE_BOUND('',#5950,.F.);
#5950 = EDGE_LOOP('',(#5951,#5952,#5953,#5962));
#5951 = ORIENTED_EDGE('',*,*,#5922,.F.);
#5952 = ORIENTED_EDGE('',*,*,#5288,.T.);
#5953 = ORIENTED_EDGE('',*,*,#5954,.F.);
#5954 = EDGE_CURVE('',#5955,#5281,#5957,.T.);
#5955 = VERTEX_POINT('',#5956);
#5956 = CARTESIAN_POINT('',(0.53,0.3,-3.469446951954E-18));
#5957 = CIRCLE('',#5958,3.E-02);
#5958 = AXIS2_PLACEMENT_3D('',#5959,#5960,#5961);
#5959 = CARTESIAN_POINT('',(0.53,0.3,3.E-02));
#5960 = DIRECTION('',(0.,1.,-0.));
#5961 = DIRECTION('',(-1.,0.,0.));
#5962 = ORIENTED_EDGE('',*,*,#5963,.T.);
#5963 = EDGE_CURVE('',#5955,#5923,#5964,.T.);
#5964 = LINE('',#5965,#5966);
#5965 = CARTESIAN_POINT('',(-0.1125,0.3,0.));
#5966 = VECTOR('',#5967,1.);
#5967 = DIRECTION('',(1.,0.,0.));
#5968 = PLANE('',#5969);
#5969 = AXIS2_PLACEMENT_3D('',#5970,#5971,#5972);
#5970 = CARTESIAN_POINT('',(-0.725,0.3,0.75));
#5971 = DIRECTION('',(0.,-1.,0.));
#5972 = DIRECTION('',(1.,0.,0.));
#5973 = ADVANCED_FACE('',(#5974),#5993,.T.);
#5974 = FACE_BOUND('',#5975,.T.);
#5975 = EDGE_LOOP('',(#5976,#5977,#5985,#5992));
#5976 = ORIENTED_EDGE('',*,*,#5954,.F.);
#5977 = ORIENTED_EDGE('',*,*,#5978,.F.);
#5978 = EDGE_CURVE('',#5979,#5955,#5981,.T.);
#5979 = VERTEX_POINT('',#5980);
#5980 = CARTESIAN_POINT('',(0.53,-0.3,-3.469446951954E-18));
#5981 = LINE('',#5982,#5983);
#5982 = CARTESIAN_POINT('',(0.53,-0.4,-3.469446951954E-18));
#5983 = VECTOR('',#5984,1.);
#5984 = DIRECTION('',(0.,1.,0.));
#5985 = ORIENTED_EDGE('',*,*,#5986,.T.);
#5986 = EDGE_CURVE('',#5979,#5273,#5987,.T.);
#5987 = CIRCLE('',#5988,3.E-02);
#5988 = AXIS2_PLACEMENT_3D('',#5989,#5990,#5991);
#5989 = CARTESIAN_POINT('',(0.53,-0.3,3.E-02));
#5990 = DIRECTION('',(0.,1.,-0.));
#5991 = DIRECTION('',(-1.,0.,0.));
#5992 = ORIENTED_EDGE('',*,*,#5280,.T.);
#5993 = CYLINDRICAL_SURFACE('',#5994,3.E-02);
#5994 = AXIS2_PLACEMENT_3D('',#5995,#5996,#5997);
#5995 = CARTESIAN_POINT('',(0.53,-0.4,3.E-02));
#5996 = DIRECTION('',(0.,1.,0.));
#5997 = DIRECTION('',(-1.,0.,0.));
#5998 = ADVANCED_FACE('',(#5999),#6017,.F.);
#5999 = FACE_BOUND('',#6000,.F.);
#6000 = EDGE_LOOP('',(#6001,#6002,#6010,#6016));
#6001 = ORIENTED_EDGE('',*,*,#5272,.T.);
#6002 = ORIENTED_EDGE('',*,*,#6003,.T.);
#6003 = EDGE_CURVE('',#5265,#6004,#6006,.T.);
#6004 = VERTEX_POINT('',#6005);
#6005 = CARTESIAN_POINT('',(0.725,-0.3,0.));
#6006 = LINE('',#6007,#6008);
#6007 = CARTESIAN_POINT('',(0.725,-0.3,0.75));
#6008 = VECTOR('',#6009,1.);
#6009 = DIRECTION('',(-0.,-0.,-1.));
#6010 = ORIENTED_EDGE('',*,*,#6011,.T.);
#6011 = EDGE_CURVE('',#6004,#5979,#6012,.T.);
#6012 = LINE('',#6013,#6014);
#6013 = CARTESIAN_POINT('',(0.6125,-0.3,0.));
#6014 = VECTOR('',#6015,1.);
#6015 = DIRECTION('',(-1.,0.,0.));
#6016 = ORIENTED_EDGE('',*,*,#5986,.T.);
#6017 = PLANE('',#6018);
#6018 = AXIS2_PLACEMENT_3D('',#6019,#6020,#6021);
#6019 = CARTESIAN_POINT('',(0.725,-0.3,0.75));
#6020 = DIRECTION('',(0.,1.,0.));
#6021 = DIRECTION('',(-1.,0.,0.));
#6022 = ADVANCED_FACE('',(#6023),#6034,.F.);
#6023 = FACE_BOUND('',#6024,.F.);
#6024 = EDGE_LOOP('',(#6025,#6026,#6027,#6028));
#6025 = ORIENTED_EDGE('',*,*,#6003,.F.);
#6026 = ORIENTED_EDGE('',*,*,#5264,.T.);
#6027 = ORIENTED_EDGE('',*,*,#5386,.T.);
#6028 = ORIENTED_EDGE('',*,*,#6029,.T.);
#6029 = EDGE_CURVE('',#5377,#6004,#6030,.T.);
#6030 = LINE('',#6031,#6032);
#6031 = CARTESIAN_POINT('',(0.725,-0.45,0.));
#6032 = VECTOR('',#6033,1.);
#6033 = DIRECTION('',(0.,1.,0.));
#6034 = PLANE('',#6035);
#6035 = AXIS2_PLACEMENT_3D('',#6036,#6037,#6038);
#6036 = CARTESIAN_POINT('',(0.725,-0.5,0.75));
#6037 = DIRECTION('',(1.,0.,0.));
#6038 = DIRECTION('',(-0.,1.,0.));
#6039 = ADVANCED_FACE('',(#6040),#6065,.T.);
#6040 = FACE_BOUND('',#6041,.T.);
#6041 = EDGE_LOOP('',(#6042,#6050,#6051,#6059));
#6042 = ORIENTED_EDGE('',*,*,#6043,.T.);
#6043 = EDGE_CURVE('',#6044,#5345,#6046,.T.);
#6044 = VERTEX_POINT('',#6045);
#6045 = CARTESIAN_POINT('',(0.277128129211,0.32,1.5E-02));
#6046 = LINE('',#6047,#6048);
#6047 = CARTESIAN_POINT('',(0.277128129211,0.32,1.5E-02));
#6048 = VECTOR('',#6049,1.);
#6049 = DIRECTION('',(0.,0.,1.));
#6050 = ORIENTED_EDGE('',*,*,#5344,.T.);
#6051 = ORIENTED_EDGE('',*,*,#6052,.F.);
#6052 = EDGE_CURVE('',#6053,#5347,#6055,.T.);
#6053 = VERTEX_POINT('',#6054);
#6054 = CARTESIAN_POINT('',(0.277128129211,-0.32,1.5E-02));
#6055 = LINE('',#6056,#6057);
#6056 = CARTESIAN_POINT('',(0.277128129211,-0.32,1.5E-02));
#6057 = VECTOR('',#6058,1.);
#6058 = DIRECTION('',(0.,0.,1.));
#6059 = ORIENTED_EDGE('',*,*,#6060,.F.);
#6060 = EDGE_CURVE('',#6044,#6053,#6061,.T.);
#6061 = LINE('',#6062,#6063);
#6062 = CARTESIAN_POINT('',(0.277128129211,0.32,1.5E-02));
#6063 = VECTOR('',#6064,1.);
#6064 = DIRECTION('',(0.,-1.,0.));
#6065 = PLANE('',#6066);
#6066 = AXIS2_PLACEMENT_3D('',#6067,#6068,#6069);
#6067 = CARTESIAN_POINT('',(0.277128129211,0.32,1.5E-02));
#6068 = DIRECTION('',(1.,0.,0.));
#6069 = DIRECTION('',(0.,-1.,0.));
#6070 = ADVANCED_FACE('',(#6071),#6089,.T.);
#6071 = FACE_BOUND('',#6072,.T.);
#6072 = EDGE_LOOP('',(#6073,#6081,#6082,#6083));
#6073 = ORIENTED_EDGE('',*,*,#6074,.T.);
#6074 = EDGE_CURVE('',#6075,#5355,#6077,.T.);
#6075 = VERTEX_POINT('',#6076);
#6076 = CARTESIAN_POINT('',(-0.277128129211,0.,1.5E-02));
#6077 = LINE('',#6078,#6079);
#6078 = CARTESIAN_POINT('',(-0.277128129211,0.,1.5E-02));
#6079 = VECTOR('',#6080,1.);
#6080 = DIRECTION('',(0.,0.,1.));
#6081 = ORIENTED_EDGE('',*,*,#5362,.T.);
#6082 = ORIENTED_EDGE('',*,*,#6043,.F.);
#6083 = ORIENTED_EDGE('',*,*,#6084,.F.);
#6084 = EDGE_CURVE('',#6075,#6044,#6085,.T.);
#6085 = LINE('',#6086,#6087);
#6086 = CARTESIAN_POINT('',(-0.277128129211,0.,1.5E-02));
#6087 = VECTOR('',#6088,1.);
#6088 = DIRECTION('',(0.866025403784,0.5,0.));
#6089 = PLANE('',#6090);
#6090 = AXIS2_PLACEMENT_3D('',#6091,#6092,#6093);
#6091 = CARTESIAN_POINT('',(-0.277128129211,0.,1.5E-02));
#6092 = DIRECTION('',(-0.5,0.866025403784,0.));
#6093 = DIRECTION('',(0.866025403784,0.5,0.));
#6094 = ADVANCED_FACE('',(#6095),#6106,.T.);
#6095 = FACE_BOUND('',#6096,.T.);
#6096 = EDGE_LOOP('',(#6097,#6098,#6099,#6100));
#6097 = ORIENTED_EDGE('',*,*,#6052,.T.);
#6098 = ORIENTED_EDGE('',*,*,#5354,.T.);
#6099 = ORIENTED_EDGE('',*,*,#6074,.F.);
#6100 = ORIENTED_EDGE('',*,*,#6101,.F.);
#6101 = EDGE_CURVE('',#6053,#6075,#6102,.T.);
#6102 = LINE('',#6103,#6104);
#6103 = CARTESIAN_POINT('',(0.277128129211,-0.32,1.5E-02));
#6104 = VECTOR('',#6105,1.);
#6105 = DIRECTION('',(-0.866025403784,0.5,0.));
#6106 = PLANE('',#6107);
#6107 = AXIS2_PLACEMENT_3D('',#6108,#6109,#6110);
#6108 = CARTESIAN_POINT('',(0.277128129211,-0.32,1.5E-02));
#6109 = DIRECTION('',(-0.5,-0.866025403784,0.));
#6110 = DIRECTION('',(-0.866025403784,0.5,0.));
#6111 = ADVANCED_FACE('',(#6112),#6134,.F.);
#6112 = FACE_BOUND('',#6113,.F.);
#6113 = EDGE_LOOP('',(#6114,#6122,#6123,#6124,#6125,#6126,#6127,#6128));
#6114 = ORIENTED_EDGE('',*,*,#6115,.F.);
#6115 = EDGE_CURVE('',#5931,#6116,#6118,.T.);
#6116 = VERTEX_POINT('',#6117);
#6117 = CARTESIAN_POINT('',(0.77,0.4,-3.469446951954E-18));
#6118 = LINE('',#6119,#6120);
#6119 = CARTESIAN_POINT('',(0.5,0.4,0.));
#6120 = VECTOR('',#6121,1.);
#6121 = DIRECTION('',(1.,0.,0.));
#6122 = ORIENTED_EDGE('',*,*,#5930,.F.);
#6123 = ORIENTED_EDGE('',*,*,#5963,.F.);
#6124 = ORIENTED_EDGE('',*,*,#5978,.F.);
#6125 = ORIENTED_EDGE('',*,*,#6011,.F.);
#6126 = ORIENTED_EDGE('',*,*,#6029,.F.);
#6127 = ORIENTED_EDGE('',*,*,#5376,.T.);
#6128 = ORIENTED_EDGE('',*,*,#6129,.T.);
#6129 = EDGE_CURVE('',#5379,#6116,#6130,.T.);
#6130 = LINE('',#6131,#6132);
#6131 = CARTESIAN_POINT('',(0.77,-0.4,-3.469446951954E-18));
#6132 = VECTOR('',#6133,1.);
#6133 = DIRECTION('',(0.,1.,0.));
#6134 = PLANE('',#6135);
#6135 = AXIS2_PLACEMENT_3D('',#6136,#6137,#6138);
#6136 = CARTESIAN_POINT('',(0.5,-0.4,0.));
#6137 = DIRECTION('',(0.,0.,1.));
#6138 = DIRECTION('',(1.,0.,-0.));
#6139 = ADVANCED_FACE('',(#6140),#6159,.T.);
#6140 = FACE_BOUND('',#6141,.T.);
#6141 = EDGE_LOOP('',(#6142,#6143,#6144,#6153));
#6142 = ORIENTED_EDGE('',*,*,#5428,.T.);
#6143 = ORIENTED_EDGE('',*,*,#6129,.T.);
#6144 = ORIENTED_EDGE('',*,*,#6145,.F.);
#6145 = EDGE_CURVE('',#6146,#6116,#6148,.T.);
#6146 = VERTEX_POINT('',#6147);
#6147 = CARTESIAN_POINT('',(0.8,0.4,3.E-02));
#6148 = CIRCLE('',#6149,3.E-02);
#6149 = AXIS2_PLACEMENT_3D('',#6150,#6151,#6152);
#6150 = CARTESIAN_POINT('',(0.77,0.4,3.E-02));
#6151 = DIRECTION('',(0.,1.,0.));
#6152 = DIRECTION('',(0.,-0.,1.));
#6153 = ORIENTED_EDGE('',*,*,#6154,.F.);
#6154 = EDGE_CURVE('',#5421,#6146,#6155,.T.);
#6155 = LINE('',#6156,#6157);
#6156 = CARTESIAN_POINT('',(0.8,-0.4,3.E-02));
#6157 = VECTOR('',#6158,1.);
#6158 = DIRECTION('',(0.,1.,0.));
#6159 = CYLINDRICAL_SURFACE('',#6160,3.E-02);
#6160 = AXIS2_PLACEMENT_3D('',#6161,#6162,#6163);
#6161 = CARTESIAN_POINT('',(0.77,-0.4,3.E-02));
#6162 = DIRECTION('',(0.,1.,0.));
#6163 = DIRECTION('',(1.,0.,0.));
#6164 = ADVANCED_FACE('',(#6165),#6183,.T.);
#6165 = FACE_BOUND('',#6166,.T.);
#6166 = EDGE_LOOP('',(#6167,#6168,#6169,#6177));
#6167 = ORIENTED_EDGE('',*,*,#5420,.F.);
#6168 = ORIENTED_EDGE('',*,*,#6154,.T.);
#6169 = ORIENTED_EDGE('',*,*,#6170,.T.);
#6170 = EDGE_CURVE('',#6146,#6171,#6173,.T.);
#6171 = VERTEX_POINT('',#6172);
#6172 = CARTESIAN_POINT('',(0.8,0.4,0.47));
#6173 = LINE('',#6174,#6175);
#6174 = CARTESIAN_POINT('',(0.8,0.4,0.));
#6175 = VECTOR('',#6176,1.);
#6176 = DIRECTION('',(0.,0.,1.));
#6177 = ORIENTED_EDGE('',*,*,#6178,.F.);
#6178 = EDGE_CURVE('',#5412,#6171,#6179,.T.);
#6179 = LINE('',#6180,#6181);
#6180 = CARTESIAN_POINT('',(0.8,-0.4,0.47));
#6181 = VECTOR('',#6182,1.);
#6182 = DIRECTION('',(0.,1.,0.));
#6183 = PLANE('',#6184);
#6184 = AXIS2_PLACEMENT_3D('',#6185,#6186,#6187);
#6185 = CARTESIAN_POINT('',(0.8,-0.4,0.));
#6186 = DIRECTION('',(1.,0.,0.));
#6187 = DIRECTION('',(0.,0.,1.));
#6188 = ADVANCED_FACE('',(#6189),#6208,.T.);
#6189 = FACE_BOUND('',#6190,.T.);
#6190 = EDGE_LOOP('',(#6191,#6192,#6201,#6207));
#6191 = ORIENTED_EDGE('',*,*,#6178,.T.);
#6192 = ORIENTED_EDGE('',*,*,#6193,.T.);
#6193 = EDGE_CURVE('',#6171,#6194,#6196,.T.);
#6194 = VERTEX_POINT('',#6195);
#6195 = CARTESIAN_POINT('',(0.77,0.4,0.5));
#6196 = CIRCLE('',#6197,3.E-02);
#6197 = AXIS2_PLACEMENT_3D('',#6198,#6199,#6200);
#6198 = CARTESIAN_POINT('',(0.77,0.4,0.47));
#6199 = DIRECTION('',(0.,-1.,0.));
#6200 = DIRECTION('',(0.,0.,1.));
#6201 = ORIENTED_EDGE('',*,*,#6202,.F.);
#6202 = EDGE_CURVE('',#5404,#6194,#6203,.T.);
#6203 = LINE('',#6204,#6205);
#6204 = CARTESIAN_POINT('',(0.77,-0.4,0.5));
#6205 = VECTOR('',#6206,1.);
#6206 = DIRECTION('',(0.,1.,0.));
#6207 = ORIENTED_EDGE('',*,*,#5411,.F.);
#6208 = CYLINDRICAL_SURFACE('',#6209,3.E-02);
#6209 = AXIS2_PLACEMENT_3D('',#6210,#6211,#6212);
#6210 = CARTESIAN_POINT('',(0.77,-0.4,0.47));
#6211 = DIRECTION('',(0.,1.,0.));
#6212 = DIRECTION('',(1.,0.,0.));
#6213 = ADVANCED_FACE('',(#6214),#6255,.T.);
#6214 = FACE_BOUND('',#6215,.T.);
#6215 = EDGE_LOOP('',(#6216,#6224,#6232,#6238,#6239,#6247,#6253,#6254));
#6216 = ORIENTED_EDGE('',*,*,#6217,.F.);
#6217 = EDGE_CURVE('',#6218,#6194,#6220,.T.);
#6218 = VERTEX_POINT('',#6219);
#6219 = CARTESIAN_POINT('',(0.725,0.4,0.5));
#6220 = LINE('',#6221,#6222);
#6221 = CARTESIAN_POINT('',(0.5,0.4,0.5));
#6222 = VECTOR('',#6223,1.);
#6223 = DIRECTION('',(1.,0.,0.));
#6224 = ORIENTED_EDGE('',*,*,#6225,.F.);
#6225 = EDGE_CURVE('',#6226,#6218,#6228,.T.);
#6226 = VERTEX_POINT('',#6227);
#6227 = CARTESIAN_POINT('',(0.725,0.3,0.5));
#6228 = LINE('',#6229,#6230);
#6229 = CARTESIAN_POINT('',(0.725,-5.E-02,0.5));
#6230 = VECTOR('',#6231,1.);
#6231 = DIRECTION('',(0.,1.,0.));
#6232 = ORIENTED_EDGE('',*,*,#6233,.F.);
#6233 = EDGE_CURVE('',#5509,#6226,#6234,.T.);
#6234 = LINE('',#6235,#6236);
#6235 = CARTESIAN_POINT('',(-0.1125,0.3,0.5));
#6236 = VECTOR('',#6237,1.);
#6237 = DIRECTION('',(1.,0.,0.));
#6238 = ORIENTED_EDGE('',*,*,#5508,.F.);
#6239 = ORIENTED_EDGE('',*,*,#6240,.F.);
#6240 = EDGE_CURVE('',#6241,#5500,#6243,.T.);
#6241 = VERTEX_POINT('',#6242);
#6242 = CARTESIAN_POINT('',(0.725,-0.3,0.5));
#6243 = LINE('',#6244,#6245);
#6244 = CARTESIAN_POINT('',(0.6125,-0.3,0.5));
#6245 = VECTOR('',#6246,1.);
#6246 = DIRECTION('',(-1.,0.,0.));
#6247 = ORIENTED_EDGE('',*,*,#6248,.F.);
#6248 = EDGE_CURVE('',#5396,#6241,#6249,.T.);
#6249 = LINE('',#6250,#6251);
#6250 = CARTESIAN_POINT('',(0.725,-0.45,0.5));
#6251 = VECTOR('',#6252,1.);
#6252 = DIRECTION('',(0.,1.,0.));
#6253 = ORIENTED_EDGE('',*,*,#5403,.T.);
#6254 = ORIENTED_EDGE('',*,*,#6202,.T.);
#6255 = PLANE('',#6256);
#6256 = AXIS2_PLACEMENT_3D('',#6257,#6258,#6259);
#6257 = CARTESIAN_POINT('',(0.5,-0.4,0.5));
#6258 = DIRECTION('',(0.,0.,1.));
#6259 = DIRECTION('',(1.,0.,-0.));
#6260 = ADVANCED_FACE('',(#6261),#6272,.F.);
#6261 = FACE_BOUND('',#6262,.F.);
#6262 = EDGE_LOOP('',(#6263,#6269,#6270,#6271));
#6263 = ORIENTED_EDGE('',*,*,#6264,.F.);
#6264 = EDGE_CURVE('',#6241,#5444,#6265,.T.);
#6265 = LINE('',#6266,#6267);
#6266 = CARTESIAN_POINT('',(0.725,-0.3,0.75));
#6267 = VECTOR('',#6268,1.);
#6268 = DIRECTION('',(-0.,-0.,-1.));
#6269 = ORIENTED_EDGE('',*,*,#6248,.F.);
#6270 = ORIENTED_EDGE('',*,*,#5395,.T.);
#6271 = ORIENTED_EDGE('',*,*,#5453,.F.);
#6272 = PLANE('',#6273);
#6273 = AXIS2_PLACEMENT_3D('',#6274,#6275,#6276);
#6274 = CARTESIAN_POINT('',(0.725,-0.5,0.75));
#6275 = DIRECTION('',(1.,0.,0.));
#6276 = DIRECTION('',(-0.,1.,0.));
#6277 = ADVANCED_FACE('',(#6278),#6284,.F.);
#6278 = FACE_BOUND('',#6279,.F.);
#6279 = EDGE_LOOP('',(#6280,#6281,#6282,#6283));
#6280 = ORIENTED_EDGE('',*,*,#6240,.F.);
#6281 = ORIENTED_EDGE('',*,*,#6264,.T.);
#6282 = ORIENTED_EDGE('',*,*,#5443,.F.);
#6283 = ORIENTED_EDGE('',*,*,#5499,.T.);
#6284 = PLANE('',#6285);
#6285 = AXIS2_PLACEMENT_3D('',#6286,#6287,#6288);
#6286 = CARTESIAN_POINT('',(0.725,-0.3,0.75));
#6287 = DIRECTION('',(0.,1.,0.));
#6288 = DIRECTION('',(-1.,0.,0.));
#6289 = ADVANCED_FACE('',(#6290),#6306,.F.);
#6290 = FACE_BOUND('',#6291,.F.);
#6291 = EDGE_LOOP('',(#6292,#6293,#6299,#6300));
#6292 = ORIENTED_EDGE('',*,*,#6225,.F.);
#6293 = ORIENTED_EDGE('',*,*,#6294,.T.);
#6294 = EDGE_CURVE('',#6226,#5477,#6295,.T.);
#6295 = LINE('',#6296,#6297);
#6296 = CARTESIAN_POINT('',(0.725,0.3,0.75));
#6297 = VECTOR('',#6298,1.);
#6298 = DIRECTION('',(-0.,-0.,-1.));
#6299 = ORIENTED_EDGE('',*,*,#5484,.F.);
#6300 = ORIENTED_EDGE('',*,*,#6301,.F.);
#6301 = EDGE_CURVE('',#6218,#5468,#6302,.T.);
#6302 = LINE('',#6303,#6304);
#6303 = CARTESIAN_POINT('',(0.725,0.4,0.375));
#6304 = VECTOR('',#6305,1.);
#6305 = DIRECTION('',(0.,0.,-1.));
#6306 = PLANE('',#6307);
#6307 = AXIS2_PLACEMENT_3D('',#6308,#6309,#6310);
#6308 = CARTESIAN_POINT('',(0.725,0.3,0.75));
#6309 = DIRECTION('',(1.,0.,0.));
#6310 = DIRECTION('',(-0.,1.,0.));
#6311 = ADVANCED_FACE('',(#6312),#6318,.F.);
#6312 = FACE_BOUND('',#6313,.F.);
#6313 = EDGE_LOOP('',(#6314,#6315,#6316,#6317));
#6314 = ORIENTED_EDGE('',*,*,#6294,.F.);
#6315 = ORIENTED_EDGE('',*,*,#6233,.F.);
#6316 = ORIENTED_EDGE('',*,*,#5516,.F.);
#6317 = ORIENTED_EDGE('',*,*,#5476,.F.);
#6318 = PLANE('',#6319);
#6319 = AXIS2_PLACEMENT_3D('',#6320,#6321,#6322);
#6320 = CARTESIAN_POINT('',(-0.725,0.3,0.75));
#6321 = DIRECTION('',(0.,-1.,0.));
#6322 = DIRECTION('',(1.,0.,0.));
#6323 = ADVANCED_FACE('',(#6324),#6336,.T.);
#6324 = FACE_BOUND('',#6325,.T.);
#6325 = EDGE_LOOP('',(#6326,#6327,#6328,#6329,#6330,#6331,#6332,#6333,
    #6334,#6335));
#6326 = ORIENTED_EDGE('',*,*,#5704,.F.);
#6327 = ORIENTED_EDGE('',*,*,#5775,.F.);
#6328 = ORIENTED_EDGE('',*,*,#5811,.T.);
#6329 = ORIENTED_EDGE('',*,*,#5835,.T.);
#6330 = ORIENTED_EDGE('',*,*,#5659,.T.);
#6331 = ORIENTED_EDGE('',*,*,#5620,.F.);
#6332 = ORIENTED_EDGE('',*,*,#5547,.F.);
#6333 = ORIENTED_EDGE('',*,*,#5539,.F.);
#6334 = ORIENTED_EDGE('',*,*,#5531,.T.);
#6335 = ORIENTED_EDGE('',*,*,#5906,.F.);
#6336 = PLANE('',#6337);
#6337 = AXIS2_PLACEMENT_3D('',#6338,#6339,#6340);
#6338 = CARTESIAN_POINT('',(-0.8,0.4,0.));
#6339 = DIRECTION('',(0.,1.,0.));
#6340 = DIRECTION('',(0.,-0.,1.));
#6341 = ADVANCED_FACE('',(#6342),#6354,.T.);
#6342 = FACE_BOUND('',#6343,.T.);
#6343 = EDGE_LOOP('',(#6344,#6345,#6346,#6347,#6348,#6349,#6350,#6351,
    #6352,#6353));
#6344 = ORIENTED_EDGE('',*,*,#6115,.F.);
#6345 = ORIENTED_EDGE('',*,*,#5938,.F.);
#6346 = ORIENTED_EDGE('',*,*,#5572,.T.);
#6347 = ORIENTED_EDGE('',*,*,#5564,.T.);
#6348 = ORIENTED_EDGE('',*,*,#5556,.F.);
#6349 = ORIENTED_EDGE('',*,*,#6301,.F.);
#6350 = ORIENTED_EDGE('',*,*,#6217,.T.);
#6351 = ORIENTED_EDGE('',*,*,#6193,.F.);
#6352 = ORIENTED_EDGE('',*,*,#6170,.F.);
#6353 = ORIENTED_EDGE('',*,*,#6145,.T.);
#6354 = PLANE('',#6355);
#6355 = AXIS2_PLACEMENT_3D('',#6356,#6357,#6358);
#6356 = CARTESIAN_POINT('',(0.5,0.4,0.));
#6357 = DIRECTION('',(0.,1.,0.));
#6358 = DIRECTION('',(0.,-0.,1.));
#6359 = ADVANCED_FACE('',(#6360),#6365,.T.);
#6360 = FACE_BOUND('',#6361,.T.);
#6361 = EDGE_LOOP('',(#6362,#6363,#6364));
#6362 = ORIENTED_EDGE('',*,*,#6084,.T.);
#6363 = ORIENTED_EDGE('',*,*,#6060,.T.);
#6364 = ORIENTED_EDGE('',*,*,#6101,.T.);
#6365 = PLANE('',#6366);
#6366 = AXIS2_PLACEMENT_3D('',#6367,#6368,#6369);
#6367 = CARTESIAN_POINT('',(9.237604307034E-02,0.,1.5E-02));
#6368 = DIRECTION('',(-0.,-0.,-1.));
#6369 = DIRECTION('',(-1.,0.,0.));
#6370 = ( GEOMETRIC_REPRESENTATION_CONTEXT(3) 
GLOBAL_UNCERTAINTY_ASSIGNED_CONTEXT((#6374)) 
GLOBAL_UNIT_ASSIGNED_CONTEXT((#6371,#6372,#6373)) REPRESENTATION_CONTEXT
('Context #1','3D Context with UNIT and UNCERTAINTY') );
#6371 = ( LENGTH_UNIT() NAMED_UNIT(*) SI_UNIT(.MILLI.,.METRE.) );
#6372 = ( NAMED_UNIT(*) PLANE_ANGLE_UNIT() SI_UNIT($,.RADIAN.) );
#6373 = ( NAMED_UNIT(*) SI_UNIT($,.STERADIAN.) SOLID_ANGLE_UNIT() );
#6374 = UNCERTAINTY_MEASURE_WITH_UNIT(LENGTH_MEASURE(1.E-07),#6371,
  'distance_accuracy_value','confusion accuracy');
#6375 = CONTEXT_DEPENDENT_SHAPE_REPRESENTATION(#6376,#6378);
#6376 = ( REPRESENTATION_RELATIONSHIP('','',#4846,#10) 
REPRESENTATION_RELATIONSHIP_WITH_TRANSFORMATION(#6377) 
SHAPE_REPRESENTATION_RELATIONSHIP() );
#6377 = ITEM_DEFINED_TRANSFORMATION('','',#11,#19);
#6378 = PRODUCT_DEFINITION_SHAPE('Placement','Placement of an item',
  #6379);
#6379 = NEXT_ASSEMBLY_USAGE_OCCURRENCE('2','D1','',#5,#4841,$);
#6380 = PRODUCT_RELATED_PRODUCT_CATEGORY('part',$,(#4843));
#6381 = SHAPE_DEFINITION_REPRESENTATION(#6382,#6388);
#6382 = PRODUCT_DEFINITION_SHAPE('','',#6383);
#6383 = PRODUCT_DEFINITION('design','',#6384,#6387);
#6384 = PRODUCT_DEFINITION_FORMATION('','',#6385);
#6385 = PRODUCT('92095A454_Button Head Hex Drive Screw',
  '92095A454_Button Head Hex Drive Screw','',(#6386));
#6386 = PRODUCT_CONTEXT('',#2,'mechanical');
#6387 = PRODUCT_DEFINITION_CONTEXT('part definition',#2,'design');
#6388 = ADVANCED_BREP_SHAPE_REPRESENTATION('',(#11,#6389),#11820);
#6389 = MANIFOLD_SOLID_BREP('',#6390);
#6390 = CLOSED_SHELL('',(#6391,#6438,#6486,#6534,#6582,#6630,#6678,#6726
    ,#6774,#6822,#6870,#6918,#6966,#7014,#7062,#7110,#7158,#7206,#7254,
    #7302,#7332,#7362,#7392,#7422,#7452,#7482,#7512,#7542,#7572,#7602,
    #7632,#7662,#7692,#7722,#7752,#7782,#7812,#7842,#7881,#7938,#8000,
    #8052,#8104,#8156,#8208,#8260,#8312,#8364,#8416,#8468,#8520,#8572,
    #8624,#8676,#8728,#8780,#8832,#8884,#8936,#8988,#9017,#9051,#9085,
    #9119,#9153,#9187,#9221,#9255,#9289,#9323,#9357,#9391,#9425,#9459,
    #9493,#9527,#9561,#9595,#9629,#9681,#9737,#9761,#9813,#9855,#9889,
    #9923,#9979,#10013,#10042,#10071,#10095,#10124,#10146,#10162,#10178,
    #10194,#10211,#10227,#10243,#10268,#10286,#10304,#10334,#10353,
    #10371,#11077,#11786,#11798,#11810));
#6391 = ADVANCED_FACE('',(#6392),#6433,.T.);
#6392 = FACE_BOUND('',#6393,.T.);
#6393 = EDGE_LOOP('',(#6394,#6406,#6414,#6426));
#6394 = ORIENTED_EDGE('',*,*,#6395,.F.);
#6395 = EDGE_CURVE('',#6396,#6398,#6400,.T.);
#6396 = VERTEX_POINT('',#6397);
#6397 = CARTESIAN_POINT('',(0.,1.,-3.6));
#6398 = VERTEX_POINT('',#6399);
#6399 = CARTESIAN_POINT('',(1.,6.68175522064E-16,-3.7));
#6400 = ( BOUNDED_CURVE() B_SPLINE_CURVE(2,(#6401,#6402,#6403,#6404,
#6405),.UNSPECIFIED.,.F.,.F.) B_SPLINE_CURVE_WITH_KNOTS((3,2,3),(0.96,
0.966666666667,0.97),.UNSPECIFIED.) CURVE() 
GEOMETRIC_REPRESENTATION_ITEM() RATIONAL_B_SPLINE_CURVE((1.,
    0.866025403784,1.,0.933012701892,0.933012701892)) 
REPRESENTATION_ITEM('') );
#6401 = CARTESIAN_POINT('',(0.,1.,-3.6));
#6402 = CARTESIAN_POINT('',(0.57735026919,1.,-3.633333333333));
#6403 = CARTESIAN_POINT('',(0.866025403784,0.5,-3.666666666667));
#6404 = CARTESIAN_POINT('',(1.,0.267949192431,-3.682136720505));
#6405 = CARTESIAN_POINT('',(1.,6.68175522064E-16,-3.7));
#6406 = ORIENTED_EDGE('',*,*,#6407,.T.);
#6407 = EDGE_CURVE('',#6396,#6408,#6410,.T.);
#6408 = VERTEX_POINT('',#6409);
#6409 = CARTESIAN_POINT('',(0.,1.,-3.55));
#6410 = LINE('',#6411,#6412);
#6411 = CARTESIAN_POINT('',(1.224646799147E-16,1.,5.3));
#6412 = VECTOR('',#6413,1.);
#6413 = DIRECTION('',(-0.,6.054590893736E-18,1.));
#6414 = ORIENTED_EDGE('',*,*,#6415,.F.);
#6415 = EDGE_CURVE('',#6416,#6408,#6418,.T.);
#6416 = VERTEX_POINT('',#6417);
#6417 = CARTESIAN_POINT('',(0.700629269222,-0.713525491562,-3.7));
#6418 = ( BOUNDED_CURVE() B_SPLINE_CURVE(2,(#6419,#6420,#6421,#6422,
#6423,#6424,#6425),.UNSPECIFIED.,.F.,.F.) B_SPLINE_CURVE_WITH_KNOTS((3,2
    ,2,3),(6.491344201787E-02,6.666666666667E-02,7.333333333333E-02,
8.E-02),.UNSPECIFIED.) CURVE() GEOMETRIC_REPRESENTATION_ITEM() 
RATIONAL_B_SPLINE_CURVE((0.948065210723,0.96476686534,1.,0.866025403784,
1.,0.866025403784,1.)) REPRESENTATION_ITEM('') );
#6419 = CARTESIAN_POINT('',(0.700629269222,-0.713525491562,-3.7));
#6420 = CARTESIAN_POINT('',(0.797878448606,-0.61803398875,
    -3.691202265917));
#6421 = CARTESIAN_POINT('',(0.866025403784,-0.5,-3.683333333333));
#6422 = CARTESIAN_POINT('',(1.154700538379,-2.218170276263E-15,-3.65));
#6423 = CARTESIAN_POINT('',(0.866025403784,0.5,-3.616666666667));
#6424 = CARTESIAN_POINT('',(0.57735026919,1.,-3.583333333333));
#6425 = CARTESIAN_POINT('',(0.,1.,-3.55));
#6426 = ORIENTED_EDGE('',*,*,#6427,.T.);
#6427 = EDGE_CURVE('',#6416,#6398,#6428,.T.);
#6428 = CIRCLE('',#6429,1.);
#6429 = AXIS2_PLACEMENT_3D('',#6430,#6431,#6432);
#6430 = CARTESIAN_POINT('',(0.,-2.006055228518E-15,-3.7));
#6431 = DIRECTION('',(-0.,6.054590893736E-18,1.));
#6432 = DIRECTION('',(0.,-1.,6.054590893736E-18));
#6433 = CYLINDRICAL_SURFACE('',#6434,1.);
#6434 = AXIS2_PLACEMENT_3D('',#6435,#6436,#6437);
#6435 = CARTESIAN_POINT('',(0.,-1.951563910474E-15,5.3));
#6436 = DIRECTION('',(-0.,6.054590893736E-18,1.));
#6437 = DIRECTION('',(0.,-1.,6.054590893736E-18));
#6438 = ADVANCED_FACE('',(#6439),#6481,.T.);
#6439 = FACE_BOUND('',#6440,.T.);
#6440 = EDGE_LOOP('',(#6441,#6455,#6463,#6475));
#6441 = ORIENTED_EDGE('',*,*,#6442,.F.);
#6442 = EDGE_CURVE('',#6443,#6445,#6447,.T.);
#6443 = VERTEX_POINT('',#6444);
#6444 = CARTESIAN_POINT('',(0.,1.,-3.2));
#6445 = VERTEX_POINT('',#6446);
#6446 = CARTESIAN_POINT('',(-1.224646799147E-16,-1.,-3.4));
#6447 = ( BOUNDED_CURVE() B_SPLINE_CURVE(2,(#6448,#6449,#6450,#6451,
#6452,#6453,#6454),.UNSPECIFIED.,.F.,.F.) B_SPLINE_CURVE_WITH_KNOTS((3,2
    ,2,3),(0.92,0.926666666667,0.933333333333,0.94),
.PIECEWISE_BEZIER_KNOTS.) CURVE() GEOMETRIC_REPRESENTATION_ITEM() 
RATIONAL_B_SPLINE_CURVE((1.,0.866025403784,1.,0.866025403784,1.,
0.866025403784,1.)) REPRESENTATION_ITEM('') );
#6448 = CARTESIAN_POINT('',(0.,1.,-3.2));
#6449 = CARTESIAN_POINT('',(0.57735026919,1.,-3.233333333333));
#6450 = CARTESIAN_POINT('',(0.866025403784,0.5,-3.266666666667));
#6451 = CARTESIAN_POINT('',(1.154700538379,-2.218170276263E-15,-3.3));
#6452 = CARTESIAN_POINT('',(0.866025403784,-0.5,-3.333333333333));
#6453 = CARTESIAN_POINT('',(0.57735026919,-1.,-3.366666666667));
#6454 = CARTESIAN_POINT('',(-1.224646799147E-16,-1.,-3.4));
#6455 = ORIENTED_EDGE('',*,*,#6456,.T.);
#6456 = EDGE_CURVE('',#6443,#6457,#6459,.T.);
#6457 = VERTEX_POINT('',#6458);
#6458 = CARTESIAN_POINT('',(0.,1.,-3.15));
#6459 = LINE('',#6460,#6461);
#6460 = CARTESIAN_POINT('',(1.224646799147E-16,1.,5.3));
#6461 = VECTOR('',#6462,1.);
#6462 = DIRECTION('',(-0.,6.054590893736E-18,1.));
#6463 = ORIENTED_EDGE('',*,*,#6464,.F.);
#6464 = EDGE_CURVE('',#6465,#6457,#6467,.T.);
#6465 = VERTEX_POINT('',#6466);
#6466 = CARTESIAN_POINT('',(-1.224646799147E-16,-1.,-3.35));
#6467 = ( BOUNDED_CURVE() B_SPLINE_CURVE(2,(#6468,#6469,#6470,#6471,
#6472,#6473,#6474),.UNSPECIFIED.,.F.,.F.) B_SPLINE_CURVE_WITH_KNOTS((3,2
    ,2,3),(1.E-01,0.106666666667,0.113333333333,0.12),
.PIECEWISE_BEZIER_KNOTS.) CURVE() GEOMETRIC_REPRESENTATION_ITEM() 
RATIONAL_B_SPLINE_CURVE((1.,0.866025403784,1.,0.866025403784,1.,
0.866025403784,1.)) REPRESENTATION_ITEM('') );
#6468 = CARTESIAN_POINT('',(-1.224646799147E-16,-1.,-3.35));
#6469 = CARTESIAN_POINT('',(0.57735026919,-1.,-3.316666666667));
#6470 = CARTESIAN_POINT('',(0.866025403784,-0.5,-3.283333333333));
#6471 = CARTESIAN_POINT('',(1.154700538379,-2.218170276263E-15,-3.25));
#6472 = CARTESIAN_POINT('',(0.866025403784,0.5,-3.216666666667));
#6473 = CARTESIAN_POINT('',(0.57735026919,1.,-3.183333333333));
#6474 = CARTESIAN_POINT('',(0.,1.,-3.15));
#6475 = ORIENTED_EDGE('',*,*,#6476,.F.);
#6476 = EDGE_CURVE('',#6445,#6465,#6477,.T.);
#6477 = LINE('',#6478,#6479);
#6478 = CARTESIAN_POINT('',(0.,-1.,5.3));
#6479 = VECTOR('',#6480,1.);
#6480 = DIRECTION('',(-0.,6.054590893736E-18,1.));
#6481 = CYLINDRICAL_SURFACE('',#6482,1.);
#6482 = AXIS2_PLACEMENT_3D('',#6483,#6484,#6485);
#6483 = CARTESIAN_POINT('',(0.,-1.951563910474E-15,5.3));
#6484 = DIRECTION('',(-0.,6.054590893736E-18,1.));
#6485 = DIRECTION('',(0.,-1.,6.054590893736E-18));
#6486 = ADVANCED_FACE('',(#6487),#6529,.T.);
#6487 = FACE_BOUND('',#6488,.T.);
#6488 = EDGE_LOOP('',(#6489,#6503,#6511,#6523));
#6489 = ORIENTED_EDGE('',*,*,#6490,.F.);
#6490 = EDGE_CURVE('',#6491,#6493,#6495,.T.);
#6491 = VERTEX_POINT('',#6492);
#6492 = CARTESIAN_POINT('',(0.,1.,-2.8));
#6493 = VERTEX_POINT('',#6494);
#6494 = CARTESIAN_POINT('',(-1.224646799147E-16,-1.,-3.));
#6495 = ( BOUNDED_CURVE() B_SPLINE_CURVE(2,(#6496,#6497,#6498,#6499,
#6500,#6501,#6502),.UNSPECIFIED.,.F.,.F.) B_SPLINE_CURVE_WITH_KNOTS((3,2
    ,2,3),(0.88,0.886666666667,0.893333333333,0.9),
.PIECEWISE_BEZIER_KNOTS.) CURVE() GEOMETRIC_REPRESENTATION_ITEM() 
RATIONAL_B_SPLINE_CURVE((1.,0.866025403784,1.,0.866025403784,1.,
0.866025403784,1.)) REPRESENTATION_ITEM('') );
#6496 = CARTESIAN_POINT('',(0.,1.,-2.8));
#6497 = CARTESIAN_POINT('',(0.57735026919,1.,-2.833333333333));
#6498 = CARTESIAN_POINT('',(0.866025403784,0.5,-2.866666666667));
#6499 = CARTESIAN_POINT('',(1.154700538379,-2.218170276263E-15,-2.9));
#6500 = CARTESIAN_POINT('',(0.866025403784,-0.5,-2.933333333333));
#6501 = CARTESIAN_POINT('',(0.57735026919,-1.,-2.966666666667));
#6502 = CARTESIAN_POINT('',(-1.224646799147E-16,-1.,-3.));
#6503 = ORIENTED_EDGE('',*,*,#6504,.T.);
#6504 = EDGE_CURVE('',#6491,#6505,#6507,.T.);
#6505 = VERTEX_POINT('',#6506);
#6506 = CARTESIAN_POINT('',(0.,1.,-2.75));
#6507 = LINE('',#6508,#6509);
#6508 = CARTESIAN_POINT('',(1.224646799147E-16,1.,5.3));
#6509 = VECTOR('',#6510,1.);
#6510 = DIRECTION('',(-0.,6.054590893736E-18,1.));
#6511 = ORIENTED_EDGE('',*,*,#6512,.F.);
#6512 = EDGE_CURVE('',#6513,#6505,#6515,.T.);
#6513 = VERTEX_POINT('',#6514);
#6514 = CARTESIAN_POINT('',(-1.224646799147E-16,-1.,-2.95));
#6515 = ( BOUNDED_CURVE() B_SPLINE_CURVE(2,(#6516,#6517,#6518,#6519,
#6520,#6521,#6522),.UNSPECIFIED.,.F.,.F.) B_SPLINE_CURVE_WITH_KNOTS((3,2
    ,2,3),(0.14,0.146666666667,0.153333333333,0.16),
.PIECEWISE_BEZIER_KNOTS.) CURVE() GEOMETRIC_REPRESENTATION_ITEM() 
RATIONAL_B_SPLINE_CURVE((1.,0.866025403784,1.,0.866025403784,1.,
0.866025403784,1.)) REPRESENTATION_ITEM('') );
#6516 = CARTESIAN_POINT('',(-1.224646799147E-16,-1.,-2.95));
#6517 = CARTESIAN_POINT('',(0.57735026919,-1.,-2.916666666667));
#6518 = CARTESIAN_POINT('',(0.866025403784,-0.5,-2.883333333333));
#6519 = CARTESIAN_POINT('',(1.154700538379,-2.218170276263E-15,-2.85));
#6520 = CARTESIAN_POINT('',(0.866025403784,0.5,-2.816666666667));
#6521 = CARTESIAN_POINT('',(0.57735026919,1.,-2.783333333333));
#6522 = CARTESIAN_POINT('',(0.,1.,-2.75));
#6523 = ORIENTED_EDGE('',*,*,#6524,.F.);
#6524 = EDGE_CURVE('',#6493,#6513,#6525,.T.);
#6525 = LINE('',#6526,#6527);
#6526 = CARTESIAN_POINT('',(0.,-1.,5.3));
#6527 = VECTOR('',#6528,1.);
#6528 = DIRECTION('',(-0.,6.054590893736E-18,1.));
#6529 = CYLINDRICAL_SURFACE('',#6530,1.);
#6530 = AXIS2_PLACEMENT_3D('',#6531,#6532,#6533);
#6531 = CARTESIAN_POINT('',(0.,-1.951563910474E-15,5.3));
#6532 = DIRECTION('',(-0.,6.054590893736E-18,1.));
#6533 = DIRECTION('',(0.,-1.,6.054590893736E-18));
#6534 = ADVANCED_FACE('',(#6535),#6577,.T.);
#6535 = FACE_BOUND('',#6536,.T.);
#6536 = EDGE_LOOP('',(#6537,#6551,#6559,#6571));
#6537 = ORIENTED_EDGE('',*,*,#6538,.F.);
#6538 = EDGE_CURVE('',#6539,#6541,#6543,.T.);
#6539 = VERTEX_POINT('',#6540);
#6540 = CARTESIAN_POINT('',(0.,1.,-2.4));
#6541 = VERTEX_POINT('',#6542);
#6542 = CARTESIAN_POINT('',(-1.224646799147E-16,-1.,-2.6));
#6543 = ( BOUNDED_CURVE() B_SPLINE_CURVE(2,(#6544,#6545,#6546,#6547,
#6548,#6549,#6550),.UNSPECIFIED.,.F.,.F.) B_SPLINE_CURVE_WITH_KNOTS((3,2
    ,2,3),(0.84,0.846666666667,0.853333333333,0.86),
.PIECEWISE_BEZIER_KNOTS.) CURVE() GEOMETRIC_REPRESENTATION_ITEM() 
RATIONAL_B_SPLINE_CURVE((1.,0.866025403784,1.,0.866025403784,1.,
0.866025403784,1.)) REPRESENTATION_ITEM('') );
#6544 = CARTESIAN_POINT('',(0.,1.,-2.4));
#6545 = CARTESIAN_POINT('',(0.57735026919,1.,-2.433333333333));
#6546 = CARTESIAN_POINT('',(0.866025403784,0.5,-2.466666666667));
#6547 = CARTESIAN_POINT('',(1.154700538379,-2.218170276263E-15,-2.5));
#6548 = CARTESIAN_POINT('',(0.866025403784,-0.5,-2.533333333333));
#6549 = CARTESIAN_POINT('',(0.57735026919,-1.,-2.566666666667));
#6550 = CARTESIAN_POINT('',(-1.224646799147E-16,-1.,-2.6));
#6551 = ORIENTED_EDGE('',*,*,#6552,.T.);
#6552 = EDGE_CURVE('',#6539,#6553,#6555,.T.);
#6553 = VERTEX_POINT('',#6554);
#6554 = CARTESIAN_POINT('',(0.,1.,-2.35));
#6555 = LINE('',#6556,#6557);
#6556 = CARTESIAN_POINT('',(1.224646799147E-16,1.,5.3));
#6557 = VECTOR('',#6558,1.);
#6558 = DIRECTION('',(-0.,6.054590893736E-18,1.));
#6559 = ORIENTED_EDGE('',*,*,#6560,.F.);
#6560 = EDGE_CURVE('',#6561,#6553,#6563,.T.);
#6561 = VERTEX_POINT('',#6562);
#6562 = CARTESIAN_POINT('',(-1.224646799147E-16,-1.,-2.55));
#6563 = ( BOUNDED_CURVE() B_SPLINE_CURVE(2,(#6564,#6565,#6566,#6567,
#6568,#6569,#6570),.UNSPECIFIED.,.F.,.F.) B_SPLINE_CURVE_WITH_KNOTS((3,2
    ,2,3),(0.18,0.186666666667,0.193333333333,0.2),
.PIECEWISE_BEZIER_KNOTS.) CURVE() GEOMETRIC_REPRESENTATION_ITEM() 
RATIONAL_B_SPLINE_CURVE((1.,0.866025403784,1.,0.866025403784,1.,
0.866025403784,1.)) REPRESENTATION_ITEM('') );
#6564 = CARTESIAN_POINT('',(-1.224646799147E-16,-1.,-2.55));
#6565 = CARTESIAN_POINT('',(0.57735026919,-1.,-2.516666666667));
#6566 = CARTESIAN_POINT('',(0.866025403784,-0.5,-2.483333333333));
#6567 = CARTESIAN_POINT('',(1.154700538379,-2.218170276263E-15,-2.45));
#6568 = CARTESIAN_POINT('',(0.866025403784,0.5,-2.416666666667));
#6569 = CARTESIAN_POINT('',(0.57735026919,1.,-2.383333333333));
#6570 = CARTESIAN_POINT('',(0.,1.,-2.35));
#6571 = ORIENTED_EDGE('',*,*,#6572,.F.);
#6572 = EDGE_CURVE('',#6541,#6561,#6573,.T.);
#6573 = LINE('',#6574,#6575);
#6574 = CARTESIAN_POINT('',(0.,-1.,5.3));
#6575 = VECTOR('',#6576,1.);
#6576 = DIRECTION('',(-0.,6.054590893736E-18,1.));
#6577 = CYLINDRICAL_SURFACE('',#6578,1.);
#6578 = AXIS2_PLACEMENT_3D('',#6579,#6580,#6581);
#6579 = CARTESIAN_POINT('',(0.,-1.951563910474E-15,5.3));
#6580 = DIRECTION('',(-0.,6.054590893736E-18,1.));
#6581 = DIRECTION('',(0.,-1.,6.054590893736E-18));
#6582 = ADVANCED_FACE('',(#6583),#6625,.T.);
#6583 = FACE_BOUND('',#6584,.T.);
#6584 = EDGE_LOOP('',(#6585,#6599,#6607,#6619));
#6585 = ORIENTED_EDGE('',*,*,#6586,.F.);
#6586 = EDGE_CURVE('',#6587,#6589,#6591,.T.);
#6587 = VERTEX_POINT('',#6588);
#6588 = CARTESIAN_POINT('',(0.,1.,-2.));
#6589 = VERTEX_POINT('',#6590);
#6590 = CARTESIAN_POINT('',(-1.224646799147E-16,-1.,-2.2));
#6591 = ( BOUNDED_CURVE() B_SPLINE_CURVE(2,(#6592,#6593,#6594,#6595,
#6596,#6597,#6598),.UNSPECIFIED.,.F.,.F.) B_SPLINE_CURVE_WITH_KNOTS((3,2
    ,2,3),(0.8,0.806666666667,0.813333333333,0.82),
.PIECEWISE_BEZIER_KNOTS.) CURVE() GEOMETRIC_REPRESENTATION_ITEM() 
RATIONAL_B_SPLINE_CURVE((1.,0.866025403784,1.,0.866025403784,1.,
0.866025403784,1.)) REPRESENTATION_ITEM('') );
#6592 = CARTESIAN_POINT('',(0.,1.,-2.));
#6593 = CARTESIAN_POINT('',(0.57735026919,1.,-2.033333333333));
#6594 = CARTESIAN_POINT('',(0.866025403784,0.5,-2.066666666667));
#6595 = CARTESIAN_POINT('',(1.154700538379,-2.218170276263E-15,-2.1));
#6596 = CARTESIAN_POINT('',(0.866025403784,-0.5,-2.133333333333));
#6597 = CARTESIAN_POINT('',(0.57735026919,-1.,-2.166666666667));
#6598 = CARTESIAN_POINT('',(-1.224646799147E-16,-1.,-2.2));
#6599 = ORIENTED_EDGE('',*,*,#6600,.T.);
#6600 = EDGE_CURVE('',#6587,#6601,#6603,.T.);
#6601 = VERTEX_POINT('',#6602);
#6602 = CARTESIAN_POINT('',(0.,1.,-1.95));
#6603 = LINE('',#6604,#6605);
#6604 = CARTESIAN_POINT('',(1.224646799147E-16,1.,5.3));
#6605 = VECTOR('',#6606,1.);
#6606 = DIRECTION('',(-0.,6.054590893736E-18,1.));
#6607 = ORIENTED_EDGE('',*,*,#6608,.F.);
#6608 = EDGE_CURVE('',#6609,#6601,#6611,.T.);
#6609 = VERTEX_POINT('',#6610);
#6610 = CARTESIAN_POINT('',(-1.224646799147E-16,-1.,-2.15));
#6611 = ( BOUNDED_CURVE() B_SPLINE_CURVE(2,(#6612,#6613,#6614,#6615,
#6616,#6617,#6618),.UNSPECIFIED.,.F.,.F.) B_SPLINE_CURVE_WITH_KNOTS((3,2
    ,2,3),(0.22,0.226666666667,0.233333333333,0.24),
.PIECEWISE_BEZIER_KNOTS.) CURVE() GEOMETRIC_REPRESENTATION_ITEM() 
RATIONAL_B_SPLINE_CURVE((1.,0.866025403784,1.,0.866025403784,1.,
0.866025403784,1.)) REPRESENTATION_ITEM('') );
#6612 = CARTESIAN_POINT('',(-1.224646799147E-16,-1.,-2.15));
#6613 = CARTESIAN_POINT('',(0.57735026919,-1.,-2.116666666667));
#6614 = CARTESIAN_POINT('',(0.866025403784,-0.5,-2.083333333333));
#6615 = CARTESIAN_POINT('',(1.154700538379,-2.218170276263E-15,-2.05));
#6616 = CARTESIAN_POINT('',(0.866025403784,0.5,-2.016666666667));
#6617 = CARTESIAN_POINT('',(0.57735026919,1.,-1.983333333333));
#6618 = CARTESIAN_POINT('',(0.,1.,-1.95));
#6619 = ORIENTED_EDGE('',*,*,#6620,.F.);
#6620 = EDGE_CURVE('',#6589,#6609,#6621,.T.);
#6621 = LINE('',#6622,#6623);
#6622 = CARTESIAN_POINT('',(0.,-1.,5.3));
#6623 = VECTOR('',#6624,1.);
#6624 = DIRECTION('',(-0.,6.054590893736E-18,1.));
#6625 = CYLINDRICAL_SURFACE('',#6626,1.);
#6626 = AXIS2_PLACEMENT_3D('',#6627,#6628,#6629);
#6627 = CARTESIAN_POINT('',(0.,-1.951563910474E-15,5.3));
#6628 = DIRECTION('',(-0.,6.054590893736E-18,1.));
#6629 = DIRECTION('',(0.,-1.,6.054590893736E-18));
#6630 = ADVANCED_FACE('',(#6631),#6673,.T.);
#6631 = FACE_BOUND('',#6632,.T.);
#6632 = EDGE_LOOP('',(#6633,#6647,#6655,#6667));
#6633 = ORIENTED_EDGE('',*,*,#6634,.F.);
#6634 = EDGE_CURVE('',#6635,#6637,#6639,.T.);
#6635 = VERTEX_POINT('',#6636);
#6636 = CARTESIAN_POINT('',(0.,1.,-1.6));
#6637 = VERTEX_POINT('',#6638);
#6638 = CARTESIAN_POINT('',(-1.224646799147E-16,-1.,-1.8));
#6639 = ( BOUNDED_CURVE() B_SPLINE_CURVE(2,(#6640,#6641,#6642,#6643,
#6644,#6645,#6646),.UNSPECIFIED.,.F.,.F.) B_SPLINE_CURVE_WITH_KNOTS((3,2
    ,2,3),(0.76,0.766666666667,0.773333333333,0.78),
.PIECEWISE_BEZIER_KNOTS.) CURVE() GEOMETRIC_REPRESENTATION_ITEM() 
RATIONAL_B_SPLINE_CURVE((1.,0.866025403784,1.,0.866025403784,1.,
0.866025403784,1.)) REPRESENTATION_ITEM('') );
#6640 = CARTESIAN_POINT('',(0.,1.,-1.6));
#6641 = CARTESIAN_POINT('',(0.57735026919,1.,-1.633333333333));
#6642 = CARTESIAN_POINT('',(0.866025403784,0.5,-1.666666666667));
#6643 = CARTESIAN_POINT('',(1.154700538379,-2.218170276263E-15,-1.7));
#6644 = CARTESIAN_POINT('',(0.866025403784,-0.5,-1.733333333333));
#6645 = CARTESIAN_POINT('',(0.57735026919,-1.,-1.766666666667));
#6646 = CARTESIAN_POINT('',(-1.224646799147E-16,-1.,-1.8));
#6647 = ORIENTED_EDGE('',*,*,#6648,.T.);
#6648 = EDGE_CURVE('',#6635,#6649,#6651,.T.);
#6649 = VERTEX_POINT('',#6650);
#6650 = CARTESIAN_POINT('',(0.,1.,-1.55));
#6651 = LINE('',#6652,#6653);
#6652 = CARTESIAN_POINT('',(1.224646799147E-16,1.,5.3));
#6653 = VECTOR('',#6654,1.);
#6654 = DIRECTION('',(-0.,6.054590893736E-18,1.));
#6655 = ORIENTED_EDGE('',*,*,#6656,.F.);
#6656 = EDGE_CURVE('',#6657,#6649,#6659,.T.);
#6657 = VERTEX_POINT('',#6658);
#6658 = CARTESIAN_POINT('',(-1.224646799147E-16,-1.,-1.75));
#6659 = ( BOUNDED_CURVE() B_SPLINE_CURVE(2,(#6660,#6661,#6662,#6663,
#6664,#6665,#6666),.UNSPECIFIED.,.F.,.F.) B_SPLINE_CURVE_WITH_KNOTS((3,2
    ,2,3),(0.26,0.266666666667,0.273333333333,0.28),
.PIECEWISE_BEZIER_KNOTS.) CURVE() GEOMETRIC_REPRESENTATION_ITEM() 
RATIONAL_B_SPLINE_CURVE((1.,0.866025403784,1.,0.866025403784,1.,
0.866025403784,1.)) REPRESENTATION_ITEM('') );
#6660 = CARTESIAN_POINT('',(-1.224646799147E-16,-1.,-1.75));
#6661 = CARTESIAN_POINT('',(0.57735026919,-1.,-1.716666666667));
#6662 = CARTESIAN_POINT('',(0.866025403784,-0.5,-1.683333333333));
#6663 = CARTESIAN_POINT('',(1.154700538379,-2.218170276263E-15,-1.65));
#6664 = CARTESIAN_POINT('',(0.866025403784,0.5,-1.616666666667));
#6665 = CARTESIAN_POINT('',(0.57735026919,1.,-1.583333333333));
#6666 = CARTESIAN_POINT('',(0.,1.,-1.55));
#6667 = ORIENTED_EDGE('',*,*,#6668,.F.);
#6668 = EDGE_CURVE('',#6637,#6657,#6669,.T.);
#6669 = LINE('',#6670,#6671);
#6670 = CARTESIAN_POINT('',(0.,-1.,5.3));
#6671 = VECTOR('',#6672,1.);
#6672 = DIRECTION('',(-0.,6.054590893736E-18,1.));
#6673 = CYLINDRICAL_SURFACE('',#6674,1.);
#6674 = AXIS2_PLACEMENT_3D('',#6675,#6676,#6677);
#6675 = CARTESIAN_POINT('',(0.,-1.951563910474E-15,5.3));
#6676 = DIRECTION('',(-0.,6.054590893736E-18,1.));
#6677 = DIRECTION('',(0.,-1.,6.054590893736E-18));
#6678 = ADVANCED_FACE('',(#6679),#6721,.T.);
#6679 = FACE_BOUND('',#6680,.T.);
#6680 = EDGE_LOOP('',(#6681,#6695,#6703,#6715));
#6681 = ORIENTED_EDGE('',*,*,#6682,.F.);
#6682 = EDGE_CURVE('',#6683,#6685,#6687,.T.);
#6683 = VERTEX_POINT('',#6684);
#6684 = CARTESIAN_POINT('',(0.,1.,-1.2));
#6685 = VERTEX_POINT('',#6686);
#6686 = CARTESIAN_POINT('',(-1.224646799147E-16,-1.,-1.4));
#6687 = ( BOUNDED_CURVE() B_SPLINE_CURVE(2,(#6688,#6689,#6690,#6691,
#6692,#6693,#6694),.UNSPECIFIED.,.F.,.F.) B_SPLINE_CURVE_WITH_KNOTS((3,2
    ,2,3),(0.72,0.726666666667,0.733333333333,0.74),
.PIECEWISE_BEZIER_KNOTS.) CURVE() GEOMETRIC_REPRESENTATION_ITEM() 
RATIONAL_B_SPLINE_CURVE((1.,0.866025403784,1.,0.866025403784,1.,
0.866025403784,1.)) REPRESENTATION_ITEM('') );
#6688 = CARTESIAN_POINT('',(0.,1.,-1.2));
#6689 = CARTESIAN_POINT('',(0.57735026919,1.,-1.233333333333));
#6690 = CARTESIAN_POINT('',(0.866025403784,0.5,-1.266666666667));
#6691 = CARTESIAN_POINT('',(1.154700538379,-2.218170276263E-15,-1.3));
#6692 = CARTESIAN_POINT('',(0.866025403784,-0.5,-1.333333333333));
#6693 = CARTESIAN_POINT('',(0.57735026919,-1.,-1.366666666667));
#6694 = CARTESIAN_POINT('',(-1.224646799147E-16,-1.,-1.4));
#6695 = ORIENTED_EDGE('',*,*,#6696,.T.);
#6696 = EDGE_CURVE('',#6683,#6697,#6699,.T.);
#6697 = VERTEX_POINT('',#6698);
#6698 = CARTESIAN_POINT('',(0.,1.,-1.15));
#6699 = LINE('',#6700,#6701);
#6700 = CARTESIAN_POINT('',(1.224646799147E-16,1.,5.3));
#6701 = VECTOR('',#6702,1.);
#6702 = DIRECTION('',(-0.,6.054590893736E-18,1.));
#6703 = ORIENTED_EDGE('',*,*,#6704,.F.);
#6704 = EDGE_CURVE('',#6705,#6697,#6707,.T.);
#6705 = VERTEX_POINT('',#6706);
#6706 = CARTESIAN_POINT('',(-1.224646799147E-16,-1.,-1.35));
#6707 = ( BOUNDED_CURVE() B_SPLINE_CURVE(2,(#6708,#6709,#6710,#6711,
#6712,#6713,#6714),.UNSPECIFIED.,.F.,.F.) B_SPLINE_CURVE_WITH_KNOTS((3,2
    ,2,3),(0.3,0.306666666667,0.313333333333,0.32),
.PIECEWISE_BEZIER_KNOTS.) CURVE() GEOMETRIC_REPRESENTATION_ITEM() 
RATIONAL_B_SPLINE_CURVE((1.,0.866025403784,1.,0.866025403784,1.,
0.866025403784,1.)) REPRESENTATION_ITEM('') );
#6708 = CARTESIAN_POINT('',(-1.224646799147E-16,-1.,-1.35));
#6709 = CARTESIAN_POINT('',(0.57735026919,-1.,-1.316666666667));
#6710 = CARTESIAN_POINT('',(0.866025403784,-0.5,-1.283333333333));
#6711 = CARTESIAN_POINT('',(1.154700538379,-2.218170276263E-15,-1.25));
#6712 = CARTESIAN_POINT('',(0.866025403784,0.5,-1.216666666667));
#6713 = CARTESIAN_POINT('',(0.57735026919,1.,-1.183333333333));
#6714 = CARTESIAN_POINT('',(0.,1.,-1.15));
#6715 = ORIENTED_EDGE('',*,*,#6716,.F.);
#6716 = EDGE_CURVE('',#6685,#6705,#6717,.T.);
#6717 = LINE('',#6718,#6719);
#6718 = CARTESIAN_POINT('',(0.,-1.,5.3));
#6719 = VECTOR('',#6720,1.);
#6720 = DIRECTION('',(-0.,6.054590893736E-18,1.));
#6721 = CYLINDRICAL_SURFACE('',#6722,1.);
#6722 = AXIS2_PLACEMENT_3D('',#6723,#6724,#6725);
#6723 = CARTESIAN_POINT('',(0.,-1.951563910474E-15,5.3));
#6724 = DIRECTION('',(-0.,6.054590893736E-18,1.));
#6725 = DIRECTION('',(0.,-1.,6.054590893736E-18));
#6726 = ADVANCED_FACE('',(#6727),#6769,.T.);
#6727 = FACE_BOUND('',#6728,.T.);
#6728 = EDGE_LOOP('',(#6729,#6743,#6751,#6763));
#6729 = ORIENTED_EDGE('',*,*,#6730,.F.);
#6730 = EDGE_CURVE('',#6731,#6733,#6735,.T.);
#6731 = VERTEX_POINT('',#6732);
#6732 = CARTESIAN_POINT('',(0.,1.,-0.8));
#6733 = VERTEX_POINT('',#6734);
#6734 = CARTESIAN_POINT('',(-1.224646799147E-16,-1.,-1.));
#6735 = ( BOUNDED_CURVE() B_SPLINE_CURVE(2,(#6736,#6737,#6738,#6739,
#6740,#6741,#6742),.UNSPECIFIED.,.F.,.F.) B_SPLINE_CURVE_WITH_KNOTS((3,2
    ,2,3),(0.68,0.686666666667,0.693333333333,0.7),
.PIECEWISE_BEZIER_KNOTS.) CURVE() GEOMETRIC_REPRESENTATION_ITEM() 
RATIONAL_B_SPLINE_CURVE((1.,0.866025403784,1.,0.866025403784,1.,
0.866025403784,1.)) REPRESENTATION_ITEM('') );
#6736 = CARTESIAN_POINT('',(0.,1.,-0.8));
#6737 = CARTESIAN_POINT('',(0.57735026919,1.,-0.833333333333));
#6738 = CARTESIAN_POINT('',(0.866025403784,0.5,-0.866666666667));
#6739 = CARTESIAN_POINT('',(1.154700538379,-2.218170276263E-15,-0.9));
#6740 = CARTESIAN_POINT('',(0.866025403784,-0.5,-0.933333333333));
#6741 = CARTESIAN_POINT('',(0.57735026919,-1.,-0.966666666667));
#6742 = CARTESIAN_POINT('',(-1.224646799147E-16,-1.,-1.));
#6743 = ORIENTED_EDGE('',*,*,#6744,.T.);
#6744 = EDGE_CURVE('',#6731,#6745,#6747,.T.);
#6745 = VERTEX_POINT('',#6746);
#6746 = CARTESIAN_POINT('',(0.,1.,-0.75));
#6747 = LINE('',#6748,#6749);
#6748 = CARTESIAN_POINT('',(1.224646799147E-16,1.,5.3));
#6749 = VECTOR('',#6750,1.);
#6750 = DIRECTION('',(-0.,6.054590893736E-18,1.));
#6751 = ORIENTED_EDGE('',*,*,#6752,.F.);
#6752 = EDGE_CURVE('',#6753,#6745,#6755,.T.);
#6753 = VERTEX_POINT('',#6754);
#6754 = CARTESIAN_POINT('',(-1.224646799147E-16,-1.,-0.95));
#6755 = ( BOUNDED_CURVE() B_SPLINE_CURVE(2,(#6756,#6757,#6758,#6759,
#6760,#6761,#6762),.UNSPECIFIED.,.F.,.F.) B_SPLINE_CURVE_WITH_KNOTS((3,2
    ,2,3),(0.34,0.346666666667,0.353333333333,0.36),
.PIECEWISE_BEZIER_KNOTS.) CURVE() GEOMETRIC_REPRESENTATION_ITEM() 
RATIONAL_B_SPLINE_CURVE((1.,0.866025403784,1.,0.866025403784,1.,
0.866025403784,1.)) REPRESENTATION_ITEM('') );
#6756 = CARTESIAN_POINT('',(-1.224646799147E-16,-1.,-0.95));
#6757 = CARTESIAN_POINT('',(0.57735026919,-1.,-0.916666666667));
#6758 = CARTESIAN_POINT('',(0.866025403784,-0.5,-0.883333333333));
#6759 = CARTESIAN_POINT('',(1.154700538379,-2.218170276263E-15,-0.85));
#6760 = CARTESIAN_POINT('',(0.866025403784,0.5,-0.816666666667));
#6761 = CARTESIAN_POINT('',(0.57735026919,1.,-0.783333333333));
#6762 = CARTESIAN_POINT('',(0.,1.,-0.75));
#6763 = ORIENTED_EDGE('',*,*,#6764,.F.);
#6764 = EDGE_CURVE('',#6733,#6753,#6765,.T.);
#6765 = LINE('',#6766,#6767);
#6766 = CARTESIAN_POINT('',(0.,-1.,5.3));
#6767 = VECTOR('',#6768,1.);
#6768 = DIRECTION('',(-0.,6.054590893736E-18,1.));
#6769 = CYLINDRICAL_SURFACE('',#6770,1.);
#6770 = AXIS2_PLACEMENT_3D('',#6771,#6772,#6773);
#6771 = CARTESIAN_POINT('',(0.,-1.951563910474E-15,5.3));
#6772 = DIRECTION('',(-0.,6.054590893736E-18,1.));
#6773 = DIRECTION('',(0.,-1.,6.054590893736E-18));
#6774 = ADVANCED_FACE('',(#6775),#6817,.T.);
#6775 = FACE_BOUND('',#6776,.T.);
#6776 = EDGE_LOOP('',(#6777,#6791,#6799,#6811));
#6777 = ORIENTED_EDGE('',*,*,#6778,.F.);
#6778 = EDGE_CURVE('',#6779,#6781,#6783,.T.);
#6779 = VERTEX_POINT('',#6780);
#6780 = CARTESIAN_POINT('',(0.,1.,-0.4));
#6781 = VERTEX_POINT('',#6782);
#6782 = CARTESIAN_POINT('',(-1.224646799147E-16,-1.,-0.6));
#6783 = ( BOUNDED_CURVE() B_SPLINE_CURVE(2,(#6784,#6785,#6786,#6787,
#6788,#6789,#6790),.UNSPECIFIED.,.F.,.F.) B_SPLINE_CURVE_WITH_KNOTS((3,2
    ,2,3),(0.64,0.646666666667,0.653333333333,0.66),
.PIECEWISE_BEZIER_KNOTS.) CURVE() GEOMETRIC_REPRESENTATION_ITEM() 
RATIONAL_B_SPLINE_CURVE((1.,0.866025403784,1.,0.866025403784,1.,
0.866025403784,1.)) REPRESENTATION_ITEM('') );
#6784 = CARTESIAN_POINT('',(0.,1.,-0.4));
#6785 = CARTESIAN_POINT('',(0.57735026919,1.,-0.433333333333));
#6786 = CARTESIAN_POINT('',(0.866025403784,0.5,-0.466666666667));
#6787 = CARTESIAN_POINT('',(1.154700538379,-2.218170276263E-15,-0.5));
#6788 = CARTESIAN_POINT('',(0.866025403784,-0.5,-0.533333333333));
#6789 = CARTESIAN_POINT('',(0.57735026919,-1.,-0.566666666667));
#6790 = CARTESIAN_POINT('',(-1.224646799147E-16,-1.,-0.6));
#6791 = ORIENTED_EDGE('',*,*,#6792,.T.);
#6792 = EDGE_CURVE('',#6779,#6793,#6795,.T.);
#6793 = VERTEX_POINT('',#6794);
#6794 = CARTESIAN_POINT('',(0.,1.,-0.35));
#6795 = LINE('',#6796,#6797);
#6796 = CARTESIAN_POINT('',(1.224646799147E-16,1.,5.3));
#6797 = VECTOR('',#6798,1.);
#6798 = DIRECTION('',(-0.,6.054590893736E-18,1.));
#6799 = ORIENTED_EDGE('',*,*,#6800,.F.);
#6800 = EDGE_CURVE('',#6801,#6793,#6803,.T.);
#6801 = VERTEX_POINT('',#6802);
#6802 = CARTESIAN_POINT('',(-1.224646799147E-16,-1.,-0.55));
#6803 = ( BOUNDED_CURVE() B_SPLINE_CURVE(2,(#6804,#6805,#6806,#6807,
#6808,#6809,#6810),.UNSPECIFIED.,.F.,.F.) B_SPLINE_CURVE_WITH_KNOTS((3,2
    ,2,3),(0.38,0.386666666667,0.393333333333,0.4),
.PIECEWISE_BEZIER_KNOTS.) CURVE() GEOMETRIC_REPRESENTATION_ITEM() 
RATIONAL_B_SPLINE_CURVE((1.,0.866025403784,1.,0.866025403784,1.,
0.866025403784,1.)) REPRESENTATION_ITEM('') );
#6804 = CARTESIAN_POINT('',(-1.224646799147E-16,-1.,-0.55));
#6805 = CARTESIAN_POINT('',(0.57735026919,-1.,-0.516666666667));
#6806 = CARTESIAN_POINT('',(0.866025403784,-0.5,-0.483333333333));
#6807 = CARTESIAN_POINT('',(1.154700538379,-2.218170276263E-15,-0.45));
#6808 = CARTESIAN_POINT('',(0.866025403784,0.5,-0.416666666667));
#6809 = CARTESIAN_POINT('',(0.57735026919,1.,-0.383333333333));
#6810 = CARTESIAN_POINT('',(0.,1.,-0.35));
#6811 = ORIENTED_EDGE('',*,*,#6812,.F.);
#6812 = EDGE_CURVE('',#6781,#6801,#6813,.T.);
#6813 = LINE('',#6814,#6815);
#6814 = CARTESIAN_POINT('',(0.,-1.,5.3));
#6815 = VECTOR('',#6816,1.);
#6816 = DIRECTION('',(-0.,6.054590893736E-18,1.));
#6817 = CYLINDRICAL_SURFACE('',#6818,1.);
#6818 = AXIS2_PLACEMENT_3D('',#6819,#6820,#6821);
#6819 = CARTESIAN_POINT('',(0.,-1.951563910474E-15,5.3));
#6820 = DIRECTION('',(-0.,6.054590893736E-18,1.));
#6821 = DIRECTION('',(0.,-1.,6.054590893736E-18));
#6822 = ADVANCED_FACE('',(#6823),#6865,.T.);
#6823 = FACE_BOUND('',#6824,.T.);
#6824 = EDGE_LOOP('',(#6825,#6839,#6847,#6859));
#6825 = ORIENTED_EDGE('',*,*,#6826,.F.);
#6826 = EDGE_CURVE('',#6827,#6829,#6831,.T.);
#6827 = VERTEX_POINT('',#6828);
#6828 = CARTESIAN_POINT('',(0.,1.,-9.669728125855E-15));
#6829 = VERTEX_POINT('',#6830);
#6830 = CARTESIAN_POINT('',(-1.224646799147E-16,-1.,-0.2));
#6831 = ( BOUNDED_CURVE() B_SPLINE_CURVE(2,(#6832,#6833,#6834,#6835,
#6836,#6837,#6838),.UNSPECIFIED.,.F.,.F.) B_SPLINE_CURVE_WITH_KNOTS((3,2
    ,2,3),(0.6,0.606666666667,0.613333333333,0.62),
.PIECEWISE_BEZIER_KNOTS.) CURVE() GEOMETRIC_REPRESENTATION_ITEM() 
RATIONAL_B_SPLINE_CURVE((1.,0.866025403784,1.,0.866025403784,1.,
0.866025403784,1.)) REPRESENTATION_ITEM('') );
#6832 = CARTESIAN_POINT('',(0.,1.,-9.669728125855E-15));
#6833 = CARTESIAN_POINT('',(0.57735026919,1.,-3.333333333334E-02));
#6834 = CARTESIAN_POINT('',(0.866025403784,0.5,-6.666666666668E-02));
#6835 = CARTESIAN_POINT('',(1.154700538379,-2.218170276263E-15,-0.1));
#6836 = CARTESIAN_POINT('',(0.866025403784,-0.5,-0.133333333333));
#6837 = CARTESIAN_POINT('',(0.57735026919,-1.,-0.166666666667));
#6838 = CARTESIAN_POINT('',(-1.224646799147E-16,-1.,-0.2));
#6839 = ORIENTED_EDGE('',*,*,#6840,.T.);
#6840 = EDGE_CURVE('',#6827,#6841,#6843,.T.);
#6841 = VERTEX_POINT('',#6842);
#6842 = CARTESIAN_POINT('',(0.,1.,4.999999999998E-02));
#6843 = LINE('',#6844,#6845);
#6844 = CARTESIAN_POINT('',(1.224646799147E-16,1.,5.3));
#6845 = VECTOR('',#6846,1.);
#6846 = DIRECTION('',(-0.,6.054590893736E-18,1.));
#6847 = ORIENTED_EDGE('',*,*,#6848,.F.);
#6848 = EDGE_CURVE('',#6849,#6841,#6851,.T.);
#6849 = VERTEX_POINT('',#6850);
#6850 = CARTESIAN_POINT('',(-1.224646799147E-16,-1.,-0.15));
#6851 = ( BOUNDED_CURVE() B_SPLINE_CURVE(2,(#6852,#6853,#6854,#6855,
#6856,#6857,#6858),.UNSPECIFIED.,.F.,.F.) B_SPLINE_CURVE_WITH_KNOTS((3,2
    ,2,3),(0.42,0.426666666667,0.433333333333,0.44),
.PIECEWISE_BEZIER_KNOTS.) CURVE() GEOMETRIC_REPRESENTATION_ITEM() 
RATIONAL_B_SPLINE_CURVE((1.,0.866025403784,1.,0.866025403784,1.,
0.866025403784,1.)) REPRESENTATION_ITEM('') );
#6852 = CARTESIAN_POINT('',(-1.224646799147E-16,-1.,-0.15));
#6853 = CARTESIAN_POINT('',(0.57735026919,-1.,-0.116666666667));
#6854 = CARTESIAN_POINT('',(0.866025403784,-0.5,-8.333333333335E-02));
#6855 = CARTESIAN_POINT('',(1.154700538379,-2.218170276263E-15,
    -5.000000000002E-02));
#6856 = CARTESIAN_POINT('',(0.866025403784,0.5,-1.666666666669E-02));
#6857 = CARTESIAN_POINT('',(0.57735026919,1.,1.666666666665E-02));
#6858 = CARTESIAN_POINT('',(0.,1.,4.999999999998E-02));
#6859 = ORIENTED_EDGE('',*,*,#6860,.F.);
#6860 = EDGE_CURVE('',#6829,#6849,#6861,.T.);
#6861 = LINE('',#6862,#6863);
#6862 = CARTESIAN_POINT('',(0.,-1.,5.3));
#6863 = VECTOR('',#6864,1.);
#6864 = DIRECTION('',(-0.,6.054590893736E-18,1.));
#6865 = CYLINDRICAL_SURFACE('',#6866,1.);
#6866 = AXIS2_PLACEMENT_3D('',#6867,#6868,#6869);
#6867 = CARTESIAN_POINT('',(0.,-1.951563910474E-15,5.3));
#6868 = DIRECTION('',(-0.,6.054590893736E-18,1.));
#6869 = DIRECTION('',(0.,-1.,6.054590893736E-18));
#6870 = ADVANCED_FACE('',(#6871),#6913,.T.);
#6871 = FACE_BOUND('',#6872,.T.);
#6872 = EDGE_LOOP('',(#6873,#6887,#6895,#6907));
#6873 = ORIENTED_EDGE('',*,*,#6874,.F.);
#6874 = EDGE_CURVE('',#6875,#6877,#6879,.T.);
#6875 = VERTEX_POINT('',#6876);
#6876 = CARTESIAN_POINT('',(0.,1.,0.4));
#6877 = VERTEX_POINT('',#6878);
#6878 = CARTESIAN_POINT('',(-1.224646799147E-16,-1.,0.2));
#6879 = ( BOUNDED_CURVE() B_SPLINE_CURVE(2,(#6880,#6881,#6882,#6883,
#6884,#6885,#6886),.UNSPECIFIED.,.F.,.F.) B_SPLINE_CURVE_WITH_KNOTS((3,2
    ,2,3),(0.56,0.566666666667,0.573333333333,0.58),
.PIECEWISE_BEZIER_KNOTS.) CURVE() GEOMETRIC_REPRESENTATION_ITEM() 
RATIONAL_B_SPLINE_CURVE((1.,0.866025403784,1.,0.866025403784,1.,
0.866025403784,1.)) REPRESENTATION_ITEM('') );
#6880 = CARTESIAN_POINT('',(0.,1.,0.4));
#6881 = CARTESIAN_POINT('',(0.57735026919,1.,0.366666666667));
#6882 = CARTESIAN_POINT('',(0.866025403784,0.5,0.333333333333));
#6883 = CARTESIAN_POINT('',(1.154700538379,-2.218170276263E-15,0.3));
#6884 = CARTESIAN_POINT('',(0.866025403784,-0.5,0.266666666667));
#6885 = CARTESIAN_POINT('',(0.57735026919,-1.,0.233333333333));
#6886 = CARTESIAN_POINT('',(-1.224646799147E-16,-1.,0.2));
#6887 = ORIENTED_EDGE('',*,*,#6888,.T.);
#6888 = EDGE_CURVE('',#6875,#6889,#6891,.T.);
#6889 = VERTEX_POINT('',#6890);
#6890 = CARTESIAN_POINT('',(0.,1.,0.45));
#6891 = LINE('',#6892,#6893);
#6892 = CARTESIAN_POINT('',(1.224646799147E-16,1.,5.3));
#6893 = VECTOR('',#6894,1.);
#6894 = DIRECTION('',(-0.,6.054590893736E-18,1.));
#6895 = ORIENTED_EDGE('',*,*,#6896,.F.);
#6896 = EDGE_CURVE('',#6897,#6889,#6899,.T.);
#6897 = VERTEX_POINT('',#6898);
#6898 = CARTESIAN_POINT('',(-1.224646799147E-16,-1.,0.25));
#6899 = ( BOUNDED_CURVE() B_SPLINE_CURVE(2,(#6900,#6901,#6902,#6903,
#6904,#6905,#6906),.UNSPECIFIED.,.F.,.F.) B_SPLINE_CURVE_WITH_KNOTS((3,2
    ,2,3),(0.46,0.466666666667,0.473333333333,0.48),
.PIECEWISE_BEZIER_KNOTS.) CURVE() GEOMETRIC_REPRESENTATION_ITEM() 
RATIONAL_B_SPLINE_CURVE((1.,0.866025403784,1.,0.866025403784,1.,
0.866025403784,1.)) REPRESENTATION_ITEM('') );
#6900 = CARTESIAN_POINT('',(-1.224646799147E-16,-1.,0.25));
#6901 = CARTESIAN_POINT('',(0.57735026919,-1.,0.283333333333));
#6902 = CARTESIAN_POINT('',(0.866025403784,-0.5,0.316666666667));
#6903 = CARTESIAN_POINT('',(1.154700538379,-2.218170276263E-15,0.35));
#6904 = CARTESIAN_POINT('',(0.866025403784,0.5,0.383333333333));
#6905 = CARTESIAN_POINT('',(0.57735026919,1.,0.416666666667));
#6906 = CARTESIAN_POINT('',(0.,1.,0.45));
#6907 = ORIENTED_EDGE('',*,*,#6908,.F.);
#6908 = EDGE_CURVE('',#6877,#6897,#6909,.T.);
#6909 = LINE('',#6910,#6911);
#6910 = CARTESIAN_POINT('',(0.,-1.,5.3));
#6911 = VECTOR('',#6912,1.);
#6912 = DIRECTION('',(-0.,6.054590893736E-18,1.));
#6913 = CYLINDRICAL_SURFACE('',#6914,1.);
#6914 = AXIS2_PLACEMENT_3D('',#6915,#6916,#6917);
#6915 = CARTESIAN_POINT('',(0.,-1.951563910474E-15,5.3));
#6916 = DIRECTION('',(-0.,6.054590893736E-18,1.));
#6917 = DIRECTION('',(0.,-1.,6.054590893736E-18));
#6918 = ADVANCED_FACE('',(#6919),#6961,.T.);
#6919 = FACE_BOUND('',#6920,.T.);
#6920 = EDGE_LOOP('',(#6921,#6935,#6943,#6955));
#6921 = ORIENTED_EDGE('',*,*,#6922,.F.);
#6922 = EDGE_CURVE('',#6923,#6925,#6927,.T.);
#6923 = VERTEX_POINT('',#6924);
#6924 = CARTESIAN_POINT('',(0.,1.,0.8));
#6925 = VERTEX_POINT('',#6926);
#6926 = CARTESIAN_POINT('',(-1.224646799147E-16,-1.,0.6));
#6927 = ( BOUNDED_CURVE() B_SPLINE_CURVE(2,(#6928,#6929,#6930,#6931,
#6932,#6933,#6934),.UNSPECIFIED.,.F.,.F.) B_SPLINE_CURVE_WITH_KNOTS((3,2
    ,2,3),(0.52,0.526666666667,0.533333333333,0.54),
.PIECEWISE_BEZIER_KNOTS.) CURVE() GEOMETRIC_REPRESENTATION_ITEM() 
RATIONAL_B_SPLINE_CURVE((1.,0.866025403784,1.,0.866025403784,1.,
0.866025403784,1.)) REPRESENTATION_ITEM('') );
#6928 = CARTESIAN_POINT('',(0.,1.,0.8));
#6929 = CARTESIAN_POINT('',(0.57735026919,1.,0.766666666667));
#6930 = CARTESIAN_POINT('',(0.866025403784,0.5,0.733333333333));
#6931 = CARTESIAN_POINT('',(1.154700538379,-2.218170276263E-15,0.7));
#6932 = CARTESIAN_POINT('',(0.866025403784,-0.5,0.666666666667));
#6933 = CARTESIAN_POINT('',(0.57735026919,-1.,0.633333333333));
#6934 = CARTESIAN_POINT('',(-1.224646799147E-16,-1.,0.6));
#6935 = ORIENTED_EDGE('',*,*,#6936,.T.);
#6936 = EDGE_CURVE('',#6923,#6937,#6939,.T.);
#6937 = VERTEX_POINT('',#6938);
#6938 = CARTESIAN_POINT('',(0.,1.,0.85));
#6939 = LINE('',#6940,#6941);
#6940 = CARTESIAN_POINT('',(1.224646799147E-16,1.,5.3));
#6941 = VECTOR('',#6942,1.);
#6942 = DIRECTION('',(-0.,6.054590893736E-18,1.));
#6943 = ORIENTED_EDGE('',*,*,#6944,.F.);
#6944 = EDGE_CURVE('',#6945,#6937,#6947,.T.);
#6945 = VERTEX_POINT('',#6946);
#6946 = CARTESIAN_POINT('',(-1.224646799147E-16,-1.,0.65));
#6947 = ( BOUNDED_CURVE() B_SPLINE_CURVE(2,(#6948,#6949,#6950,#6951,
#6952,#6953,#6954),.UNSPECIFIED.,.F.,.F.) B_SPLINE_CURVE_WITH_KNOTS((3,2
    ,2,3),(0.5,0.506666666667,0.513333333333,0.52),
.PIECEWISE_BEZIER_KNOTS.) CURVE() GEOMETRIC_REPRESENTATION_ITEM() 
RATIONAL_B_SPLINE_CURVE((1.,0.866025403784,1.,0.866025403784,1.,
0.866025403784,1.)) REPRESENTATION_ITEM('') );
#6948 = CARTESIAN_POINT('',(-1.224646799147E-16,-1.,0.65));
#6949 = CARTESIAN_POINT('',(0.57735026919,-1.,0.683333333333));
#6950 = CARTESIAN_POINT('',(0.866025403784,-0.5,0.716666666667));
#6951 = CARTESIAN_POINT('',(1.154700538379,-2.218170276263E-15,0.75));
#6952 = CARTESIAN_POINT('',(0.866025403784,0.5,0.783333333333));
#6953 = CARTESIAN_POINT('',(0.57735026919,1.,0.816666666667));
#6954 = CARTESIAN_POINT('',(0.,1.,0.85));
#6955 = ORIENTED_EDGE('',*,*,#6956,.F.);
#6956 = EDGE_CURVE('',#6925,#6945,#6957,.T.);
#6957 = LINE('',#6958,#6959);
#6958 = CARTESIAN_POINT('',(0.,-1.,5.3));
#6959 = VECTOR('',#6960,1.);
#6960 = DIRECTION('',(-0.,6.054590893736E-18,1.));
#6961 = CYLINDRICAL_SURFACE('',#6962,1.);
#6962 = AXIS2_PLACEMENT_3D('',#6963,#6964,#6965);
#6963 = CARTESIAN_POINT('',(0.,-1.951563910474E-15,5.3));
#6964 = DIRECTION('',(-0.,6.054590893736E-18,1.));
#6965 = DIRECTION('',(0.,-1.,6.054590893736E-18));
#6966 = ADVANCED_FACE('',(#6967),#7009,.T.);
#6967 = FACE_BOUND('',#6968,.T.);
#6968 = EDGE_LOOP('',(#6969,#6983,#6991,#7003));
#6969 = ORIENTED_EDGE('',*,*,#6970,.F.);
#6970 = EDGE_CURVE('',#6971,#6973,#6975,.T.);
#6971 = VERTEX_POINT('',#6972);
#6972 = CARTESIAN_POINT('',(0.,1.,1.2));
#6973 = VERTEX_POINT('',#6974);
#6974 = CARTESIAN_POINT('',(-1.224646799147E-16,-1.,1.));
#6975 = ( BOUNDED_CURVE() B_SPLINE_CURVE(2,(#6976,#6977,#6978,#6979,
#6980,#6981,#6982),.UNSPECIFIED.,.F.,.F.) B_SPLINE_CURVE_WITH_KNOTS((3,2
    ,2,3),(0.48,0.486666666667,0.493333333333,0.5),
.PIECEWISE_BEZIER_KNOTS.) CURVE() GEOMETRIC_REPRESENTATION_ITEM() 
RATIONAL_B_SPLINE_CURVE((1.,0.866025403784,1.,0.866025403784,1.,
0.866025403784,1.)) REPRESENTATION_ITEM('') );
#6976 = CARTESIAN_POINT('',(0.,1.,1.2));
#6977 = CARTESIAN_POINT('',(0.57735026919,1.,1.166666666667));
#6978 = CARTESIAN_POINT('',(0.866025403784,0.5,1.133333333333));
#6979 = CARTESIAN_POINT('',(1.154700538379,-2.218170276263E-15,1.1));
#6980 = CARTESIAN_POINT('',(0.866025403784,-0.5,1.066666666667));
#6981 = CARTESIAN_POINT('',(0.57735026919,-1.,1.033333333333));
#6982 = CARTESIAN_POINT('',(-1.224646799147E-16,-1.,1.));
#6983 = ORIENTED_EDGE('',*,*,#6984,.T.);
#6984 = EDGE_CURVE('',#6971,#6985,#6987,.T.);
#6985 = VERTEX_POINT('',#6986);
#6986 = CARTESIAN_POINT('',(0.,1.,1.25));
#6987 = LINE('',#6988,#6989);
#6988 = CARTESIAN_POINT('',(1.224646799147E-16,1.,5.3));
#6989 = VECTOR('',#6990,1.);
#6990 = DIRECTION('',(-0.,6.054590893736E-18,1.));
#6991 = ORIENTED_EDGE('',*,*,#6992,.F.);
#6992 = EDGE_CURVE('',#6993,#6985,#6995,.T.);
#6993 = VERTEX_POINT('',#6994);
#6994 = CARTESIAN_POINT('',(-1.224646799147E-16,-1.,1.05));
#6995 = ( BOUNDED_CURVE() B_SPLINE_CURVE(2,(#6996,#6997,#6998,#6999,
#7000,#7001,#7002),.UNSPECIFIED.,.F.,.F.) B_SPLINE_CURVE_WITH_KNOTS((3,2
    ,2,3),(0.54,0.546666666667,0.553333333333,0.56),
.PIECEWISE_BEZIER_KNOTS.) CURVE() GEOMETRIC_REPRESENTATION_ITEM() 
RATIONAL_B_SPLINE_CURVE((1.,0.866025403784,1.,0.866025403784,1.,
0.866025403784,1.)) REPRESENTATION_ITEM('') );
#6996 = CARTESIAN_POINT('',(-1.224646799147E-16,-1.,1.05));
#6997 = CARTESIAN_POINT('',(0.57735026919,-1.,1.083333333333));
#6998 = CARTESIAN_POINT('',(0.866025403784,-0.5,1.116666666667));
#6999 = CARTESIAN_POINT('',(1.154700538379,-2.218170276263E-15,1.15));
#7000 = CARTESIAN_POINT('',(0.866025403784,0.5,1.183333333333));
#7001 = CARTESIAN_POINT('',(0.57735026919,1.,1.216666666667));
#7002 = CARTESIAN_POINT('',(0.,1.,1.25));
#7003 = ORIENTED_EDGE('',*,*,#7004,.F.);
#7004 = EDGE_CURVE('',#6973,#6993,#7005,.T.);
#7005 = LINE('',#7006,#7007);
#7006 = CARTESIAN_POINT('',(0.,-1.,5.3));
#7007 = VECTOR('',#7008,1.);
#7008 = DIRECTION('',(-0.,6.054590893736E-18,1.));
#7009 = CYLINDRICAL_SURFACE('',#7010,1.);
#7010 = AXIS2_PLACEMENT_3D('',#7011,#7012,#7013);
#7011 = CARTESIAN_POINT('',(0.,-1.951563910474E-15,5.3));
#7012 = DIRECTION('',(-0.,6.054590893736E-18,1.));
#7013 = DIRECTION('',(0.,-1.,6.054590893736E-18));
#7014 = ADVANCED_FACE('',(#7015),#7057,.T.);
#7015 = FACE_BOUND('',#7016,.T.);
#7016 = EDGE_LOOP('',(#7017,#7031,#7039,#7051));
#7017 = ORIENTED_EDGE('',*,*,#7018,.F.);
#7018 = EDGE_CURVE('',#7019,#7021,#7023,.T.);
#7019 = VERTEX_POINT('',#7020);
#7020 = CARTESIAN_POINT('',(0.,1.,1.6));
#7021 = VERTEX_POINT('',#7022);
#7022 = CARTESIAN_POINT('',(-1.224646799147E-16,-1.,1.4));
#7023 = ( BOUNDED_CURVE() B_SPLINE_CURVE(2,(#7024,#7025,#7026,#7027,
#7028,#7029,#7030),.UNSPECIFIED.,.F.,.F.) B_SPLINE_CURVE_WITH_KNOTS((3,2
,2,3),(0.44,0.446666666667,0.453333333333,0.46),.UNSPECIFIED.) CURVE() 
GEOMETRIC_REPRESENTATION_ITEM() RATIONAL_B_SPLINE_CURVE((1.,
    0.866025403784,1.,0.866025403784,1.,0.866025403784,1.)) 
REPRESENTATION_ITEM('') );
#7024 = CARTESIAN_POINT('',(0.,1.,1.6));
#7025 = CARTESIAN_POINT('',(0.57735026919,1.,1.566666666667));
#7026 = CARTESIAN_POINT('',(0.866025403784,0.5,1.533333333333));
#7027 = CARTESIAN_POINT('',(1.154700538379,-2.218170276263E-15,1.5));
#7028 = CARTESIAN_POINT('',(0.866025403784,-0.5,1.466666666667));
#7029 = CARTESIAN_POINT('',(0.57735026919,-1.,1.433333333333));
#7030 = CARTESIAN_POINT('',(-1.224646799147E-16,-1.,1.4));
#7031 = ORIENTED_EDGE('',*,*,#7032,.T.);
#7032 = EDGE_CURVE('',#7019,#7033,#7035,.T.);
#7033 = VERTEX_POINT('',#7034);
#7034 = CARTESIAN_POINT('',(0.,1.,1.65));
#7035 = LINE('',#7036,#7037);
#7036 = CARTESIAN_POINT('',(1.224646799147E-16,1.,5.3));
#7037 = VECTOR('',#7038,1.);
#7038 = DIRECTION('',(-0.,6.054590893736E-18,1.));
#7039 = ORIENTED_EDGE('',*,*,#7040,.F.);
#7040 = EDGE_CURVE('',#7041,#7033,#7043,.T.);
#7041 = VERTEX_POINT('',#7042);
#7042 = CARTESIAN_POINT('',(-1.224646799147E-16,-1.,1.45));
#7043 = ( BOUNDED_CURVE() B_SPLINE_CURVE(2,(#7044,#7045,#7046,#7047,
#7048,#7049,#7050),.UNSPECIFIED.,.F.,.F.) B_SPLINE_CURVE_WITH_KNOTS((3,2
    ,2,3),(0.58,0.586666666667,0.593333333333,0.6),
.PIECEWISE_BEZIER_KNOTS.) CURVE() GEOMETRIC_REPRESENTATION_ITEM() 
RATIONAL_B_SPLINE_CURVE((1.,0.866025403784,1.,0.866025403784,1.,
0.866025403784,1.)) REPRESENTATION_ITEM('') );
#7044 = CARTESIAN_POINT('',(-1.224646799147E-16,-1.,1.45));
#7045 = CARTESIAN_POINT('',(0.57735026919,-1.,1.483333333333));
#7046 = CARTESIAN_POINT('',(0.866025403784,-0.5,1.516666666667));
#7047 = CARTESIAN_POINT('',(1.154700538379,-2.218170276263E-15,1.55));
#7048 = CARTESIAN_POINT('',(0.866025403784,0.5,1.583333333333));
#7049 = CARTESIAN_POINT('',(0.57735026919,1.,1.616666666667));
#7050 = CARTESIAN_POINT('',(0.,1.,1.65));
#7051 = ORIENTED_EDGE('',*,*,#7052,.F.);
#7052 = EDGE_CURVE('',#7021,#7041,#7053,.T.);
#7053 = LINE('',#7054,#7055);
#7054 = CARTESIAN_POINT('',(0.,-1.,5.3));
#7055 = VECTOR('',#7056,1.);
#7056 = DIRECTION('',(-0.,6.054590893736E-18,1.));
#7057 = CYLINDRICAL_SURFACE('',#7058,1.);
#7058 = AXIS2_PLACEMENT_3D('',#7059,#7060,#7061);
#7059 = CARTESIAN_POINT('',(0.,-1.951563910474E-15,5.3));
#7060 = DIRECTION('',(-0.,6.054590893736E-18,1.));
#7061 = DIRECTION('',(0.,-1.,6.054590893736E-18));
#7062 = ADVANCED_FACE('',(#7063),#7105,.T.);
#7063 = FACE_BOUND('',#7064,.T.);
#7064 = EDGE_LOOP('',(#7065,#7079,#7087,#7099));
#7065 = ORIENTED_EDGE('',*,*,#7066,.F.);
#7066 = EDGE_CURVE('',#7067,#7069,#7071,.T.);
#7067 = VERTEX_POINT('',#7068);
#7068 = CARTESIAN_POINT('',(0.,1.,2.));
#7069 = VERTEX_POINT('',#7070);
#7070 = CARTESIAN_POINT('',(-1.224646799147E-16,-1.,1.8));
#7071 = ( BOUNDED_CURVE() B_SPLINE_CURVE(2,(#7072,#7073,#7074,#7075,
#7076,#7077,#7078),.UNSPECIFIED.,.F.,.F.) B_SPLINE_CURVE_WITH_KNOTS((3,2
    ,2,3),(0.4,0.406666666667,0.413333333333,0.42),
.PIECEWISE_BEZIER_KNOTS.) CURVE() GEOMETRIC_REPRESENTATION_ITEM() 
RATIONAL_B_SPLINE_CURVE((1.,0.866025403784,1.,0.866025403784,1.,
0.866025403784,1.)) REPRESENTATION_ITEM('') );
#7072 = CARTESIAN_POINT('',(0.,1.,2.));
#7073 = CARTESIAN_POINT('',(0.57735026919,1.,1.966666666667));
#7074 = CARTESIAN_POINT('',(0.866025403784,0.5,1.933333333333));
#7075 = CARTESIAN_POINT('',(1.154700538379,-2.218170276263E-15,1.9));
#7076 = CARTESIAN_POINT('',(0.866025403784,-0.5,1.866666666667));
#7077 = CARTESIAN_POINT('',(0.57735026919,-1.,1.833333333333));
#7078 = CARTESIAN_POINT('',(-1.224646799147E-16,-1.,1.8));
#7079 = ORIENTED_EDGE('',*,*,#7080,.T.);
#7080 = EDGE_CURVE('',#7067,#7081,#7083,.T.);
#7081 = VERTEX_POINT('',#7082);
#7082 = CARTESIAN_POINT('',(0.,1.,2.05));
#7083 = LINE('',#7084,#7085);
#7084 = CARTESIAN_POINT('',(1.224646799147E-16,1.,5.3));
#7085 = VECTOR('',#7086,1.);
#7086 = DIRECTION('',(-0.,6.054590893736E-18,1.));
#7087 = ORIENTED_EDGE('',*,*,#7088,.F.);
#7088 = EDGE_CURVE('',#7089,#7081,#7091,.T.);
#7089 = VERTEX_POINT('',#7090);
#7090 = CARTESIAN_POINT('',(-1.224646799147E-16,-1.,1.85));
#7091 = ( BOUNDED_CURVE() B_SPLINE_CURVE(2,(#7092,#7093,#7094,#7095,
#7096,#7097,#7098),.UNSPECIFIED.,.F.,.F.) B_SPLINE_CURVE_WITH_KNOTS((3,2
    ,2,3),(0.62,0.626666666667,0.633333333333,0.64),
.PIECEWISE_BEZIER_KNOTS.) CURVE() GEOMETRIC_REPRESENTATION_ITEM() 
RATIONAL_B_SPLINE_CURVE((1.,0.866025403784,1.,0.866025403784,1.,
0.866025403784,1.)) REPRESENTATION_ITEM('') );
#7092 = CARTESIAN_POINT('',(-1.224646799147E-16,-1.,1.85));
#7093 = CARTESIAN_POINT('',(0.57735026919,-1.,1.883333333333));
#7094 = CARTESIAN_POINT('',(0.866025403784,-0.5,1.916666666667));
#7095 = CARTESIAN_POINT('',(1.154700538379,-2.218170276263E-15,1.95));
#7096 = CARTESIAN_POINT('',(0.866025403784,0.5,1.983333333333));
#7097 = CARTESIAN_POINT('',(0.57735026919,1.,2.016666666667));
#7098 = CARTESIAN_POINT('',(0.,1.,2.05));
#7099 = ORIENTED_EDGE('',*,*,#7100,.F.);
#7100 = EDGE_CURVE('',#7069,#7089,#7101,.T.);
#7101 = LINE('',#7102,#7103);
#7102 = CARTESIAN_POINT('',(0.,-1.,5.3));
#7103 = VECTOR('',#7104,1.);
#7104 = DIRECTION('',(-0.,6.054590893736E-18,1.));
#7105 = CYLINDRICAL_SURFACE('',#7106,1.);
#7106 = AXIS2_PLACEMENT_3D('',#7107,#7108,#7109);
#7107 = CARTESIAN_POINT('',(0.,-1.951563910474E-15,5.3));
#7108 = DIRECTION('',(-0.,6.054590893736E-18,1.));
#7109 = DIRECTION('',(0.,-1.,6.054590893736E-18));
#7110 = ADVANCED_FACE('',(#7111),#7153,.T.);
#7111 = FACE_BOUND('',#7112,.T.);
#7112 = EDGE_LOOP('',(#7113,#7127,#7135,#7147));
#7113 = ORIENTED_EDGE('',*,*,#7114,.F.);
#7114 = EDGE_CURVE('',#7115,#7117,#7119,.T.);
#7115 = VERTEX_POINT('',#7116);
#7116 = CARTESIAN_POINT('',(0.,1.,2.4));
#7117 = VERTEX_POINT('',#7118);
#7118 = CARTESIAN_POINT('',(-1.224646799147E-16,-1.,2.2));
#7119 = ( BOUNDED_CURVE() B_SPLINE_CURVE(2,(#7120,#7121,#7122,#7123,
#7124,#7125,#7126),.UNSPECIFIED.,.F.,.F.) B_SPLINE_CURVE_WITH_KNOTS((3,2
    ,2,3),(0.36,0.366666666667,0.373333333333,0.38),
.PIECEWISE_BEZIER_KNOTS.) CURVE() GEOMETRIC_REPRESENTATION_ITEM() 
RATIONAL_B_SPLINE_CURVE((1.,0.866025403784,1.,0.866025403784,1.,
0.866025403784,1.)) REPRESENTATION_ITEM('') );
#7120 = CARTESIAN_POINT('',(0.,1.,2.4));
#7121 = CARTESIAN_POINT('',(0.57735026919,1.,2.366666666667));
#7122 = CARTESIAN_POINT('',(0.866025403784,0.5,2.333333333333));
#7123 = CARTESIAN_POINT('',(1.154700538379,-2.218170276263E-15,2.3));
#7124 = CARTESIAN_POINT('',(0.866025403784,-0.5,2.266666666667));
#7125 = CARTESIAN_POINT('',(0.57735026919,-1.,2.233333333333));
#7126 = CARTESIAN_POINT('',(-1.224646799147E-16,-1.,2.2));
#7127 = ORIENTED_EDGE('',*,*,#7128,.T.);
#7128 = EDGE_CURVE('',#7115,#7129,#7131,.T.);
#7129 = VERTEX_POINT('',#7130);
#7130 = CARTESIAN_POINT('',(0.,1.,2.45));
#7131 = LINE('',#7132,#7133);
#7132 = CARTESIAN_POINT('',(1.224646799147E-16,1.,5.3));
#7133 = VECTOR('',#7134,1.);
#7134 = DIRECTION('',(-0.,6.054590893736E-18,1.));
#7135 = ORIENTED_EDGE('',*,*,#7136,.F.);
#7136 = EDGE_CURVE('',#7137,#7129,#7139,.T.);
#7137 = VERTEX_POINT('',#7138);
#7138 = CARTESIAN_POINT('',(-1.224646799147E-16,-1.,2.25));
#7139 = ( BOUNDED_CURVE() B_SPLINE_CURVE(2,(#7140,#7141,#7142,#7143,
#7144,#7145,#7146),.UNSPECIFIED.,.F.,.F.) B_SPLINE_CURVE_WITH_KNOTS((3,2
    ,2,3),(0.66,0.666666666667,0.673333333333,0.68),
.PIECEWISE_BEZIER_KNOTS.) CURVE() GEOMETRIC_REPRESENTATION_ITEM() 
RATIONAL_B_SPLINE_CURVE((1.,0.866025403784,1.,0.866025403784,1.,
0.866025403784,1.)) REPRESENTATION_ITEM('') );
#7140 = CARTESIAN_POINT('',(-1.224646799147E-16,-1.,2.25));
#7141 = CARTESIAN_POINT('',(0.57735026919,-1.,2.283333333333));
#7142 = CARTESIAN_POINT('',(0.866025403784,-0.5,2.316666666667));
#7143 = CARTESIAN_POINT('',(1.154700538379,-2.218170276263E-15,2.35));
#7144 = CARTESIAN_POINT('',(0.866025403784,0.5,2.383333333333));
#7145 = CARTESIAN_POINT('',(0.57735026919,1.,2.416666666667));
#7146 = CARTESIAN_POINT('',(0.,1.,2.45));
#7147 = ORIENTED_EDGE('',*,*,#7148,.F.);
#7148 = EDGE_CURVE('',#7117,#7137,#7149,.T.);
#7149 = LINE('',#7150,#7151);
#7150 = CARTESIAN_POINT('',(0.,-1.,5.3));
#7151 = VECTOR('',#7152,1.);
#7152 = DIRECTION('',(-0.,6.054590893736E-18,1.));
#7153 = CYLINDRICAL_SURFACE('',#7154,1.);
#7154 = AXIS2_PLACEMENT_3D('',#7155,#7156,#7157);
#7155 = CARTESIAN_POINT('',(0.,-1.951563910474E-15,5.3));
#7156 = DIRECTION('',(-0.,6.054590893736E-18,1.));
#7157 = DIRECTION('',(0.,-1.,6.054590893736E-18));
#7158 = ADVANCED_FACE('',(#7159),#7201,.T.);
#7159 = FACE_BOUND('',#7160,.T.);
#7160 = EDGE_LOOP('',(#7161,#7175,#7183,#7195));
#7161 = ORIENTED_EDGE('',*,*,#7162,.F.);
#7162 = EDGE_CURVE('',#7163,#7165,#7167,.T.);
#7163 = VERTEX_POINT('',#7164);
#7164 = CARTESIAN_POINT('',(0.,1.,2.8));
#7165 = VERTEX_POINT('',#7166);
#7166 = CARTESIAN_POINT('',(-1.224646799147E-16,-1.,2.6));
#7167 = ( BOUNDED_CURVE() B_SPLINE_CURVE(2,(#7168,#7169,#7170,#7171,
#7172,#7173,#7174),.UNSPECIFIED.,.F.,.F.) B_SPLINE_CURVE_WITH_KNOTS((3,2
,2,3),(0.32,0.326666666667,0.333333333333,0.34),.UNSPECIFIED.) CURVE() 
GEOMETRIC_REPRESENTATION_ITEM() RATIONAL_B_SPLINE_CURVE((1.,
    0.866025403784,1.,0.866025403784,1.,0.866025403784,1.)) 
REPRESENTATION_ITEM('') );
#7168 = CARTESIAN_POINT('',(0.,1.,2.8));
#7169 = CARTESIAN_POINT('',(0.57735026919,1.,2.766666666667));
#7170 = CARTESIAN_POINT('',(0.866025403784,0.5,2.733333333333));
#7171 = CARTESIAN_POINT('',(1.154700538379,-2.218170276263E-15,2.7));
#7172 = CARTESIAN_POINT('',(0.866025403784,-0.5,2.666666666667));
#7173 = CARTESIAN_POINT('',(0.57735026919,-1.,2.633333333333));
#7174 = CARTESIAN_POINT('',(-1.224646799147E-16,-1.,2.6));
#7175 = ORIENTED_EDGE('',*,*,#7176,.T.);
#7176 = EDGE_CURVE('',#7163,#7177,#7179,.T.);
#7177 = VERTEX_POINT('',#7178);
#7178 = CARTESIAN_POINT('',(0.,1.,2.85));
#7179 = LINE('',#7180,#7181);
#7180 = CARTESIAN_POINT('',(1.224646799147E-16,1.,5.3));
#7181 = VECTOR('',#7182,1.);
#7182 = DIRECTION('',(-0.,6.054590893736E-18,1.));
#7183 = ORIENTED_EDGE('',*,*,#7184,.F.);
#7184 = EDGE_CURVE('',#7185,#7177,#7187,.T.);
#7185 = VERTEX_POINT('',#7186);
#7186 = CARTESIAN_POINT('',(-1.224646799147E-16,-1.,2.65));
#7187 = ( BOUNDED_CURVE() B_SPLINE_CURVE(2,(#7188,#7189,#7190,#7191,
#7192,#7193,#7194),.UNSPECIFIED.,.F.,.F.) B_SPLINE_CURVE_WITH_KNOTS((3,2
    ,2,3),(0.7,0.706666666667,0.713333333333,0.72),
.PIECEWISE_BEZIER_KNOTS.) CURVE() GEOMETRIC_REPRESENTATION_ITEM() 
RATIONAL_B_SPLINE_CURVE((1.,0.866025403784,1.,0.866025403784,1.,
0.866025403784,1.)) REPRESENTATION_ITEM('') );
#7188 = CARTESIAN_POINT('',(-1.224646799147E-16,-1.,2.65));
#7189 = CARTESIAN_POINT('',(0.57735026919,-1.,2.683333333333));
#7190 = CARTESIAN_POINT('',(0.866025403784,-0.5,2.716666666667));
#7191 = CARTESIAN_POINT('',(1.154700538379,-2.218170276263E-15,2.75));
#7192 = CARTESIAN_POINT('',(0.866025403784,0.5,2.783333333333));
#7193 = CARTESIAN_POINT('',(0.57735026919,1.,2.816666666667));
#7194 = CARTESIAN_POINT('',(0.,1.,2.85));
#7195 = ORIENTED_EDGE('',*,*,#7196,.F.);
#7196 = EDGE_CURVE('',#7165,#7185,#7197,.T.);
#7197 = LINE('',#7198,#7199);
#7198 = CARTESIAN_POINT('',(0.,-1.,5.3));
#7199 = VECTOR('',#7200,1.);
#7200 = DIRECTION('',(-0.,6.054590893736E-18,1.));
#7201 = CYLINDRICAL_SURFACE('',#7202,1.);
#7202 = AXIS2_PLACEMENT_3D('',#7203,#7204,#7205);
#7203 = CARTESIAN_POINT('',(0.,-1.951563910474E-15,5.3));
#7204 = DIRECTION('',(-0.,6.054590893736E-18,1.));
#7205 = DIRECTION('',(0.,-1.,6.054590893736E-18));
#7206 = ADVANCED_FACE('',(#7207),#7249,.T.);
#7207 = FACE_BOUND('',#7208,.T.);
#7208 = EDGE_LOOP('',(#7209,#7223,#7231,#7243));
#7209 = ORIENTED_EDGE('',*,*,#7210,.F.);
#7210 = EDGE_CURVE('',#7211,#7213,#7215,.T.);
#7211 = VERTEX_POINT('',#7212);
#7212 = CARTESIAN_POINT('',(0.,1.,3.2));
#7213 = VERTEX_POINT('',#7214);
#7214 = CARTESIAN_POINT('',(-1.224646799147E-16,-1.,3.));
#7215 = ( BOUNDED_CURVE() B_SPLINE_CURVE(2,(#7216,#7217,#7218,#7219,
#7220,#7221,#7222),.UNSPECIFIED.,.F.,.F.) B_SPLINE_CURVE_WITH_KNOTS((3,2
,2,3),(0.28,0.286666666667,0.293333333333,0.3),.UNSPECIFIED.) CURVE() 
GEOMETRIC_REPRESENTATION_ITEM() RATIONAL_B_SPLINE_CURVE((1.,
    0.866025403784,1.,0.866025403784,1.,0.866025403784,1.)) 
REPRESENTATION_ITEM('') );
#7216 = CARTESIAN_POINT('',(0.,1.,3.2));
#7217 = CARTESIAN_POINT('',(0.57735026919,1.,3.166666666667));
#7218 = CARTESIAN_POINT('',(0.866025403784,0.5,3.133333333333));
#7219 = CARTESIAN_POINT('',(1.154700538379,-2.218170276263E-15,3.1));
#7220 = CARTESIAN_POINT('',(0.866025403784,-0.5,3.066666666667));
#7221 = CARTESIAN_POINT('',(0.57735026919,-1.,3.033333333333));
#7222 = CARTESIAN_POINT('',(-1.224646799147E-16,-1.,3.));
#7223 = ORIENTED_EDGE('',*,*,#7224,.T.);
#7224 = EDGE_CURVE('',#7211,#7225,#7227,.T.);
#7225 = VERTEX_POINT('',#7226);
#7226 = CARTESIAN_POINT('',(0.,1.,3.25));
#7227 = LINE('',#7228,#7229);
#7228 = CARTESIAN_POINT('',(1.224646799147E-16,1.,5.3));
#7229 = VECTOR('',#7230,1.);
#7230 = DIRECTION('',(-0.,6.054590893736E-18,1.));
#7231 = ORIENTED_EDGE('',*,*,#7232,.F.);
#7232 = EDGE_CURVE('',#7233,#7225,#7235,.T.);
#7233 = VERTEX_POINT('',#7234);
#7234 = CARTESIAN_POINT('',(-1.224646799147E-16,-1.,3.05));
#7235 = ( BOUNDED_CURVE() B_SPLINE_CURVE(2,(#7236,#7237,#7238,#7239,
#7240,#7241,#7242),.UNSPECIFIED.,.F.,.F.) B_SPLINE_CURVE_WITH_KNOTS((3,2
    ,2,3),(0.74,0.746666666667,0.753333333333,0.76),
.PIECEWISE_BEZIER_KNOTS.) CURVE() GEOMETRIC_REPRESENTATION_ITEM() 
RATIONAL_B_SPLINE_CURVE((1.,0.866025403784,1.,0.866025403784,1.,
0.866025403784,1.)) REPRESENTATION_ITEM('') );
#7236 = CARTESIAN_POINT('',(-1.224646799147E-16,-1.,3.05));
#7237 = CARTESIAN_POINT('',(0.57735026919,-1.,3.083333333333));
#7238 = CARTESIAN_POINT('',(0.866025403784,-0.5,3.116666666667));
#7239 = CARTESIAN_POINT('',(1.154700538379,-2.218170276263E-15,3.15));
#7240 = CARTESIAN_POINT('',(0.866025403784,0.5,3.183333333333));
#7241 = CARTESIAN_POINT('',(0.57735026919,1.,3.216666666667));
#7242 = CARTESIAN_POINT('',(0.,1.,3.25));
#7243 = ORIENTED_EDGE('',*,*,#7244,.F.);
#7244 = EDGE_CURVE('',#7213,#7233,#7245,.T.);
#7245 = LINE('',#7246,#7247);
#7246 = CARTESIAN_POINT('',(0.,-1.,5.3));
#7247 = VECTOR('',#7248,1.);
#7248 = DIRECTION('',(-0.,6.054590893736E-18,1.));
#7249 = CYLINDRICAL_SURFACE('',#7250,1.);
#7250 = AXIS2_PLACEMENT_3D('',#7251,#7252,#7253);
#7251 = CARTESIAN_POINT('',(0.,-1.951563910474E-15,5.3));
#7252 = DIRECTION('',(-0.,6.054590893736E-18,1.));
#7253 = DIRECTION('',(0.,-1.,6.054590893736E-18));
#7254 = ADVANCED_FACE('',(#7255),#7297,.T.);
#7255 = FACE_BOUND('',#7256,.T.);
#7256 = EDGE_LOOP('',(#7257,#7271,#7279,#7291));
#7257 = ORIENTED_EDGE('',*,*,#7258,.F.);
#7258 = EDGE_CURVE('',#7259,#7261,#7263,.T.);
#7259 = VERTEX_POINT('',#7260);
#7260 = CARTESIAN_POINT('',(0.,1.,3.6));
#7261 = VERTEX_POINT('',#7262);
#7262 = CARTESIAN_POINT('',(-1.224646799147E-16,-1.,3.4));
#7263 = ( BOUNDED_CURVE() B_SPLINE_CURVE(2,(#7264,#7265,#7266,#7267,
#7268,#7269,#7270),.UNSPECIFIED.,.F.,.F.) B_SPLINE_CURVE_WITH_KNOTS((3,2
,2,3),(0.24,0.246666666667,0.253333333333,0.26),.UNSPECIFIED.) CURVE() 
GEOMETRIC_REPRESENTATION_ITEM() RATIONAL_B_SPLINE_CURVE((1.,
    0.866025403784,1.,0.866025403784,1.,0.866025403784,1.)) 
REPRESENTATION_ITEM('') );
#7264 = CARTESIAN_POINT('',(0.,1.,3.6));
#7265 = CARTESIAN_POINT('',(0.57735026919,1.,3.566666666667));
#7266 = CARTESIAN_POINT('',(0.866025403784,0.5,3.533333333333));
#7267 = CARTESIAN_POINT('',(1.154700538379,-2.218170276263E-15,3.5));
#7268 = CARTESIAN_POINT('',(0.866025403784,-0.5,3.466666666667));
#7269 = CARTESIAN_POINT('',(0.57735026919,-1.,3.433333333333));
#7270 = CARTESIAN_POINT('',(-1.224646799147E-16,-1.,3.4));
#7271 = ORIENTED_EDGE('',*,*,#7272,.T.);
#7272 = EDGE_CURVE('',#7259,#7273,#7275,.T.);
#7273 = VERTEX_POINT('',#7274);
#7274 = CARTESIAN_POINT('',(0.,1.,3.65));
#7275 = LINE('',#7276,#7277);
#7276 = CARTESIAN_POINT('',(1.224646799147E-16,1.,5.3));
#7277 = VECTOR('',#7278,1.);
#7278 = DIRECTION('',(-0.,6.054590893736E-18,1.));
#7279 = ORIENTED_EDGE('',*,*,#7280,.F.);
#7280 = EDGE_CURVE('',#7281,#7273,#7283,.T.);
#7281 = VERTEX_POINT('',#7282);
#7282 = CARTESIAN_POINT('',(-1.224646799147E-16,-1.,3.45));
#7283 = ( BOUNDED_CURVE() B_SPLINE_CURVE(2,(#7284,#7285,#7286,#7287,
#7288,#7289,#7290),.UNSPECIFIED.,.F.,.F.) B_SPLINE_CURVE_WITH_KNOTS((3,2
    ,2,3),(0.78,0.786666666667,0.793333333333,0.8),
.PIECEWISE_BEZIER_KNOTS.) CURVE() GEOMETRIC_REPRESENTATION_ITEM() 
RATIONAL_B_SPLINE_CURVE((1.,0.866025403784,1.,0.866025403784,1.,
0.866025403784,1.)) REPRESENTATION_ITEM('') );
#7284 = CARTESIAN_POINT('',(-1.224646799147E-16,-1.,3.45));
#7285 = CARTESIAN_POINT('',(0.57735026919,-1.,3.483333333333));
#7286 = CARTESIAN_POINT('',(0.866025403784,-0.5,3.516666666667));
#7287 = CARTESIAN_POINT('',(1.154700538379,-2.218170276263E-15,3.55));
#7288 = CARTESIAN_POINT('',(0.866025403784,0.5,3.583333333333));
#7289 = CARTESIAN_POINT('',(0.57735026919,1.,3.616666666667));
#7290 = CARTESIAN_POINT('',(0.,1.,3.65));
#7291 = ORIENTED_EDGE('',*,*,#7292,.F.);
#7292 = EDGE_CURVE('',#7261,#7281,#7293,.T.);
#7293 = LINE('',#7294,#7295);
#7294 = CARTESIAN_POINT('',(0.,-1.,5.3));
#7295 = VECTOR('',#7296,1.);
#7296 = DIRECTION('',(-0.,6.054590893736E-18,1.));
#7297 = CYLINDRICAL_SURFACE('',#7298,1.);
#7298 = AXIS2_PLACEMENT_3D('',#7299,#7300,#7301);
#7299 = CARTESIAN_POINT('',(0.,-1.951563910474E-15,5.3));
#7300 = DIRECTION('',(-0.,6.054590893736E-18,1.));
#7301 = DIRECTION('',(0.,-1.,6.054590893736E-18));
#7302 = ADVANCED_FACE('',(#7303),#7327,.T.);
#7303 = FACE_BOUND('',#7304,.T.);
#7304 = EDGE_LOOP('',(#7305,#7306,#7316,#7317));
#7305 = ORIENTED_EDGE('',*,*,#6407,.F.);
#7306 = ORIENTED_EDGE('',*,*,#7307,.F.);
#7307 = EDGE_CURVE('',#6445,#6396,#7308,.T.);
#7308 = ( BOUNDED_CURVE() B_SPLINE_CURVE(2,(#7309,#7310,#7311,#7312,
#7313,#7314,#7315),.UNSPECIFIED.,.F.,.F.) B_SPLINE_CURVE_WITH_KNOTS((3,2
    ,2,3),(0.94,0.946666666667,0.953333333333,0.96),
.PIECEWISE_BEZIER_KNOTS.) CURVE() GEOMETRIC_REPRESENTATION_ITEM() 
RATIONAL_B_SPLINE_CURVE((1.,0.866025403784,1.,0.866025403784,1.,
0.866025403784,1.)) REPRESENTATION_ITEM('') );
#7309 = CARTESIAN_POINT('',(-1.224646799147E-16,-1.,-3.4));
#7310 = CARTESIAN_POINT('',(-0.57735026919,-1.,-3.433333333333));
#7311 = CARTESIAN_POINT('',(-0.866025403784,-0.5,-3.466666666667));
#7312 = CARTESIAN_POINT('',(-1.154700538379,-1.935350212603E-15,-3.5));
#7313 = CARTESIAN_POINT('',(-0.866025403784,0.5,-3.533333333333));
#7314 = CARTESIAN_POINT('',(-0.57735026919,1.,-3.566666666667));
#7315 = CARTESIAN_POINT('',(0.,1.,-3.6));
#7316 = ORIENTED_EDGE('',*,*,#6476,.T.);
#7317 = ORIENTED_EDGE('',*,*,#7318,.F.);
#7318 = EDGE_CURVE('',#6408,#6465,#7319,.T.);
#7319 = ( BOUNDED_CURVE() B_SPLINE_CURVE(2,(#7320,#7321,#7322,#7323,
#7324,#7325,#7326),.UNSPECIFIED.,.F.,.F.) B_SPLINE_CURVE_WITH_KNOTS((3,2
    ,2,3),(8.E-02,8.666666666667E-02,9.333333333333E-02,1.E-01),
.PIECEWISE_BEZIER_KNOTS.) CURVE() GEOMETRIC_REPRESENTATION_ITEM() 
RATIONAL_B_SPLINE_CURVE((1.,0.866025403784,1.,0.866025403784,1.,
0.866025403784,1.)) REPRESENTATION_ITEM('') );
#7320 = CARTESIAN_POINT('',(0.,1.,-3.55));
#7321 = CARTESIAN_POINT('',(-0.57735026919,1.,-3.516666666667));
#7322 = CARTESIAN_POINT('',(-0.866025403784,0.5,-3.483333333333));
#7323 = CARTESIAN_POINT('',(-1.154700538379,-1.935350212603E-15,-3.45));
#7324 = CARTESIAN_POINT('',(-0.866025403784,-0.5,-3.416666666667));
#7325 = CARTESIAN_POINT('',(-0.57735026919,-1.,-3.383333333333));
#7326 = CARTESIAN_POINT('',(-1.224646799147E-16,-1.,-3.35));
#7327 = CYLINDRICAL_SURFACE('',#7328,1.);
#7328 = AXIS2_PLACEMENT_3D('',#7329,#7330,#7331);
#7329 = CARTESIAN_POINT('',(0.,-1.951563910474E-15,5.3));
#7330 = DIRECTION('',(-0.,6.054590893736E-18,1.));
#7331 = DIRECTION('',(0.,-1.,6.054590893736E-18));
#7332 = ADVANCED_FACE('',(#7333),#7357,.T.);
#7333 = FACE_BOUND('',#7334,.T.);
#7334 = EDGE_LOOP('',(#7335,#7336,#7346,#7347));
#7335 = ORIENTED_EDGE('',*,*,#6456,.F.);
#7336 = ORIENTED_EDGE('',*,*,#7337,.F.);
#7337 = EDGE_CURVE('',#6493,#6443,#7338,.T.);
#7338 = ( BOUNDED_CURVE() B_SPLINE_CURVE(2,(#7339,#7340,#7341,#7342,
#7343,#7344,#7345),.UNSPECIFIED.,.F.,.F.) B_SPLINE_CURVE_WITH_KNOTS((3,2
    ,2,3),(0.9,0.906666666667,0.913333333333,0.92),
.PIECEWISE_BEZIER_KNOTS.) CURVE() GEOMETRIC_REPRESENTATION_ITEM() 
RATIONAL_B_SPLINE_CURVE((1.,0.866025403784,1.,0.866025403784,1.,
0.866025403784,1.)) REPRESENTATION_ITEM('') );
#7339 = CARTESIAN_POINT('',(-1.224646799147E-16,-1.,-3.));
#7340 = CARTESIAN_POINT('',(-0.57735026919,-1.,-3.033333333333));
#7341 = CARTESIAN_POINT('',(-0.866025403784,-0.5,-3.066666666667));
#7342 = CARTESIAN_POINT('',(-1.154700538379,-1.935350212603E-15,-3.1));
#7343 = CARTESIAN_POINT('',(-0.866025403784,0.5,-3.133333333333));
#7344 = CARTESIAN_POINT('',(-0.57735026919,1.,-3.166666666667));
#7345 = CARTESIAN_POINT('',(0.,1.,-3.2));
#7346 = ORIENTED_EDGE('',*,*,#6524,.T.);
#7347 = ORIENTED_EDGE('',*,*,#7348,.F.);
#7348 = EDGE_CURVE('',#6457,#6513,#7349,.T.);
#7349 = ( BOUNDED_CURVE() B_SPLINE_CURVE(2,(#7350,#7351,#7352,#7353,
#7354,#7355,#7356),.UNSPECIFIED.,.F.,.F.) B_SPLINE_CURVE_WITH_KNOTS((3,2
    ,2,3),(0.12,0.126666666667,0.133333333333,0.14),
.PIECEWISE_BEZIER_KNOTS.) CURVE() GEOMETRIC_REPRESENTATION_ITEM() 
RATIONAL_B_SPLINE_CURVE((1.,0.866025403784,1.,0.866025403784,1.,
0.866025403784,1.)) REPRESENTATION_ITEM('') );
#7350 = CARTESIAN_POINT('',(0.,1.,-3.15));
#7351 = CARTESIAN_POINT('',(-0.57735026919,1.,-3.116666666667));
#7352 = CARTESIAN_POINT('',(-0.866025403784,0.5,-3.083333333333));
#7353 = CARTESIAN_POINT('',(-1.154700538379,-1.935350212603E-15,-3.05));
#7354 = CARTESIAN_POINT('',(-0.866025403784,-0.5,-3.016666666667));
#7355 = CARTESIAN_POINT('',(-0.57735026919,-1.,-2.983333333333));
#7356 = CARTESIAN_POINT('',(-1.224646799147E-16,-1.,-2.95));
#7357 = CYLINDRICAL_SURFACE('',#7358,1.);
#7358 = AXIS2_PLACEMENT_3D('',#7359,#7360,#7361);
#7359 = CARTESIAN_POINT('',(0.,-1.951563910474E-15,5.3));
#7360 = DIRECTION('',(-0.,6.054590893736E-18,1.));
#7361 = DIRECTION('',(0.,-1.,6.054590893736E-18));
#7362 = ADVANCED_FACE('',(#7363),#7387,.T.);
#7363 = FACE_BOUND('',#7364,.T.);
#7364 = EDGE_LOOP('',(#7365,#7366,#7376,#7377));
#7365 = ORIENTED_EDGE('',*,*,#6504,.F.);
#7366 = ORIENTED_EDGE('',*,*,#7367,.F.);
#7367 = EDGE_CURVE('',#6541,#6491,#7368,.T.);
#7368 = ( BOUNDED_CURVE() B_SPLINE_CURVE(2,(#7369,#7370,#7371,#7372,
#7373,#7374,#7375),.UNSPECIFIED.,.F.,.F.) B_SPLINE_CURVE_WITH_KNOTS((3,2
    ,2,3),(0.86,0.866666666667,0.873333333333,0.88),
.PIECEWISE_BEZIER_KNOTS.) CURVE() GEOMETRIC_REPRESENTATION_ITEM() 
RATIONAL_B_SPLINE_CURVE((1.,0.866025403784,1.,0.866025403784,1.,
0.866025403784,1.)) REPRESENTATION_ITEM('') );
#7369 = CARTESIAN_POINT('',(-1.224646799147E-16,-1.,-2.6));
#7370 = CARTESIAN_POINT('',(-0.57735026919,-1.,-2.633333333333));
#7371 = CARTESIAN_POINT('',(-0.866025403784,-0.5,-2.666666666667));
#7372 = CARTESIAN_POINT('',(-1.154700538379,-1.935350212603E-15,-2.7));
#7373 = CARTESIAN_POINT('',(-0.866025403784,0.5,-2.733333333333));
#7374 = CARTESIAN_POINT('',(-0.57735026919,1.,-2.766666666667));
#7375 = CARTESIAN_POINT('',(0.,1.,-2.8));
#7376 = ORIENTED_EDGE('',*,*,#6572,.T.);
#7377 = ORIENTED_EDGE('',*,*,#7378,.F.);
#7378 = EDGE_CURVE('',#6505,#6561,#7379,.T.);
#7379 = ( BOUNDED_CURVE() B_SPLINE_CURVE(2,(#7380,#7381,#7382,#7383,
#7384,#7385,#7386),.UNSPECIFIED.,.F.,.F.) B_SPLINE_CURVE_WITH_KNOTS((3,2
    ,2,3),(0.16,0.166666666667,0.173333333333,0.18),
.PIECEWISE_BEZIER_KNOTS.) CURVE() GEOMETRIC_REPRESENTATION_ITEM() 
RATIONAL_B_SPLINE_CURVE((1.,0.866025403784,1.,0.866025403784,1.,
0.866025403784,1.)) REPRESENTATION_ITEM('') );
#7380 = CARTESIAN_POINT('',(0.,1.,-2.75));
#7381 = CARTESIAN_POINT('',(-0.57735026919,1.,-2.716666666667));
#7382 = CARTESIAN_POINT('',(-0.866025403784,0.5,-2.683333333333));
#7383 = CARTESIAN_POINT('',(-1.154700538379,-1.935350212603E-15,-2.65));
#7384 = CARTESIAN_POINT('',(-0.866025403784,-0.5,-2.616666666667));
#7385 = CARTESIAN_POINT('',(-0.57735026919,-1.,-2.583333333333));
#7386 = CARTESIAN_POINT('',(-1.224646799147E-16,-1.,-2.55));
#7387 = CYLINDRICAL_SURFACE('',#7388,1.);
#7388 = AXIS2_PLACEMENT_3D('',#7389,#7390,#7391);
#7389 = CARTESIAN_POINT('',(0.,-1.951563910474E-15,5.3));
#7390 = DIRECTION('',(-0.,6.054590893736E-18,1.));
#7391 = DIRECTION('',(0.,-1.,6.054590893736E-18));
#7392 = ADVANCED_FACE('',(#7393),#7417,.T.);
#7393 = FACE_BOUND('',#7394,.T.);
#7394 = EDGE_LOOP('',(#7395,#7396,#7406,#7407));
#7395 = ORIENTED_EDGE('',*,*,#6552,.F.);
#7396 = ORIENTED_EDGE('',*,*,#7397,.F.);
#7397 = EDGE_CURVE('',#6589,#6539,#7398,.T.);
#7398 = ( BOUNDED_CURVE() B_SPLINE_CURVE(2,(#7399,#7400,#7401,#7402,
#7403,#7404,#7405),.UNSPECIFIED.,.F.,.F.) B_SPLINE_CURVE_WITH_KNOTS((3,2
    ,2,3),(0.82,0.826666666667,0.833333333333,0.84),
.PIECEWISE_BEZIER_KNOTS.) CURVE() GEOMETRIC_REPRESENTATION_ITEM() 
RATIONAL_B_SPLINE_CURVE((1.,0.866025403784,1.,0.866025403784,1.,
0.866025403784,1.)) REPRESENTATION_ITEM('') );
#7399 = CARTESIAN_POINT('',(-1.224646799147E-16,-1.,-2.2));
#7400 = CARTESIAN_POINT('',(-0.57735026919,-1.,-2.233333333333));
#7401 = CARTESIAN_POINT('',(-0.866025403784,-0.5,-2.266666666667));
#7402 = CARTESIAN_POINT('',(-1.154700538379,-1.935350212603E-15,-2.3));
#7403 = CARTESIAN_POINT('',(-0.866025403784,0.5,-2.333333333333));
#7404 = CARTESIAN_POINT('',(-0.57735026919,1.,-2.366666666667));
#7405 = CARTESIAN_POINT('',(0.,1.,-2.4));
#7406 = ORIENTED_EDGE('',*,*,#6620,.T.);
#7407 = ORIENTED_EDGE('',*,*,#7408,.F.);
#7408 = EDGE_CURVE('',#6553,#6609,#7409,.T.);
#7409 = ( BOUNDED_CURVE() B_SPLINE_CURVE(2,(#7410,#7411,#7412,#7413,
#7414,#7415,#7416),.UNSPECIFIED.,.F.,.F.) B_SPLINE_CURVE_WITH_KNOTS((3,2
    ,2,3),(0.2,0.206666666667,0.213333333333,0.22),
.PIECEWISE_BEZIER_KNOTS.) CURVE() GEOMETRIC_REPRESENTATION_ITEM() 
RATIONAL_B_SPLINE_CURVE((1.,0.866025403784,1.,0.866025403784,1.,
0.866025403784,1.)) REPRESENTATION_ITEM('') );
#7410 = CARTESIAN_POINT('',(0.,1.,-2.35));
#7411 = CARTESIAN_POINT('',(-0.57735026919,1.,-2.316666666667));
#7412 = CARTESIAN_POINT('',(-0.866025403784,0.5,-2.283333333333));
#7413 = CARTESIAN_POINT('',(-1.154700538379,-1.935350212603E-15,-2.25));
#7414 = CARTESIAN_POINT('',(-0.866025403784,-0.5,-2.216666666667));
#7415 = CARTESIAN_POINT('',(-0.57735026919,-1.,-2.183333333333));
#7416 = CARTESIAN_POINT('',(-1.224646799147E-16,-1.,-2.15));
#7417 = CYLINDRICAL_SURFACE('',#7418,1.);
#7418 = AXIS2_PLACEMENT_3D('',#7419,#7420,#7421);
#7419 = CARTESIAN_POINT('',(0.,-1.951563910474E-15,5.3));
#7420 = DIRECTION('',(-0.,6.054590893736E-18,1.));
#7421 = DIRECTION('',(0.,-1.,6.054590893736E-18));
#7422 = ADVANCED_FACE('',(#7423),#7447,.T.);
#7423 = FACE_BOUND('',#7424,.T.);
#7424 = EDGE_LOOP('',(#7425,#7426,#7436,#7437));
#7425 = ORIENTED_EDGE('',*,*,#6600,.F.);
#7426 = ORIENTED_EDGE('',*,*,#7427,.F.);
#7427 = EDGE_CURVE('',#6637,#6587,#7428,.T.);
#7428 = ( BOUNDED_CURVE() B_SPLINE_CURVE(2,(#7429,#7430,#7431,#7432,
#7433,#7434,#7435),.UNSPECIFIED.,.F.,.F.) B_SPLINE_CURVE_WITH_KNOTS((3,2
    ,2,3),(0.78,0.786666666667,0.793333333333,0.8),
.PIECEWISE_BEZIER_KNOTS.) CURVE() GEOMETRIC_REPRESENTATION_ITEM() 
RATIONAL_B_SPLINE_CURVE((1.,0.866025403784,1.,0.866025403784,1.,
0.866025403784,1.)) REPRESENTATION_ITEM('') );
#7429 = CARTESIAN_POINT('',(-1.224646799147E-16,-1.,-1.8));
#7430 = CARTESIAN_POINT('',(-0.57735026919,-1.,-1.833333333333));
#7431 = CARTESIAN_POINT('',(-0.866025403784,-0.5,-1.866666666667));
#7432 = CARTESIAN_POINT('',(-1.154700538379,-1.935350212603E-15,-1.9));
#7433 = CARTESIAN_POINT('',(-0.866025403784,0.5,-1.933333333333));
#7434 = CARTESIAN_POINT('',(-0.57735026919,1.,-1.966666666667));
#7435 = CARTESIAN_POINT('',(0.,1.,-2.));
#7436 = ORIENTED_EDGE('',*,*,#6668,.T.);
#7437 = ORIENTED_EDGE('',*,*,#7438,.F.);
#7438 = EDGE_CURVE('',#6601,#6657,#7439,.T.);
#7439 = ( BOUNDED_CURVE() B_SPLINE_CURVE(2,(#7440,#7441,#7442,#7443,
#7444,#7445,#7446),.UNSPECIFIED.,.F.,.F.) B_SPLINE_CURVE_WITH_KNOTS((3,2
    ,2,3),(0.24,0.246666666667,0.253333333333,0.26),
.PIECEWISE_BEZIER_KNOTS.) CURVE() GEOMETRIC_REPRESENTATION_ITEM() 
RATIONAL_B_SPLINE_CURVE((1.,0.866025403784,1.,0.866025403784,1.,
0.866025403784,1.)) REPRESENTATION_ITEM('') );
#7440 = CARTESIAN_POINT('',(0.,1.,-1.95));
#7441 = CARTESIAN_POINT('',(-0.57735026919,1.,-1.916666666667));
#7442 = CARTESIAN_POINT('',(-0.866025403784,0.5,-1.883333333333));
#7443 = CARTESIAN_POINT('',(-1.154700538379,-1.935350212603E-15,-1.85));
#7444 = CARTESIAN_POINT('',(-0.866025403784,-0.5,-1.816666666667));
#7445 = CARTESIAN_POINT('',(-0.57735026919,-1.,-1.783333333333));
#7446 = CARTESIAN_POINT('',(-1.224646799147E-16,-1.,-1.75));
#7447 = CYLINDRICAL_SURFACE('',#7448,1.);
#7448 = AXIS2_PLACEMENT_3D('',#7449,#7450,#7451);
#7449 = CARTESIAN_POINT('',(0.,-1.951563910474E-15,5.3));
#7450 = DIRECTION('',(-0.,6.054590893736E-18,1.));
#7451 = DIRECTION('',(0.,-1.,6.054590893736E-18));
#7452 = ADVANCED_FACE('',(#7453),#7477,.T.);
#7453 = FACE_BOUND('',#7454,.T.);
#7454 = EDGE_LOOP('',(#7455,#7456,#7466,#7467));
#7455 = ORIENTED_EDGE('',*,*,#6648,.F.);
#7456 = ORIENTED_EDGE('',*,*,#7457,.F.);
#7457 = EDGE_CURVE('',#6685,#6635,#7458,.T.);
#7458 = ( BOUNDED_CURVE() B_SPLINE_CURVE(2,(#7459,#7460,#7461,#7462,
#7463,#7464,#7465),.UNSPECIFIED.,.F.,.F.) B_SPLINE_CURVE_WITH_KNOTS((3,2
    ,2,3),(0.74,0.746666666667,0.753333333333,0.76),
.PIECEWISE_BEZIER_KNOTS.) CURVE() GEOMETRIC_REPRESENTATION_ITEM() 
RATIONAL_B_SPLINE_CURVE((1.,0.866025403784,1.,0.866025403784,1.,
0.866025403784,1.)) REPRESENTATION_ITEM('') );
#7459 = CARTESIAN_POINT('',(-1.224646799147E-16,-1.,-1.4));
#7460 = CARTESIAN_POINT('',(-0.57735026919,-1.,-1.433333333333));
#7461 = CARTESIAN_POINT('',(-0.866025403784,-0.5,-1.466666666667));
#7462 = CARTESIAN_POINT('',(-1.154700538379,-1.935350212603E-15,-1.5));
#7463 = CARTESIAN_POINT('',(-0.866025403784,0.5,-1.533333333333));
#7464 = CARTESIAN_POINT('',(-0.57735026919,1.,-1.566666666667));
#7465 = CARTESIAN_POINT('',(0.,1.,-1.6));
#7466 = ORIENTED_EDGE('',*,*,#6716,.T.);
#7467 = ORIENTED_EDGE('',*,*,#7468,.F.);
#7468 = EDGE_CURVE('',#6649,#6705,#7469,.T.);
#7469 = ( BOUNDED_CURVE() B_SPLINE_CURVE(2,(#7470,#7471,#7472,#7473,
#7474,#7475,#7476),.UNSPECIFIED.,.F.,.F.) B_SPLINE_CURVE_WITH_KNOTS((3,2
    ,2,3),(0.28,0.286666666667,0.293333333333,0.3),
.PIECEWISE_BEZIER_KNOTS.) CURVE() GEOMETRIC_REPRESENTATION_ITEM() 
RATIONAL_B_SPLINE_CURVE((1.,0.866025403784,1.,0.866025403784,1.,
0.866025403784,1.)) REPRESENTATION_ITEM('') );
#7470 = CARTESIAN_POINT('',(0.,1.,-1.55));
#7471 = CARTESIAN_POINT('',(-0.57735026919,1.,-1.516666666667));
#7472 = CARTESIAN_POINT('',(-0.866025403784,0.5,-1.483333333333));
#7473 = CARTESIAN_POINT('',(-1.154700538379,-1.935350212603E-15,-1.45));
#7474 = CARTESIAN_POINT('',(-0.866025403784,-0.5,-1.416666666667));
#7475 = CARTESIAN_POINT('',(-0.57735026919,-1.,-1.383333333333));
#7476 = CARTESIAN_POINT('',(-1.224646799147E-16,-1.,-1.35));
#7477 = CYLINDRICAL_SURFACE('',#7478,1.);
#7478 = AXIS2_PLACEMENT_3D('',#7479,#7480,#7481);
#7479 = CARTESIAN_POINT('',(0.,-1.951563910474E-15,5.3));
#7480 = DIRECTION('',(-0.,6.054590893736E-18,1.));
#7481 = DIRECTION('',(0.,-1.,6.054590893736E-18));
#7482 = ADVANCED_FACE('',(#7483),#7507,.T.);
#7483 = FACE_BOUND('',#7484,.T.);
#7484 = EDGE_LOOP('',(#7485,#7486,#7496,#7497));
#7485 = ORIENTED_EDGE('',*,*,#6696,.F.);
#7486 = ORIENTED_EDGE('',*,*,#7487,.F.);
#7487 = EDGE_CURVE('',#6733,#6683,#7488,.T.);
#7488 = ( BOUNDED_CURVE() B_SPLINE_CURVE(2,(#7489,#7490,#7491,#7492,
#7493,#7494,#7495),.UNSPECIFIED.,.F.,.F.) B_SPLINE_CURVE_WITH_KNOTS((3,2
    ,2,3),(0.7,0.706666666667,0.713333333333,0.72),
.PIECEWISE_BEZIER_KNOTS.) CURVE() GEOMETRIC_REPRESENTATION_ITEM() 
RATIONAL_B_SPLINE_CURVE((1.,0.866025403784,1.,0.866025403784,1.,
0.866025403784,1.)) REPRESENTATION_ITEM('') );
#7489 = CARTESIAN_POINT('',(-1.224646799147E-16,-1.,-1.));
#7490 = CARTESIAN_POINT('',(-0.57735026919,-1.,-1.033333333333));
#7491 = CARTESIAN_POINT('',(-0.866025403784,-0.5,-1.066666666667));
#7492 = CARTESIAN_POINT('',(-1.154700538379,-1.935350212603E-15,-1.1));
#7493 = CARTESIAN_POINT('',(-0.866025403784,0.5,-1.133333333333));
#7494 = CARTESIAN_POINT('',(-0.57735026919,1.,-1.166666666667));
#7495 = CARTESIAN_POINT('',(0.,1.,-1.2));
#7496 = ORIENTED_EDGE('',*,*,#6764,.T.);
#7497 = ORIENTED_EDGE('',*,*,#7498,.F.);
#7498 = EDGE_CURVE('',#6697,#6753,#7499,.T.);
#7499 = ( BOUNDED_CURVE() B_SPLINE_CURVE(2,(#7500,#7501,#7502,#7503,
#7504,#7505,#7506),.UNSPECIFIED.,.F.,.F.) B_SPLINE_CURVE_WITH_KNOTS((3,2
    ,2,3),(0.32,0.326666666667,0.333333333333,0.34),
.PIECEWISE_BEZIER_KNOTS.) CURVE() GEOMETRIC_REPRESENTATION_ITEM() 
RATIONAL_B_SPLINE_CURVE((1.,0.866025403784,1.,0.866025403784,1.,
0.866025403784,1.)) REPRESENTATION_ITEM('') );
#7500 = CARTESIAN_POINT('',(0.,1.,-1.15));
#7501 = CARTESIAN_POINT('',(-0.57735026919,1.,-1.116666666667));
#7502 = CARTESIAN_POINT('',(-0.866025403784,0.5,-1.083333333333));
#7503 = CARTESIAN_POINT('',(-1.154700538379,-1.935350212603E-15,-1.05));
#7504 = CARTESIAN_POINT('',(-0.866025403784,-0.5,-1.016666666667));
#7505 = CARTESIAN_POINT('',(-0.57735026919,-1.,-0.983333333333));
#7506 = CARTESIAN_POINT('',(-1.224646799147E-16,-1.,-0.95));
#7507 = CYLINDRICAL_SURFACE('',#7508,1.);
#7508 = AXIS2_PLACEMENT_3D('',#7509,#7510,#7511);
#7509 = CARTESIAN_POINT('',(0.,-1.951563910474E-15,5.3));
#7510 = DIRECTION('',(-0.,6.054590893736E-18,1.));
#7511 = DIRECTION('',(0.,-1.,6.054590893736E-18));
#7512 = ADVANCED_FACE('',(#7513),#7537,.T.);
#7513 = FACE_BOUND('',#7514,.T.);
#7514 = EDGE_LOOP('',(#7515,#7516,#7526,#7527));
#7515 = ORIENTED_EDGE('',*,*,#6744,.F.);
#7516 = ORIENTED_EDGE('',*,*,#7517,.F.);
#7517 = EDGE_CURVE('',#6781,#6731,#7518,.T.);
#7518 = ( BOUNDED_CURVE() B_SPLINE_CURVE(2,(#7519,#7520,#7521,#7522,
#7523,#7524,#7525),.UNSPECIFIED.,.F.,.F.) B_SPLINE_CURVE_WITH_KNOTS((3,2
    ,2,3),(0.66,0.666666666667,0.673333333333,0.68),
.PIECEWISE_BEZIER_KNOTS.) CURVE() GEOMETRIC_REPRESENTATION_ITEM() 
RATIONAL_B_SPLINE_CURVE((1.,0.866025403784,1.,0.866025403784,1.,
0.866025403784,1.)) REPRESENTATION_ITEM('') );
#7519 = CARTESIAN_POINT('',(-1.224646799147E-16,-1.,-0.6));
#7520 = CARTESIAN_POINT('',(-0.57735026919,-1.,-0.633333333333));
#7521 = CARTESIAN_POINT('',(-0.866025403784,-0.5,-0.666666666667));
#7522 = CARTESIAN_POINT('',(-1.154700538379,-1.935350212603E-15,-0.7));
#7523 = CARTESIAN_POINT('',(-0.866025403784,0.5,-0.733333333333));
#7524 = CARTESIAN_POINT('',(-0.57735026919,1.,-0.766666666667));
#7525 = CARTESIAN_POINT('',(0.,1.,-0.8));
#7526 = ORIENTED_EDGE('',*,*,#6812,.T.);
#7527 = ORIENTED_EDGE('',*,*,#7528,.F.);
#7528 = EDGE_CURVE('',#6745,#6801,#7529,.T.);
#7529 = ( BOUNDED_CURVE() B_SPLINE_CURVE(2,(#7530,#7531,#7532,#7533,
#7534,#7535,#7536),.UNSPECIFIED.,.F.,.F.) B_SPLINE_CURVE_WITH_KNOTS((3,2
    ,2,3),(0.36,0.366666666667,0.373333333333,0.38),
.PIECEWISE_BEZIER_KNOTS.) CURVE() GEOMETRIC_REPRESENTATION_ITEM() 
RATIONAL_B_SPLINE_CURVE((1.,0.866025403784,1.,0.866025403784,1.,
0.866025403784,1.)) REPRESENTATION_ITEM('') );
#7530 = CARTESIAN_POINT('',(0.,1.,-0.75));
#7531 = CARTESIAN_POINT('',(-0.57735026919,1.,-0.716666666667));
#7532 = CARTESIAN_POINT('',(-0.866025403784,0.5,-0.683333333333));
#7533 = CARTESIAN_POINT('',(-1.154700538379,-1.935350212603E-15,-0.65));
#7534 = CARTESIAN_POINT('',(-0.866025403784,-0.5,-0.616666666667));
#7535 = CARTESIAN_POINT('',(-0.57735026919,-1.,-0.583333333333));
#7536 = CARTESIAN_POINT('',(-1.224646799147E-16,-1.,-0.55));
#7537 = CYLINDRICAL_SURFACE('',#7538,1.);
#7538 = AXIS2_PLACEMENT_3D('',#7539,#7540,#7541);
#7539 = CARTESIAN_POINT('',(0.,-1.951563910474E-15,5.3));
#7540 = DIRECTION('',(-0.,6.054590893736E-18,1.));
#7541 = DIRECTION('',(0.,-1.,6.054590893736E-18));
#7542 = ADVANCED_FACE('',(#7543),#7567,.T.);
#7543 = FACE_BOUND('',#7544,.T.);
#7544 = EDGE_LOOP('',(#7545,#7546,#7556,#7557));
#7545 = ORIENTED_EDGE('',*,*,#6792,.F.);
#7546 = ORIENTED_EDGE('',*,*,#7547,.F.);
#7547 = EDGE_CURVE('',#6829,#6779,#7548,.T.);
#7548 = ( BOUNDED_CURVE() B_SPLINE_CURVE(2,(#7549,#7550,#7551,#7552,
#7553,#7554,#7555),.UNSPECIFIED.,.F.,.F.) B_SPLINE_CURVE_WITH_KNOTS((3,2
    ,2,3),(0.62,0.626666666667,0.633333333333,0.64),
.PIECEWISE_BEZIER_KNOTS.) CURVE() GEOMETRIC_REPRESENTATION_ITEM() 
RATIONAL_B_SPLINE_CURVE((1.,0.866025403784,1.,0.866025403784,1.,
0.866025403784,1.)) REPRESENTATION_ITEM('') );
#7549 = CARTESIAN_POINT('',(-1.224646799147E-16,-1.,-0.2));
#7550 = CARTESIAN_POINT('',(-0.57735026919,-1.,-0.233333333333));
#7551 = CARTESIAN_POINT('',(-0.866025403784,-0.5,-0.266666666667));
#7552 = CARTESIAN_POINT('',(-1.154700538379,-1.935350212603E-15,-0.3));
#7553 = CARTESIAN_POINT('',(-0.866025403784,0.5,-0.333333333333));
#7554 = CARTESIAN_POINT('',(-0.57735026919,1.,-0.366666666667));
#7555 = CARTESIAN_POINT('',(0.,1.,-0.4));
#7556 = ORIENTED_EDGE('',*,*,#6860,.T.);
#7557 = ORIENTED_EDGE('',*,*,#7558,.F.);
#7558 = EDGE_CURVE('',#6793,#6849,#7559,.T.);
#7559 = ( BOUNDED_CURVE() B_SPLINE_CURVE(2,(#7560,#7561,#7562,#7563,
#7564,#7565,#7566),.UNSPECIFIED.,.F.,.F.) B_SPLINE_CURVE_WITH_KNOTS((3,2
    ,2,3),(0.4,0.406666666667,0.413333333333,0.42),
.PIECEWISE_BEZIER_KNOTS.) CURVE() GEOMETRIC_REPRESENTATION_ITEM() 
RATIONAL_B_SPLINE_CURVE((1.,0.866025403784,1.,0.866025403784,1.,
0.866025403784,1.)) REPRESENTATION_ITEM('') );
#7560 = CARTESIAN_POINT('',(0.,1.,-0.35));
#7561 = CARTESIAN_POINT('',(-0.57735026919,1.,-0.316666666667));
#7562 = CARTESIAN_POINT('',(-0.866025403784,0.5,-0.283333333333));
#7563 = CARTESIAN_POINT('',(-1.154700538379,-1.935350212603E-15,-0.25));
#7564 = CARTESIAN_POINT('',(-0.866025403784,-0.5,-0.216666666667));
#7565 = CARTESIAN_POINT('',(-0.57735026919,-1.,-0.183333333333));
#7566 = CARTESIAN_POINT('',(-1.224646799147E-16,-1.,-0.15));
#7567 = CYLINDRICAL_SURFACE('',#7568,1.);
#7568 = AXIS2_PLACEMENT_3D('',#7569,#7570,#7571);
#7569 = CARTESIAN_POINT('',(0.,-1.951563910474E-15,5.3));
#7570 = DIRECTION('',(-0.,6.054590893736E-18,1.));
#7571 = DIRECTION('',(0.,-1.,6.054590893736E-18));
#7572 = ADVANCED_FACE('',(#7573),#7597,.T.);
#7573 = FACE_BOUND('',#7574,.T.);
#7574 = EDGE_LOOP('',(#7575,#7576,#7586,#7587));
#7575 = ORIENTED_EDGE('',*,*,#6840,.F.);
#7576 = ORIENTED_EDGE('',*,*,#7577,.F.);
#7577 = EDGE_CURVE('',#6877,#6827,#7578,.T.);
#7578 = ( BOUNDED_CURVE() B_SPLINE_CURVE(2,(#7579,#7580,#7581,#7582,
#7583,#7584,#7585),.UNSPECIFIED.,.F.,.F.) B_SPLINE_CURVE_WITH_KNOTS((3,2
    ,2,3),(0.58,0.586666666667,0.593333333333,0.6),
.PIECEWISE_BEZIER_KNOTS.) CURVE() GEOMETRIC_REPRESENTATION_ITEM() 
RATIONAL_B_SPLINE_CURVE((1.,0.866025403784,1.,0.866025403784,1.,
0.866025403784,1.)) REPRESENTATION_ITEM('') );
#7579 = CARTESIAN_POINT('',(-1.224646799147E-16,-1.,0.2));
#7580 = CARTESIAN_POINT('',(-0.57735026919,-1.,0.166666666667));
#7581 = CARTESIAN_POINT('',(-0.866025403784,-0.5,0.133333333333));
#7582 = CARTESIAN_POINT('',(-1.154700538379,-1.935350212603E-15,
    9.999999999999E-02));
#7583 = CARTESIAN_POINT('',(-0.866025403784,0.5,6.666666666666E-02));
#7584 = CARTESIAN_POINT('',(-0.57735026919,1.,3.333333333332E-02));
#7585 = CARTESIAN_POINT('',(0.,1.,-9.669728125855E-15));
#7586 = ORIENTED_EDGE('',*,*,#6908,.T.);
#7587 = ORIENTED_EDGE('',*,*,#7588,.F.);
#7588 = EDGE_CURVE('',#6841,#6897,#7589,.T.);
#7589 = ( BOUNDED_CURVE() B_SPLINE_CURVE(2,(#7590,#7591,#7592,#7593,
#7594,#7595,#7596),.UNSPECIFIED.,.F.,.F.) B_SPLINE_CURVE_WITH_KNOTS((3,2
    ,2,3),(0.44,0.446666666667,0.453333333333,0.46),
.PIECEWISE_BEZIER_KNOTS.) CURVE() GEOMETRIC_REPRESENTATION_ITEM() 
RATIONAL_B_SPLINE_CURVE((1.,0.866025403784,1.,0.866025403784,1.,
0.866025403784,1.)) REPRESENTATION_ITEM('') );
#7590 = CARTESIAN_POINT('',(0.,1.,4.999999999998E-02));
#7591 = CARTESIAN_POINT('',(-0.57735026919,1.,8.333333333331E-02));
#7592 = CARTESIAN_POINT('',(-0.866025403784,0.5,0.116666666667));
#7593 = CARTESIAN_POINT('',(-1.154700538379,-1.935350212603E-15,0.15));
#7594 = CARTESIAN_POINT('',(-0.866025403784,-0.5,0.183333333333));
#7595 = CARTESIAN_POINT('',(-0.57735026919,-1.,0.216666666667));
#7596 = CARTESIAN_POINT('',(-1.224646799147E-16,-1.,0.25));
#7597 = CYLINDRICAL_SURFACE('',#7598,1.);
#7598 = AXIS2_PLACEMENT_3D('',#7599,#7600,#7601);
#7599 = CARTESIAN_POINT('',(0.,-1.951563910474E-15,5.3));
#7600 = DIRECTION('',(-0.,6.054590893736E-18,1.));
#7601 = DIRECTION('',(0.,-1.,6.054590893736E-18));
#7602 = ADVANCED_FACE('',(#7603),#7627,.T.);
#7603 = FACE_BOUND('',#7604,.T.);
#7604 = EDGE_LOOP('',(#7605,#7606,#7616,#7617));
#7605 = ORIENTED_EDGE('',*,*,#6888,.F.);
#7606 = ORIENTED_EDGE('',*,*,#7607,.F.);
#7607 = EDGE_CURVE('',#6925,#6875,#7608,.T.);
#7608 = ( BOUNDED_CURVE() B_SPLINE_CURVE(2,(#7609,#7610,#7611,#7612,
#7613,#7614,#7615),.UNSPECIFIED.,.F.,.F.) B_SPLINE_CURVE_WITH_KNOTS((3,2
    ,2,3),(0.54,0.546666666667,0.553333333333,0.56),
.PIECEWISE_BEZIER_KNOTS.) CURVE() GEOMETRIC_REPRESENTATION_ITEM() 
RATIONAL_B_SPLINE_CURVE((1.,0.866025403784,1.,0.866025403784,1.,
0.866025403784,1.)) REPRESENTATION_ITEM('') );
#7609 = CARTESIAN_POINT('',(-1.224646799147E-16,-1.,0.6));
#7610 = CARTESIAN_POINT('',(-0.57735026919,-1.,0.566666666667));
#7611 = CARTESIAN_POINT('',(-0.866025403784,-0.5,0.533333333333));
#7612 = CARTESIAN_POINT('',(-1.154700538379,-1.935350212603E-15,0.5));
#7613 = CARTESIAN_POINT('',(-0.866025403784,0.5,0.466666666667));
#7614 = CARTESIAN_POINT('',(-0.57735026919,1.,0.433333333333));
#7615 = CARTESIAN_POINT('',(0.,1.,0.4));
#7616 = ORIENTED_EDGE('',*,*,#6956,.T.);
#7617 = ORIENTED_EDGE('',*,*,#7618,.F.);
#7618 = EDGE_CURVE('',#6889,#6945,#7619,.T.);
#7619 = ( BOUNDED_CURVE() B_SPLINE_CURVE(2,(#7620,#7621,#7622,#7623,
#7624,#7625,#7626),.UNSPECIFIED.,.F.,.F.) B_SPLINE_CURVE_WITH_KNOTS((3,2
    ,2,3),(0.48,0.486666666667,0.493333333333,0.5),
.PIECEWISE_BEZIER_KNOTS.) CURVE() GEOMETRIC_REPRESENTATION_ITEM() 
RATIONAL_B_SPLINE_CURVE((1.,0.866025403784,1.,0.866025403784,1.,
0.866025403784,1.)) REPRESENTATION_ITEM('') );
#7620 = CARTESIAN_POINT('',(0.,1.,0.45));
#7621 = CARTESIAN_POINT('',(-0.57735026919,1.,0.483333333333));
#7622 = CARTESIAN_POINT('',(-0.866025403784,0.5,0.516666666667));
#7623 = CARTESIAN_POINT('',(-1.154700538379,-1.935350212603E-15,0.55));
#7624 = CARTESIAN_POINT('',(-0.866025403784,-0.5,0.583333333333));
#7625 = CARTESIAN_POINT('',(-0.57735026919,-1.,0.616666666667));
#7626 = CARTESIAN_POINT('',(-1.224646799147E-16,-1.,0.65));
#7627 = CYLINDRICAL_SURFACE('',#7628,1.);
#7628 = AXIS2_PLACEMENT_3D('',#7629,#7630,#7631);
#7629 = CARTESIAN_POINT('',(0.,-1.951563910474E-15,5.3));
#7630 = DIRECTION('',(-0.,6.054590893736E-18,1.));
#7631 = DIRECTION('',(0.,-1.,6.054590893736E-18));
#7632 = ADVANCED_FACE('',(#7633),#7657,.T.);
#7633 = FACE_BOUND('',#7634,.T.);
#7634 = EDGE_LOOP('',(#7635,#7636,#7646,#7647));
#7635 = ORIENTED_EDGE('',*,*,#6936,.F.);
#7636 = ORIENTED_EDGE('',*,*,#7637,.F.);
#7637 = EDGE_CURVE('',#6973,#6923,#7638,.T.);
#7638 = ( BOUNDED_CURVE() B_SPLINE_CURVE(2,(#7639,#7640,#7641,#7642,
#7643,#7644,#7645),.UNSPECIFIED.,.F.,.F.) B_SPLINE_CURVE_WITH_KNOTS((3,2
    ,2,3),(0.5,0.506666666667,0.513333333333,0.52),
.PIECEWISE_BEZIER_KNOTS.) CURVE() GEOMETRIC_REPRESENTATION_ITEM() 
RATIONAL_B_SPLINE_CURVE((1.,0.866025403784,1.,0.866025403784,1.,
0.866025403784,1.)) REPRESENTATION_ITEM('') );
#7639 = CARTESIAN_POINT('',(-1.224646799147E-16,-1.,1.));
#7640 = CARTESIAN_POINT('',(-0.57735026919,-1.,0.966666666667));
#7641 = CARTESIAN_POINT('',(-0.866025403784,-0.5,0.933333333333));
#7642 = CARTESIAN_POINT('',(-1.154700538379,-1.935350212603E-15,0.9));
#7643 = CARTESIAN_POINT('',(-0.866025403784,0.5,0.866666666667));
#7644 = CARTESIAN_POINT('',(-0.57735026919,1.,0.833333333333));
#7645 = CARTESIAN_POINT('',(0.,1.,0.8));
#7646 = ORIENTED_EDGE('',*,*,#7004,.T.);
#7647 = ORIENTED_EDGE('',*,*,#7648,.F.);
#7648 = EDGE_CURVE('',#6937,#6993,#7649,.T.);
#7649 = ( BOUNDED_CURVE() B_SPLINE_CURVE(2,(#7650,#7651,#7652,#7653,
#7654,#7655,#7656),.UNSPECIFIED.,.F.,.F.) B_SPLINE_CURVE_WITH_KNOTS((3,2
    ,2,3),(0.52,0.526666666667,0.533333333333,0.54),
.PIECEWISE_BEZIER_KNOTS.) CURVE() GEOMETRIC_REPRESENTATION_ITEM() 
RATIONAL_B_SPLINE_CURVE((1.,0.866025403784,1.,0.866025403784,1.,
0.866025403784,1.)) REPRESENTATION_ITEM('') );
#7650 = CARTESIAN_POINT('',(0.,1.,0.85));
#7651 = CARTESIAN_POINT('',(-0.57735026919,1.,0.883333333333));
#7652 = CARTESIAN_POINT('',(-0.866025403784,0.5,0.916666666667));
#7653 = CARTESIAN_POINT('',(-1.154700538379,-1.935350212603E-15,0.95));
#7654 = CARTESIAN_POINT('',(-0.866025403784,-0.5,0.983333333333));
#7655 = CARTESIAN_POINT('',(-0.57735026919,-1.,1.016666666667));
#7656 = CARTESIAN_POINT('',(-1.224646799147E-16,-1.,1.05));
#7657 = CYLINDRICAL_SURFACE('',#7658,1.);
#7658 = AXIS2_PLACEMENT_3D('',#7659,#7660,#7661);
#7659 = CARTESIAN_POINT('',(0.,-1.951563910474E-15,5.3));
#7660 = DIRECTION('',(-0.,6.054590893736E-18,1.));
#7661 = DIRECTION('',(0.,-1.,6.054590893736E-18));
#7662 = ADVANCED_FACE('',(#7663),#7687,.T.);
#7663 = FACE_BOUND('',#7664,.T.);
#7664 = EDGE_LOOP('',(#7665,#7666,#7676,#7677));
#7665 = ORIENTED_EDGE('',*,*,#6984,.F.);
#7666 = ORIENTED_EDGE('',*,*,#7667,.F.);
#7667 = EDGE_CURVE('',#7021,#6971,#7668,.T.);
#7668 = ( BOUNDED_CURVE() B_SPLINE_CURVE(2,(#7669,#7670,#7671,#7672,
#7673,#7674,#7675),.UNSPECIFIED.,.F.,.F.) B_SPLINE_CURVE_WITH_KNOTS((3,2
    ,2,3),(0.46,0.466666666667,0.473333333333,0.48),
.PIECEWISE_BEZIER_KNOTS.) CURVE() GEOMETRIC_REPRESENTATION_ITEM() 
RATIONAL_B_SPLINE_CURVE((1.,0.866025403784,1.,0.866025403784,1.,
0.866025403784,1.)) REPRESENTATION_ITEM('') );
#7669 = CARTESIAN_POINT('',(-1.224646799147E-16,-1.,1.4));
#7670 = CARTESIAN_POINT('',(-0.57735026919,-1.,1.366666666667));
#7671 = CARTESIAN_POINT('',(-0.866025403784,-0.5,1.333333333333));
#7672 = CARTESIAN_POINT('',(-1.154700538379,-1.935350212603E-15,1.3));
#7673 = CARTESIAN_POINT('',(-0.866025403784,0.5,1.266666666667));
#7674 = CARTESIAN_POINT('',(-0.57735026919,1.,1.233333333333));
#7675 = CARTESIAN_POINT('',(0.,1.,1.2));
#7676 = ORIENTED_EDGE('',*,*,#7052,.T.);
#7677 = ORIENTED_EDGE('',*,*,#7678,.F.);
#7678 = EDGE_CURVE('',#6985,#7041,#7679,.T.);
#7679 = ( BOUNDED_CURVE() B_SPLINE_CURVE(2,(#7680,#7681,#7682,#7683,
#7684,#7685,#7686),.UNSPECIFIED.,.F.,.F.) B_SPLINE_CURVE_WITH_KNOTS((3,2
    ,2,3),(0.56,0.566666666667,0.573333333333,0.58),
.PIECEWISE_BEZIER_KNOTS.) CURVE() GEOMETRIC_REPRESENTATION_ITEM() 
RATIONAL_B_SPLINE_CURVE((1.,0.866025403784,1.,0.866025403784,1.,
0.866025403784,1.)) REPRESENTATION_ITEM('') );
#7680 = CARTESIAN_POINT('',(0.,1.,1.25));
#7681 = CARTESIAN_POINT('',(-0.57735026919,1.,1.283333333333));
#7682 = CARTESIAN_POINT('',(-0.866025403784,0.5,1.316666666667));
#7683 = CARTESIAN_POINT('',(-1.154700538379,-1.935350212603E-15,1.35));
#7684 = CARTESIAN_POINT('',(-0.866025403784,-0.5,1.383333333333));
#7685 = CARTESIAN_POINT('',(-0.57735026919,-1.,1.416666666667));
#7686 = CARTESIAN_POINT('',(-1.224646799147E-16,-1.,1.45));
#7687 = CYLINDRICAL_SURFACE('',#7688,1.);
#7688 = AXIS2_PLACEMENT_3D('',#7689,#7690,#7691);
#7689 = CARTESIAN_POINT('',(0.,-1.951563910474E-15,5.3));
#7690 = DIRECTION('',(-0.,6.054590893736E-18,1.));
#7691 = DIRECTION('',(0.,-1.,6.054590893736E-18));
#7692 = ADVANCED_FACE('',(#7693),#7717,.T.);
#7693 = FACE_BOUND('',#7694,.T.);
#7694 = EDGE_LOOP('',(#7695,#7696,#7706,#7707));
#7695 = ORIENTED_EDGE('',*,*,#7032,.F.);
#7696 = ORIENTED_EDGE('',*,*,#7697,.F.);
#7697 = EDGE_CURVE('',#7069,#7019,#7698,.T.);
#7698 = ( BOUNDED_CURVE() B_SPLINE_CURVE(2,(#7699,#7700,#7701,#7702,
#7703,#7704,#7705),.UNSPECIFIED.,.F.,.F.) B_SPLINE_CURVE_WITH_KNOTS((3,2
,2,3),(0.42,0.426666666667,0.433333333333,0.44),.UNSPECIFIED.) CURVE() 
GEOMETRIC_REPRESENTATION_ITEM() RATIONAL_B_SPLINE_CURVE((1.,
    0.866025403784,1.,0.866025403784,1.,0.866025403784,1.)) 
REPRESENTATION_ITEM('') );
#7699 = CARTESIAN_POINT('',(-1.224646799147E-16,-1.,1.8));
#7700 = CARTESIAN_POINT('',(-0.57735026919,-1.,1.766666666667));
#7701 = CARTESIAN_POINT('',(-0.866025403784,-0.5,1.733333333333));
#7702 = CARTESIAN_POINT('',(-1.154700538379,-1.935350212603E-15,1.7));
#7703 = CARTESIAN_POINT('',(-0.866025403784,0.5,1.666666666667));
#7704 = CARTESIAN_POINT('',(-0.57735026919,1.,1.633333333333));
#7705 = CARTESIAN_POINT('',(0.,1.,1.6));
#7706 = ORIENTED_EDGE('',*,*,#7100,.T.);
#7707 = ORIENTED_EDGE('',*,*,#7708,.F.);
#7708 = EDGE_CURVE('',#7033,#7089,#7709,.T.);
#7709 = ( BOUNDED_CURVE() B_SPLINE_CURVE(2,(#7710,#7711,#7712,#7713,
#7714,#7715,#7716),.UNSPECIFIED.,.F.,.F.) B_SPLINE_CURVE_WITH_KNOTS((3,2
    ,2,3),(0.6,0.606666666667,0.613333333333,0.62),
.PIECEWISE_BEZIER_KNOTS.) CURVE() GEOMETRIC_REPRESENTATION_ITEM() 
RATIONAL_B_SPLINE_CURVE((1.,0.866025403784,1.,0.866025403784,1.,
0.866025403784,1.)) REPRESENTATION_ITEM('') );
#7710 = CARTESIAN_POINT('',(0.,1.,1.65));
#7711 = CARTESIAN_POINT('',(-0.57735026919,1.,1.683333333333));
#7712 = CARTESIAN_POINT('',(-0.866025403784,0.5,1.716666666667));
#7713 = CARTESIAN_POINT('',(-1.154700538379,-1.935350212603E-15,1.75));
#7714 = CARTESIAN_POINT('',(-0.866025403784,-0.5,1.783333333333));
#7715 = CARTESIAN_POINT('',(-0.57735026919,-1.,1.816666666667));
#7716 = CARTESIAN_POINT('',(-1.224646799147E-16,-1.,1.85));
#7717 = CYLINDRICAL_SURFACE('',#7718,1.);
#7718 = AXIS2_PLACEMENT_3D('',#7719,#7720,#7721);
#7719 = CARTESIAN_POINT('',(0.,-1.951563910474E-15,5.3));
#7720 = DIRECTION('',(-0.,6.054590893736E-18,1.));
#7721 = DIRECTION('',(0.,-1.,6.054590893736E-18));
#7722 = ADVANCED_FACE('',(#7723),#7747,.T.);
#7723 = FACE_BOUND('',#7724,.T.);
#7724 = EDGE_LOOP('',(#7725,#7726,#7736,#7737));
#7725 = ORIENTED_EDGE('',*,*,#7080,.F.);
#7726 = ORIENTED_EDGE('',*,*,#7727,.F.);
#7727 = EDGE_CURVE('',#7117,#7067,#7728,.T.);
#7728 = ( BOUNDED_CURVE() B_SPLINE_CURVE(2,(#7729,#7730,#7731,#7732,
#7733,#7734,#7735),.UNSPECIFIED.,.F.,.F.) B_SPLINE_CURVE_WITH_KNOTS((3,2
    ,2,3),(0.38,0.386666666667,0.393333333333,0.4),
.PIECEWISE_BEZIER_KNOTS.) CURVE() GEOMETRIC_REPRESENTATION_ITEM() 
RATIONAL_B_SPLINE_CURVE((1.,0.866025403784,1.,0.866025403784,1.,
0.866025403784,1.)) REPRESENTATION_ITEM('') );
#7729 = CARTESIAN_POINT('',(-1.224646799147E-16,-1.,2.2));
#7730 = CARTESIAN_POINT('',(-0.57735026919,-1.,2.166666666667));
#7731 = CARTESIAN_POINT('',(-0.866025403784,-0.5,2.133333333333));
#7732 = CARTESIAN_POINT('',(-1.154700538379,-1.935350212603E-15,2.1));
#7733 = CARTESIAN_POINT('',(-0.866025403784,0.5,2.066666666667));
#7734 = CARTESIAN_POINT('',(-0.57735026919,1.,2.033333333333));
#7735 = CARTESIAN_POINT('',(0.,1.,2.));
#7736 = ORIENTED_EDGE('',*,*,#7148,.T.);
#7737 = ORIENTED_EDGE('',*,*,#7738,.F.);
#7738 = EDGE_CURVE('',#7081,#7137,#7739,.T.);
#7739 = ( BOUNDED_CURVE() B_SPLINE_CURVE(2,(#7740,#7741,#7742,#7743,
#7744,#7745,#7746),.UNSPECIFIED.,.F.,.F.) B_SPLINE_CURVE_WITH_KNOTS((3,2
    ,2,3),(0.64,0.646666666667,0.653333333333,0.66),
.PIECEWISE_BEZIER_KNOTS.) CURVE() GEOMETRIC_REPRESENTATION_ITEM() 
RATIONAL_B_SPLINE_CURVE((1.,0.866025403784,1.,0.866025403784,1.,
0.866025403784,1.)) REPRESENTATION_ITEM('') );
#7740 = CARTESIAN_POINT('',(0.,1.,2.05));
#7741 = CARTESIAN_POINT('',(-0.57735026919,1.,2.083333333333));
#7742 = CARTESIAN_POINT('',(-0.866025403784,0.5,2.116666666667));
#7743 = CARTESIAN_POINT('',(-1.154700538379,-1.935350212603E-15,2.15));
#7744 = CARTESIAN_POINT('',(-0.866025403784,-0.5,2.183333333333));
#7745 = CARTESIAN_POINT('',(-0.57735026919,-1.,2.216666666667));
#7746 = CARTESIAN_POINT('',(-1.224646799147E-16,-1.,2.25));
#7747 = CYLINDRICAL_SURFACE('',#7748,1.);
#7748 = AXIS2_PLACEMENT_3D('',#7749,#7750,#7751);
#7749 = CARTESIAN_POINT('',(0.,-1.951563910474E-15,5.3));
#7750 = DIRECTION('',(-0.,6.054590893736E-18,1.));
#7751 = DIRECTION('',(0.,-1.,6.054590893736E-18));
#7752 = ADVANCED_FACE('',(#7753),#7777,.T.);
#7753 = FACE_BOUND('',#7754,.T.);
#7754 = EDGE_LOOP('',(#7755,#7756,#7766,#7767));
#7755 = ORIENTED_EDGE('',*,*,#7128,.F.);
#7756 = ORIENTED_EDGE('',*,*,#7757,.F.);
#7757 = EDGE_CURVE('',#7165,#7115,#7758,.T.);
#7758 = ( BOUNDED_CURVE() B_SPLINE_CURVE(2,(#7759,#7760,#7761,#7762,
#7763,#7764,#7765),.UNSPECIFIED.,.F.,.F.) B_SPLINE_CURVE_WITH_KNOTS((3,2
    ,2,3),(0.34,0.346666666667,0.353333333333,0.36),
.PIECEWISE_BEZIER_KNOTS.) CURVE() GEOMETRIC_REPRESENTATION_ITEM() 
RATIONAL_B_SPLINE_CURVE((1.,0.866025403784,1.,0.866025403784,1.,
0.866025403784,1.)) REPRESENTATION_ITEM('') );
#7759 = CARTESIAN_POINT('',(-1.224646799147E-16,-1.,2.6));
#7760 = CARTESIAN_POINT('',(-0.57735026919,-1.,2.566666666667));
#7761 = CARTESIAN_POINT('',(-0.866025403784,-0.5,2.533333333333));
#7762 = CARTESIAN_POINT('',(-1.154700538379,-1.935350212603E-15,2.5));
#7763 = CARTESIAN_POINT('',(-0.866025403784,0.5,2.466666666667));
#7764 = CARTESIAN_POINT('',(-0.57735026919,1.,2.433333333333));
#7765 = CARTESIAN_POINT('',(0.,1.,2.4));
#7766 = ORIENTED_EDGE('',*,*,#7196,.T.);
#7767 = ORIENTED_EDGE('',*,*,#7768,.F.);
#7768 = EDGE_CURVE('',#7129,#7185,#7769,.T.);
#7769 = ( BOUNDED_CURVE() B_SPLINE_CURVE(2,(#7770,#7771,#7772,#7773,
#7774,#7775,#7776),.UNSPECIFIED.,.F.,.F.) B_SPLINE_CURVE_WITH_KNOTS((3,2
    ,2,3),(0.68,0.686666666667,0.693333333333,0.7),
.PIECEWISE_BEZIER_KNOTS.) CURVE() GEOMETRIC_REPRESENTATION_ITEM() 
RATIONAL_B_SPLINE_CURVE((1.,0.866025403784,1.,0.866025403784,1.,
0.866025403784,1.)) REPRESENTATION_ITEM('') );
#7770 = CARTESIAN_POINT('',(0.,1.,2.45));
#7771 = CARTESIAN_POINT('',(-0.57735026919,1.,2.483333333333));
#7772 = CARTESIAN_POINT('',(-0.866025403784,0.5,2.516666666667));
#7773 = CARTESIAN_POINT('',(-1.154700538379,-1.935350212603E-15,2.55));
#7774 = CARTESIAN_POINT('',(-0.866025403784,-0.5,2.583333333333));
#7775 = CARTESIAN_POINT('',(-0.57735026919,-1.,2.616666666667));
#7776 = CARTESIAN_POINT('',(-1.224646799147E-16,-1.,2.65));
#7777 = CYLINDRICAL_SURFACE('',#7778,1.);
#7778 = AXIS2_PLACEMENT_3D('',#7779,#7780,#7781);
#7779 = CARTESIAN_POINT('',(0.,-1.951563910474E-15,5.3));
#7780 = DIRECTION('',(-0.,6.054590893736E-18,1.));
#7781 = DIRECTION('',(0.,-1.,6.054590893736E-18));
#7782 = ADVANCED_FACE('',(#7783),#7807,.T.);
#7783 = FACE_BOUND('',#7784,.T.);
#7784 = EDGE_LOOP('',(#7785,#7786,#7796,#7797));
#7785 = ORIENTED_EDGE('',*,*,#7176,.F.);
#7786 = ORIENTED_EDGE('',*,*,#7787,.F.);
#7787 = EDGE_CURVE('',#7213,#7163,#7788,.T.);
#7788 = ( BOUNDED_CURVE() B_SPLINE_CURVE(2,(#7789,#7790,#7791,#7792,
#7793,#7794,#7795),.UNSPECIFIED.,.F.,.F.) B_SPLINE_CURVE_WITH_KNOTS((3,2
    ,2,3),(0.3,0.306666666667,0.313333333333,0.32),
.PIECEWISE_BEZIER_KNOTS.) CURVE() GEOMETRIC_REPRESENTATION_ITEM() 
RATIONAL_B_SPLINE_CURVE((1.,0.866025403784,1.,0.866025403784,1.,
0.866025403784,1.)) REPRESENTATION_ITEM('') );
#7789 = CARTESIAN_POINT('',(-1.224646799147E-16,-1.,3.));
#7790 = CARTESIAN_POINT('',(-0.57735026919,-1.,2.966666666667));
#7791 = CARTESIAN_POINT('',(-0.866025403784,-0.5,2.933333333333));
#7792 = CARTESIAN_POINT('',(-1.154700538379,-1.935350212603E-15,2.9));
#7793 = CARTESIAN_POINT('',(-0.866025403784,0.5,2.866666666667));
#7794 = CARTESIAN_POINT('',(-0.57735026919,1.,2.833333333333));
#7795 = CARTESIAN_POINT('',(0.,1.,2.8));
#7796 = ORIENTED_EDGE('',*,*,#7244,.T.);
#7797 = ORIENTED_EDGE('',*,*,#7798,.F.);
#7798 = EDGE_CURVE('',#7177,#7233,#7799,.T.);
#7799 = ( BOUNDED_CURVE() B_SPLINE_CURVE(2,(#7800,#7801,#7802,#7803,
#7804,#7805,#7806),.UNSPECIFIED.,.F.,.F.) B_SPLINE_CURVE_WITH_KNOTS((3,2
    ,2,3),(0.72,0.726666666667,0.733333333333,0.74),
.PIECEWISE_BEZIER_KNOTS.) CURVE() GEOMETRIC_REPRESENTATION_ITEM() 
RATIONAL_B_SPLINE_CURVE((1.,0.866025403784,1.,0.866025403784,1.,
0.866025403784,1.)) REPRESENTATION_ITEM('') );
#7800 = CARTESIAN_POINT('',(0.,1.,2.85));
#7801 = CARTESIAN_POINT('',(-0.57735026919,1.,2.883333333333));
#7802 = CARTESIAN_POINT('',(-0.866025403784,0.5,2.916666666667));
#7803 = CARTESIAN_POINT('',(-1.154700538379,-1.935350212603E-15,2.95));
#7804 = CARTESIAN_POINT('',(-0.866025403784,-0.5,2.983333333333));
#7805 = CARTESIAN_POINT('',(-0.57735026919,-1.,3.016666666667));
#7806 = CARTESIAN_POINT('',(-1.224646799147E-16,-1.,3.05));
#7807 = CYLINDRICAL_SURFACE('',#7808,1.);
#7808 = AXIS2_PLACEMENT_3D('',#7809,#7810,#7811);
#7809 = CARTESIAN_POINT('',(0.,-1.951563910474E-15,5.3));
#7810 = DIRECTION('',(-0.,6.054590893736E-18,1.));
#7811 = DIRECTION('',(0.,-1.,6.054590893736E-18));
#7812 = ADVANCED_FACE('',(#7813),#7837,.T.);
#7813 = FACE_BOUND('',#7814,.T.);
#7814 = EDGE_LOOP('',(#7815,#7816,#7826,#7827));
#7815 = ORIENTED_EDGE('',*,*,#7224,.F.);
#7816 = ORIENTED_EDGE('',*,*,#7817,.F.);
#7817 = EDGE_CURVE('',#7261,#7211,#7818,.T.);
#7818 = ( BOUNDED_CURVE() B_SPLINE_CURVE(2,(#7819,#7820,#7821,#7822,
#7823,#7824,#7825),.UNSPECIFIED.,.F.,.F.) B_SPLINE_CURVE_WITH_KNOTS((3,2
    ,2,3),(0.26,0.266666666667,0.273333333333,0.28),
.PIECEWISE_BEZIER_KNOTS.) CURVE() GEOMETRIC_REPRESENTATION_ITEM() 
RATIONAL_B_SPLINE_CURVE((1.,0.866025403784,1.,0.866025403784,1.,
0.866025403784,1.)) REPRESENTATION_ITEM('') );
#7819 = CARTESIAN_POINT('',(-1.224646799147E-16,-1.,3.4));
#7820 = CARTESIAN_POINT('',(-0.57735026919,-1.,3.366666666667));
#7821 = CARTESIAN_POINT('',(-0.866025403784,-0.5,3.333333333333));
#7822 = CARTESIAN_POINT('',(-1.154700538379,-1.935350212603E-15,3.3));
#7823 = CARTESIAN_POINT('',(-0.866025403784,0.5,3.266666666667));
#7824 = CARTESIAN_POINT('',(-0.57735026919,1.,3.233333333333));
#7825 = CARTESIAN_POINT('',(0.,1.,3.2));
#7826 = ORIENTED_EDGE('',*,*,#7292,.T.);
#7827 = ORIENTED_EDGE('',*,*,#7828,.F.);
#7828 = EDGE_CURVE('',#7225,#7281,#7829,.T.);
#7829 = ( BOUNDED_CURVE() B_SPLINE_CURVE(2,(#7830,#7831,#7832,#7833,
#7834,#7835,#7836),.UNSPECIFIED.,.F.,.F.) B_SPLINE_CURVE_WITH_KNOTS((3,2
    ,2,3),(0.76,0.766666666667,0.773333333333,0.78),
.PIECEWISE_BEZIER_KNOTS.) CURVE() GEOMETRIC_REPRESENTATION_ITEM() 
RATIONAL_B_SPLINE_CURVE((1.,0.866025403784,1.,0.866025403784,1.,
0.866025403784,1.)) REPRESENTATION_ITEM('') );
#7830 = CARTESIAN_POINT('',(0.,1.,3.25));
#7831 = CARTESIAN_POINT('',(-0.57735026919,1.,3.283333333333));
#7832 = CARTESIAN_POINT('',(-0.866025403784,0.5,3.316666666667));
#7833 = CARTESIAN_POINT('',(-1.154700538379,-1.935350212603E-15,3.35));
#7834 = CARTESIAN_POINT('',(-0.866025403784,-0.5,3.383333333333));
#7835 = CARTESIAN_POINT('',(-0.57735026919,-1.,3.416666666667));
#7836 = CARTESIAN_POINT('',(-1.224646799147E-16,-1.,3.45));
#7837 = CYLINDRICAL_SURFACE('',#7838,1.);
#7838 = AXIS2_PLACEMENT_3D('',#7839,#7840,#7841);
#7839 = CARTESIAN_POINT('',(0.,-1.951563910474E-15,5.3));
#7840 = DIRECTION('',(-0.,6.054590893736E-18,1.));
#7841 = DIRECTION('',(0.,-1.,6.054590893736E-18));
#7842 = ADVANCED_FACE('',(#7843),#7876,.T.);
#7843 = FACE_BOUND('',#7844,.T.);
#7844 = EDGE_LOOP('',(#7845,#7846,#7858,#7866));
#7845 = ORIENTED_EDGE('',*,*,#7272,.F.);
#7846 = ORIENTED_EDGE('',*,*,#7847,.F.);
#7847 = EDGE_CURVE('',#7848,#7259,#7850,.T.);
#7848 = VERTEX_POINT('',#7849);
#7849 = CARTESIAN_POINT('',(-1.224646799147E-16,-1.,3.8));
#7850 = ( BOUNDED_CURVE() B_SPLINE_CURVE(2,(#7851,#7852,#7853,#7854,
#7855,#7856,#7857),.UNSPECIFIED.,.F.,.F.) B_SPLINE_CURVE_WITH_KNOTS((3,2
,2,3),(0.22,0.226666666667,0.233333333333,0.24),.UNSPECIFIED.) CURVE() 
GEOMETRIC_REPRESENTATION_ITEM() RATIONAL_B_SPLINE_CURVE((1.,
    0.866025403784,1.,0.866025403784,1.,0.866025403784,1.)) 
REPRESENTATION_ITEM('') );
#7851 = CARTESIAN_POINT('',(-1.224646799147E-16,-1.,3.8));
#7852 = CARTESIAN_POINT('',(-0.57735026919,-1.,3.766666666667));
#7853 = CARTESIAN_POINT('',(-0.866025403784,-0.5,3.733333333333));
#7854 = CARTESIAN_POINT('',(-1.154700538379,-1.935350212603E-15,3.7));
#7855 = CARTESIAN_POINT('',(-0.866025403784,0.5,3.666666666667));
#7856 = CARTESIAN_POINT('',(-0.57735026919,1.,3.633333333333));
#7857 = CARTESIAN_POINT('',(0.,1.,3.6));
#7858 = ORIENTED_EDGE('',*,*,#7859,.T.);
#7859 = EDGE_CURVE('',#7848,#7860,#7862,.T.);
#7860 = VERTEX_POINT('',#7861);
#7861 = CARTESIAN_POINT('',(-1.224646799147E-16,-1.,3.85));
#7862 = LINE('',#7863,#7864);
#7863 = CARTESIAN_POINT('',(0.,-1.,5.3));
#7864 = VECTOR('',#7865,1.);
#7865 = DIRECTION('',(-0.,6.054590893736E-18,1.));
#7866 = ORIENTED_EDGE('',*,*,#7867,.F.);
#7867 = EDGE_CURVE('',#7273,#7860,#7868,.T.);
#7868 = ( BOUNDED_CURVE() B_SPLINE_CURVE(2,(#7869,#7870,#7871,#7872,
#7873,#7874,#7875),.UNSPECIFIED.,.F.,.F.) B_SPLINE_CURVE_WITH_KNOTS((3,2
    ,2,3),(0.8,0.806666666667,0.813333333333,0.82),
.PIECEWISE_BEZIER_KNOTS.) CURVE() GEOMETRIC_REPRESENTATION_ITEM() 
RATIONAL_B_SPLINE_CURVE((1.,0.866025403784,1.,0.866025403784,1.,
0.866025403784,1.)) REPRESENTATION_ITEM('') );
#7869 = CARTESIAN_POINT('',(0.,1.,3.65));
#7870 = CARTESIAN_POINT('',(-0.57735026919,1.,3.683333333333));
#7871 = CARTESIAN_POINT('',(-0.866025403784,0.5,3.716666666667));
#7872 = CARTESIAN_POINT('',(-1.154700538379,-1.935350212603E-15,3.75));
#7873 = CARTESIAN_POINT('',(-0.866025403784,-0.5,3.783333333333));
#7874 = CARTESIAN_POINT('',(-0.57735026919,-1.,3.816666666667));
#7875 = CARTESIAN_POINT('',(-1.224646799147E-16,-1.,3.85));
#7876 = CYLINDRICAL_SURFACE('',#7877,1.);
#7877 = AXIS2_PLACEMENT_3D('',#7878,#7879,#7880);
#7878 = CARTESIAN_POINT('',(0.,-1.951563910474E-15,5.3));
#7879 = DIRECTION('',(-0.,6.054590893736E-18,1.));
#7880 = DIRECTION('',(0.,-1.,6.054590893736E-18));
#7881 = ADVANCED_FACE('',(#7882),#7933,.T.);
#7882 = FACE_BOUND('',#7883,.T.);
#7883 = EDGE_LOOP('',(#7884,#7895,#7903,#7918,#7927));
#7884 = ORIENTED_EDGE('',*,*,#7885,.T.);
#7885 = EDGE_CURVE('',#7886,#7888,#7890,.T.);
#7886 = VERTEX_POINT('',#7887);
#7887 = CARTESIAN_POINT('',(0.,-0.7,-4.));
#7888 = VERTEX_POINT('',#7889);
#7889 = CARTESIAN_POINT('',(1.022525628151E-16,0.7,-4.));
#7890 = CIRCLE('',#7891,0.7);
#7891 = AXIS2_PLACEMENT_3D('',#7892,#7893,#7894);
#7892 = CARTESIAN_POINT('',(0.,-2.007871605786E-15,-4.));
#7893 = DIRECTION('',(-0.,6.054590893736E-18,1.));
#7894 = DIRECTION('',(0.,-1.,6.054590893736E-18));
#7895 = ORIENTED_EDGE('',*,*,#7896,.T.);
#7896 = EDGE_CURVE('',#7888,#7897,#7899,.T.);
#7897 = VERTEX_POINT('',#7898);
#7898 = CARTESIAN_POINT('',(1.19380875637E-12,0.841506350946,
    -3.858493649054));
#7899 = LINE('',#7900,#7901);
#7900 = CARTESIAN_POINT('',(8.572527594031E-17,0.7,-4.));
#7901 = VECTOR('',#7902,1.);
#7902 = DIRECTION('',(8.659560562355E-17,0.707106781187,0.707106781187)
  );
#7903 = ORIENTED_EDGE('',*,*,#7904,.F.);
#7904 = EDGE_CURVE('',#7905,#7897,#7907,.T.);
#7905 = VERTEX_POINT('',#7906);
#7906 = CARTESIAN_POINT('',(0.434084494628,-0.599546002616,
    -3.959807621135));
#7907 = B_SPLINE_CURVE_WITH_KNOTS('',3,(#7908,#7909,#7910,#7911,#7912,
    #7913,#7914,#7915,#7916,#7917),.UNSPECIFIED.,.F.,.F.,(4,2,2,2,4),(
    1.741336110151E-16,4.964092957832E-04,9.928185915663E-04,
    1.489227887349E-03,1.985637183132E-03),.UNSPECIFIED.);
#7908 = CARTESIAN_POINT('',(0.434084494628,-0.599546002616,
    -3.959807621135));
#7909 = CARTESIAN_POINT('',(0.575179009555,-0.509122623292,
    -3.950304732709));
#7910 = CARTESIAN_POINT('',(0.680314256373,-0.372588239116,
    -3.942578443028));
#7911 = CARTESIAN_POINT('',(0.790947829148,-5.6483696719E-02,
    -3.924869812197));
#7912 = CARTESIAN_POINT('',(0.793567460312,0.115425260211,
    -3.915583376926));
#7913 = CARTESIAN_POINT('',(0.693762848946,0.433809117942,
    -3.898916748908));
#7914 = CARTESIAN_POINT('',(0.592885458017,0.574313491355,
    -3.891363692462));
#7915 = CARTESIAN_POINT('',(0.328857504311,0.775329031787,
    -3.874272508111));
#7916 = CARTESIAN_POINT('',(0.165079846371,0.834325963376,
    -3.865674036624));
#7917 = CARTESIAN_POINT('',(1.19380875637E-12,0.841506350946,
    -3.858493649054));
#7918 = ORIENTED_EDGE('',*,*,#7919,.F.);
#7919 = EDGE_CURVE('',#7920,#7905,#7922,.T.);
#7920 = VERTEX_POINT('',#7921);
#7921 = CARTESIAN_POINT('',(0.,-0.740192378865,-3.959807621135));
#7922 = CIRCLE('',#7923,0.740192378865);
#7923 = AXIS2_PLACEMENT_3D('',#7924,#7925,#7926);
#7924 = CARTESIAN_POINT('',(0.,-2.007628257375E-15,-3.959807621135));
#7925 = DIRECTION('',(-0.,6.054590893736E-18,1.));
#7926 = DIRECTION('',(0.,-1.,6.054590893736E-18));
#7927 = ORIENTED_EDGE('',*,*,#7928,.F.);
#7928 = EDGE_CURVE('',#7886,#7920,#7929,.T.);
#7929 = LINE('',#7930,#7931);
#7930 = CARTESIAN_POINT('',(0.,-0.7,-4.));
#7931 = VECTOR('',#7932,1.);
#7932 = DIRECTION('',(0.,-0.707106781187,0.707106781187));
#7933 = CONICAL_SURFACE('',#7934,0.7,0.785398163397);
#7934 = AXIS2_PLACEMENT_3D('',#7935,#7936,#7937);
#7935 = CARTESIAN_POINT('',(0.,-2.007871605786E-15,-4.));
#7936 = DIRECTION('',(-0.,6.054590893736E-18,1.));
#7937 = DIRECTION('',(0.,-1.,6.054590893736E-18));
#7938 = ADVANCED_FACE('',(#7939),#7995,.T.);
#7939 = FACE_BOUND('',#7940,.T.);
#7940 = EDGE_LOOP('',(#7941,#7942,#7949,#7950,#7959,#7968,#7976));
#7941 = ORIENTED_EDGE('',*,*,#7896,.F.);
#7942 = ORIENTED_EDGE('',*,*,#7943,.T.);
#7943 = EDGE_CURVE('',#7888,#7886,#7944,.T.);
#7944 = CIRCLE('',#7945,0.7);
#7945 = AXIS2_PLACEMENT_3D('',#7946,#7947,#7948);
#7946 = CARTESIAN_POINT('',(0.,-2.007871605786E-15,-4.));
#7947 = DIRECTION('',(-0.,6.054590893736E-18,1.));
#7948 = DIRECTION('',(0.,-1.,6.054590893736E-18));
#7949 = ORIENTED_EDGE('',*,*,#7928,.T.);
#7950 = ORIENTED_EDGE('',*,*,#7951,.F.);
#7951 = EDGE_CURVE('',#7952,#7920,#7954,.T.);
#7952 = VERTEX_POINT('',#7953);
#7953 = CARTESIAN_POINT('',(-0.120077898153,-0.730387606757,
    -3.959807621135));
#7954 = CIRCLE('',#7955,0.740192378865);
#7955 = AXIS2_PLACEMENT_3D('',#7956,#7957,#7958);
#7956 = CARTESIAN_POINT('',(0.,-2.007628257375E-15,-3.959807621135));
#7957 = DIRECTION('',(-0.,6.054590893736E-18,1.));
#7958 = DIRECTION('',(0.,-1.,6.054590893736E-18));
#7959 = ORIENTED_EDGE('',*,*,#7960,.F.);
#7960 = EDGE_CURVE('',#7961,#7952,#7963,.T.);
#7961 = VERTEX_POINT('',#7962);
#7962 = CARTESIAN_POINT('',(-9.348922554028E-17,-0.763397459622,
    -3.936602540378));
#7963 = B_SPLINE_CURVE_WITH_KNOTS('',3,(#7964,#7965,#7966,#7967),
  .UNSPECIFIED.,.F.,.F.,(4,4),(1.416352375019E-03,1.542018709851E-03),
  .PIECEWISE_BEZIER_KNOTS.);
#7964 = CARTESIAN_POINT('',(-9.348922554028E-17,-0.763397459622,
    -3.936602540378));
#7965 = CARTESIAN_POINT('',(-4.077959809434E-02,-0.756100347711,
    -3.943899652289));
#7966 = CARTESIAN_POINT('',(-8.082102872747E-02,-0.745153018262,
    -3.951606251631));
#7967 = CARTESIAN_POINT('',(-0.120077898153,-0.730387606757,
    -3.959807621135));
#7968 = ORIENTED_EDGE('',*,*,#7969,.T.);
#7969 = EDGE_CURVE('',#7961,#7970,#7972,.T.);
#7970 = VERTEX_POINT('',#7971);
#7971 = CARTESIAN_POINT('',(-1.185827051148E-16,-0.968301270189,
    -3.731698729811));
#7972 = LINE('',#7973,#7974);
#7973 = CARTESIAN_POINT('',(0.,-0.7,-4.));
#7974 = VECTOR('',#7975,1.);
#7975 = DIRECTION('',(0.,-0.707106781187,0.707106781187));
#7976 = ORIENTED_EDGE('',*,*,#7977,.F.);
#7977 = EDGE_CURVE('',#7897,#7970,#7978,.T.);
#7978 = B_SPLINE_CURVE_WITH_KNOTS('',3,(#7979,#7980,#7981,#7982,#7983,
    #7984,#7985,#7986,#7987,#7988,#7989,#7990,#7991,#7992,#7993,#7994),
  .UNSPECIFIED.,.F.,.F.,(4,2,2,2,2,2,2,4),(1.985637183132E-03,
    2.340727235175E-03,2.695817287218E-03,3.050907339261E-03,
    3.405997391304E-03,3.761087443347E-03,4.116177495389E-03,
    4.826357599475E-03),.UNSPECIFIED.);
#7979 = CARTESIAN_POINT('',(1.19380875637E-12,0.841506350946,
    -3.858493649054));
#7980 = CARTESIAN_POINT('',(-0.118084435033,0.846642604875,
    -3.853357395125));
#7981 = CARTESIAN_POINT('',(-0.237694737099,0.827141915145,
    -3.847621252034));
#7982 = CARTESIAN_POINT('',(-0.459531767929,0.741259653769,
    -3.835984772014));
#7983 = CARTESIAN_POINT('',(-0.560659503467,0.675622212072,
    -3.830148408929));
#7984 = CARTESIAN_POINT('',(-0.72960658601,0.507611224584,
    -3.819186589629));
#7985 = CARTESIAN_POINT('',(-0.795573446259,0.40645310599,
    -3.814463868153));
#7986 = CARTESIAN_POINT('',(-0.884289368003,0.187114859901,
    -3.803890262188));
#7987 = CARTESIAN_POINT('',(-0.906897571572,6.776067748824E-02,
    -3.798238782822));
#7988 = CARTESIAN_POINT('',(-0.904807809861,-0.168123739333,
    -3.787278058453));
#7989 = CARTESIAN_POINT('',(-0.880064443009,-0.287079108303,
    -3.781855098937));
#7990 = CARTESIAN_POINT('',(-0.787633136829,-0.504571556666,
    -3.772088024055));
#7991 = CARTESIAN_POINT('',(-0.719856501442,-0.604742880546,
    -3.767350781552));
#7992 = CARTESIAN_POINT('',(-0.4689993273,-0.857666499371,
    -3.751706208563));
#7993 = CARTESIAN_POINT('',(-0.238392692868,-0.959289841169,
    -3.740710158831));
#7994 = CARTESIAN_POINT('',(-1.185827051148E-16,-0.968301270189,
    -3.731698729811));
#7995 = CONICAL_SURFACE('',#7996,0.7,0.785398163397);
#7996 = AXIS2_PLACEMENT_3D('',#7997,#7998,#7999);
#7997 = CARTESIAN_POINT('',(0.,-2.007871605786E-15,-4.));
#7998 = DIRECTION('',(-0.,6.054590893736E-18,1.));
#7999 = DIRECTION('',(0.,-1.,6.054590893736E-18));
#8000 = ADVANCED_FACE('',(#8001),#8047,.T.);
#8001 = FACE_BOUND('',#8002,.T.);
#8002 = EDGE_LOOP('',(#8003,#8019,#8027,#8041));
#8003 = ORIENTED_EDGE('',*,*,#8004,.T.);
#8004 = EDGE_CURVE('',#8005,#8007,#8009,.T.);
#8005 = VERTEX_POINT('',#8006);
#8006 = CARTESIAN_POINT('',(0.740192378865,-2.120731004812E-15,-3.9));
#8007 = VERTEX_POINT('',#8008);
#8008 = CARTESIAN_POINT('',(-0.740192378865,-2.106205449984E-15,-3.7));
#8009 = ( BOUNDED_CURVE() B_SPLINE_CURVE(2,(#8010,#8011,#8012,#8013,
    #8014,#8015,#8016,#8017,#8018),.UNSPECIFIED.,.F.,.F.) 
B_SPLINE_CURVE_WITH_KNOTS((3,2,2,2,3),(3.E-02,3.333333333333E-02,4.E-02,
4.666666666667E-02,5.E-02),.UNSPECIFIED.) CURVE() 
GEOMETRIC_REPRESENTATION_ITEM() RATIONAL_B_SPLINE_CURVE((0.933012701892,
    0.933012701892,1.,0.866025403784,1.,0.866025403784,1.,0.933012701892
,0.933012701892)) REPRESENTATION_ITEM('') );
#8010 = CARTESIAN_POINT('',(0.740192378865,-2.120731004812E-15,-3.9));
#8011 = CARTESIAN_POINT('',(0.740192378865,0.19833395016,-3.882136720505
    ));
#8012 = CARTESIAN_POINT('',(0.641025403784,0.370096189432,
    -3.866666666667));
#8013 = CARTESIAN_POINT('',(0.42735026919,0.740192378865,-3.833333333333
    ));
#8014 = CARTESIAN_POINT('',(1.81294845506E-16,0.740192378865,-3.8));
#8015 = CARTESIAN_POINT('',(-0.42735026919,0.740192378865,
    -3.766666666667));
#8016 = CARTESIAN_POINT('',(-0.641025403784,0.370096189432,
    -3.733333333333));
#8017 = CARTESIAN_POINT('',(-0.740192378865,0.19833395016,
    -3.717863279495));
#8018 = CARTESIAN_POINT('',(-0.740192378865,-2.106205449984E-15,-3.7));
#8019 = ORIENTED_EDGE('',*,*,#8020,.T.);
#8020 = EDGE_CURVE('',#8007,#8021,#8023,.T.);
#8021 = VERTEX_POINT('',#8022);
#8022 = CARTESIAN_POINT('',(-0.740192378865,-2.106205449984E-15,-3.65));
#8023 = LINE('',#8024,#8025);
#8024 = CARTESIAN_POINT('',(-0.740192378865,-1.915407805765E-15,-4.));
#8025 = VECTOR('',#8026,1.);
#8026 = DIRECTION('',(-0.,-0.,1.));
#8027 = ORIENTED_EDGE('',*,*,#8028,.F.);
#8028 = EDGE_CURVE('',#8029,#8021,#8031,.T.);
#8029 = VERTEX_POINT('',#8030);
#8030 = CARTESIAN_POINT('',(0.740192378865,-2.120731004812E-15,-3.85));
#8031 = ( BOUNDED_CURVE() B_SPLINE_CURVE(2,(#8032,#8033,#8034,#8035,
    #8036,#8037,#8038,#8039,#8040),.UNSPECIFIED.,.F.,.F.) 
B_SPLINE_CURVE_WITH_KNOTS((3,2,2,2,3),(3.E-02,3.333333333333E-02,4.E-02,
4.666666666667E-02,5.E-02),.UNSPECIFIED.) CURVE() 
GEOMETRIC_REPRESENTATION_ITEM() RATIONAL_B_SPLINE_CURVE((0.933012701892,
    0.933012701892,1.,0.866025403784,1.,0.866025403784,1.,0.933012701892
,0.933012701892)) REPRESENTATION_ITEM('') );
#8032 = CARTESIAN_POINT('',(0.740192378865,-2.120731004812E-15,-3.85));
#8033 = CARTESIAN_POINT('',(0.740192378865,0.19833395016,-3.832136720505
    ));
#8034 = CARTESIAN_POINT('',(0.641025403784,0.370096189432,
    -3.816666666667));
#8035 = CARTESIAN_POINT('',(0.42735026919,0.740192378865,-3.783333333333
    ));
#8036 = CARTESIAN_POINT('',(1.81294845506E-16,0.740192378865,-3.75));
#8037 = CARTESIAN_POINT('',(-0.42735026919,0.740192378865,
    -3.716666666667));
#8038 = CARTESIAN_POINT('',(-0.641025403784,0.370096189432,
    -3.683333333333));
#8039 = CARTESIAN_POINT('',(-0.740192378865,0.19833395016,
    -3.667863279495));
#8040 = CARTESIAN_POINT('',(-0.740192378865,-2.106205449984E-15,-3.65));
#8041 = ORIENTED_EDGE('',*,*,#8042,.F.);
#8042 = EDGE_CURVE('',#8005,#8029,#8043,.T.);
#8043 = LINE('',#8044,#8045);
#8044 = CARTESIAN_POINT('',(0.740192378865,-2.006055228518E-15,-4.));
#8045 = VECTOR('',#8046,1.);
#8046 = DIRECTION('',(-0.,-0.,1.));
#8047 = CYLINDRICAL_SURFACE('',#8048,0.740192378865);
#8048 = AXIS2_PLACEMENT_3D('',#8049,#8050,#8051);
#8049 = CARTESIAN_POINT('',(0.,-2.006055228518E-15,-4.));
#8050 = DIRECTION('',(-0.,-0.,1.));
#8051 = DIRECTION('',(1.,0.,0.));
#8052 = ADVANCED_FACE('',(#8053),#8099,.T.);
#8053 = FACE_BOUND('',#8054,.T.);
#8054 = EDGE_LOOP('',(#8055,#8071,#8079,#8093));
#8055 = ORIENTED_EDGE('',*,*,#8056,.T.);
#8056 = EDGE_CURVE('',#8057,#8059,#8061,.T.);
#8057 = VERTEX_POINT('',#8058);
#8058 = CARTESIAN_POINT('',(0.740192378865,-1.801168798607E-15,-3.5));
#8059 = VERTEX_POINT('',#8060);
#8060 = CARTESIAN_POINT('',(-0.740192378865,-1.394453263438E-15,-3.3));
#8061 = ( BOUNDED_CURVE() B_SPLINE_CURVE(2,(#8062,#8063,#8064,#8065,
    #8066,#8067,#8068,#8069,#8070),.UNSPECIFIED.,.F.,.F.) 
B_SPLINE_CURVE_WITH_KNOTS((3,2,2,2,3),(7.E-02,7.333333333333E-02,8.E-02,
8.666666666667E-02,9.E-02),.UNSPECIFIED.) CURVE() 
GEOMETRIC_REPRESENTATION_ITEM() RATIONAL_B_SPLINE_CURVE((0.933012701892,
    0.933012701892,1.,0.866025403784,1.,0.866025403784,1.,0.933012701892
,0.933012701892)) REPRESENTATION_ITEM('') );
#8062 = CARTESIAN_POINT('',(0.740192378865,-1.801168798607E-15,-3.5));
#8063 = CARTESIAN_POINT('',(0.740192378865,0.19833395016,-3.482136720505
    ));
#8064 = CARTESIAN_POINT('',(0.641025403784,0.370096189432,
    -3.466666666667));
#8065 = CARTESIAN_POINT('',(0.42735026919,0.740192378865,-3.433333333333
    ));
#8066 = CARTESIAN_POINT('',(3.62589691012E-16,0.740192378865,-3.4));
#8067 = CARTESIAN_POINT('',(-0.42735026919,0.740192378865,
    -3.366666666667));
#8068 = CARTESIAN_POINT('',(-0.641025403784,0.370096189432,
    -3.333333333333));
#8069 = CARTESIAN_POINT('',(-0.740192378865,0.19833395016,
    -3.317863279495));
#8070 = CARTESIAN_POINT('',(-0.740192378865,-1.394453263438E-15,-3.3));
#8071 = ORIENTED_EDGE('',*,*,#8072,.T.);
#8072 = EDGE_CURVE('',#8059,#8073,#8075,.T.);
#8073 = VERTEX_POINT('',#8074);
#8074 = CARTESIAN_POINT('',(-0.740192378865,-1.394453263438E-15,-3.25));
#8075 = LINE('',#8076,#8077);
#8076 = CARTESIAN_POINT('',(-0.740192378865,-1.915407805765E-15,-4.));
#8077 = VECTOR('',#8078,1.);
#8078 = DIRECTION('',(-0.,-0.,1.));
#8079 = ORIENTED_EDGE('',*,*,#8080,.F.);
#8080 = EDGE_CURVE('',#8081,#8073,#8083,.T.);
#8081 = VERTEX_POINT('',#8082);
#8082 = CARTESIAN_POINT('',(0.740192378865,-1.801168798607E-15,-3.45));
#8083 = ( BOUNDED_CURVE() B_SPLINE_CURVE(2,(#8084,#8085,#8086,#8087,
    #8088,#8089,#8090,#8091,#8092),.UNSPECIFIED.,.F.,.F.) 
B_SPLINE_CURVE_WITH_KNOTS((3,2,2,2,3),(7.E-02,7.333333333333E-02,8.E-02,
8.666666666667E-02,9.E-02),.UNSPECIFIED.) CURVE() 
GEOMETRIC_REPRESENTATION_ITEM() RATIONAL_B_SPLINE_CURVE((0.933012701892,
    0.933012701892,1.,0.866025403784,1.,0.866025403784,1.,0.933012701892
,0.933012701892)) REPRESENTATION_ITEM('') );
#8084 = CARTESIAN_POINT('',(0.740192378865,-1.801168798607E-15,-3.45));
#8085 = CARTESIAN_POINT('',(0.740192378865,0.19833395016,-3.432136720505
    ));
#8086 = CARTESIAN_POINT('',(0.641025403784,0.370096189432,
    -3.416666666667));
#8087 = CARTESIAN_POINT('',(0.42735026919,0.740192378865,-3.383333333333
    ));
#8088 = CARTESIAN_POINT('',(3.62589691012E-16,0.740192378865,-3.35));
#8089 = CARTESIAN_POINT('',(-0.42735026919,0.740192378865,
    -3.316666666667));
#8090 = CARTESIAN_POINT('',(-0.641025403784,0.370096189432,
    -3.283333333333));
#8091 = CARTESIAN_POINT('',(-0.740192378865,0.19833395016,
    -3.267863279495));
#8092 = CARTESIAN_POINT('',(-0.740192378865,-1.394453263438E-15,-3.25));
#8093 = ORIENTED_EDGE('',*,*,#8094,.F.);
#8094 = EDGE_CURVE('',#8057,#8081,#8095,.T.);
#8095 = LINE('',#8096,#8097);
#8096 = CARTESIAN_POINT('',(0.740192378865,-2.006055228518E-15,-4.));
#8097 = VECTOR('',#8098,1.);
#8098 = DIRECTION('',(-0.,-0.,1.));
#8099 = CYLINDRICAL_SURFACE('',#8100,0.740192378865);
#8100 = AXIS2_PLACEMENT_3D('',#8101,#8102,#8103);
#8101 = CARTESIAN_POINT('',(0.,-2.006055228518E-15,-4.));
#8102 = DIRECTION('',(-0.,-0.,1.));
#8103 = DIRECTION('',(1.,0.,0.));
#8104 = ADVANCED_FACE('',(#8105),#8151,.T.);
#8105 = FACE_BOUND('',#8106,.T.);
#8106 = EDGE_LOOP('',(#8107,#8123,#8131,#8145));
#8107 = ORIENTED_EDGE('',*,*,#8108,.T.);
#8108 = EDGE_CURVE('',#8109,#8111,#8113,.T.);
#8109 = VERTEX_POINT('',#8110);
#8110 = CARTESIAN_POINT('',(0.740192378865,-2.106205449984E-15,-3.1));
#8111 = VERTEX_POINT('',#8112);
#8112 = CARTESIAN_POINT('',(-0.740192378865,-3.442556494112E-15,-2.9));
#8113 = ( BOUNDED_CURVE() B_SPLINE_CURVE(2,(#8114,#8115,#8116,#8117,
    #8118,#8119,#8120,#8121,#8122),.UNSPECIFIED.,.F.,.F.) 
B_SPLINE_CURVE_WITH_KNOTS((3,2,2,2,3),(0.11,0.113333333333,0.12,
0.126666666667,0.13),.UNSPECIFIED.) CURVE() 
GEOMETRIC_REPRESENTATION_ITEM() RATIONAL_B_SPLINE_CURVE((0.933012701892,
    0.933012701892,1.,0.866025403784,1.,0.866025403784,1.,0.933012701892
,0.933012701892)) REPRESENTATION_ITEM('') );
#8114 = CARTESIAN_POINT('',(0.740192378865,-2.106205449984E-15,-3.1));
#8115 = CARTESIAN_POINT('',(0.740192378865,0.19833395016,-3.082136720505
    ));
#8116 = CARTESIAN_POINT('',(0.641025403784,0.370096189432,
    -3.066666666667));
#8117 = CARTESIAN_POINT('',(0.42735026919,0.740192378865,-3.033333333333
    ));
#8118 = CARTESIAN_POINT('',(5.438845365179E-16,0.740192378865,-3.));
#8119 = CARTESIAN_POINT('',(-0.42735026919,0.740192378865,
    -2.966666666667));
#8120 = CARTESIAN_POINT('',(-0.641025403784,0.370096189432,
    -2.933333333333));
#8121 = CARTESIAN_POINT('',(-0.740192378865,0.19833395016,
    -2.917863279495));
#8122 = CARTESIAN_POINT('',(-0.740192378865,-3.442556494112E-15,-2.9));
#8123 = ORIENTED_EDGE('',*,*,#8124,.T.);
#8124 = EDGE_CURVE('',#8111,#8125,#8127,.T.);
#8125 = VERTEX_POINT('',#8126);
#8126 = CARTESIAN_POINT('',(-0.740192378865,-3.442556494112E-15,-2.85));
#8127 = LINE('',#8128,#8129);
#8128 = CARTESIAN_POINT('',(-0.740192378865,-1.915407805765E-15,-4.));
#8129 = VECTOR('',#8130,1.);
#8130 = DIRECTION('',(-0.,-0.,1.));
#8131 = ORIENTED_EDGE('',*,*,#8132,.F.);
#8132 = EDGE_CURVE('',#8133,#8125,#8135,.T.);
#8133 = VERTEX_POINT('',#8134);
#8134 = CARTESIAN_POINT('',(0.740192378865,-2.106205449984E-15,-3.05));
#8135 = ( BOUNDED_CURVE() B_SPLINE_CURVE(2,(#8136,#8137,#8138,#8139,
    #8140,#8141,#8142,#8143,#8144),.UNSPECIFIED.,.F.,.F.) 
B_SPLINE_CURVE_WITH_KNOTS((3,2,2,2,3),(0.11,0.113333333333,0.12,
0.126666666667,0.13),.UNSPECIFIED.) CURVE() 
GEOMETRIC_REPRESENTATION_ITEM() RATIONAL_B_SPLINE_CURVE((0.933012701892,
    0.933012701892,1.,0.866025403784,1.,0.866025403784,1.,0.933012701892
,0.933012701892)) REPRESENTATION_ITEM('') );
#8136 = CARTESIAN_POINT('',(0.740192378865,-2.106205449984E-15,-3.05));
#8137 = CARTESIAN_POINT('',(0.740192378865,0.19833395016,-3.032136720505
    ));
#8138 = CARTESIAN_POINT('',(0.641025403784,0.370096189432,
    -3.016666666667));
#8139 = CARTESIAN_POINT('',(0.42735026919,0.740192378865,-2.983333333333
    ));
#8140 = CARTESIAN_POINT('',(5.438845365179E-16,0.740192378865,-2.95));
#8141 = CARTESIAN_POINT('',(-0.42735026919,0.740192378865,
    -2.916666666667));
#8142 = CARTESIAN_POINT('',(-0.641025403784,0.370096189432,
    -2.883333333333));
#8143 = CARTESIAN_POINT('',(-0.740192378865,0.19833395016,
    -2.867863279495));
#8144 = CARTESIAN_POINT('',(-0.740192378865,-3.442556494112E-15,-2.85));
#8145 = ORIENTED_EDGE('',*,*,#8146,.F.);
#8146 = EDGE_CURVE('',#8109,#8133,#8147,.T.);
#8147 = LINE('',#8148,#8149);
#8148 = CARTESIAN_POINT('',(0.740192378865,-2.006055228518E-15,-4.));
#8149 = VECTOR('',#8150,1.);
#8150 = DIRECTION('',(-0.,-0.,1.));
#8151 = CYLINDRICAL_SURFACE('',#8152,0.740192378865);
#8152 = AXIS2_PLACEMENT_3D('',#8153,#8154,#8155);
#8153 = CARTESIAN_POINT('',(0.,-2.006055228518E-15,-4.));
#8154 = DIRECTION('',(-0.,-0.,1.));
#8155 = DIRECTION('',(1.,0.,0.));
#8156 = ADVANCED_FACE('',(#8157),#8203,.T.);
#8157 = FACE_BOUND('',#8158,.T.);
#8158 = EDGE_LOOP('',(#8159,#8175,#8183,#8197));
#8159 = ORIENTED_EDGE('',*,*,#8160,.T.);
#8160 = EDGE_CURVE('',#8161,#8163,#8165,.T.);
#8161 = VERTEX_POINT('',#8162);
#8162 = CARTESIAN_POINT('',(0.740192378865,-6.536499672365E-16,-2.7));
#8163 = VERTEX_POINT('',#8164);
#8164 = CARTESIAN_POINT('',(-0.740192378865,-1.583285476195E-15,-2.5));
#8165 = ( BOUNDED_CURVE() B_SPLINE_CURVE(2,(#8166,#8167,#8168,#8169,
    #8170,#8171,#8172,#8173,#8174),.UNSPECIFIED.,.F.,.F.) 
B_SPLINE_CURVE_WITH_KNOTS((3,2,2,2,3),(0.15,0.153333333333,0.16,
0.166666666667,0.17),.UNSPECIFIED.) CURVE() 
GEOMETRIC_REPRESENTATION_ITEM() RATIONAL_B_SPLINE_CURVE((0.933012701892,
    0.933012701892,1.,0.866025403784,1.,0.866025403784,1.,0.933012701892
,0.933012701892)) REPRESENTATION_ITEM('') );
#8166 = CARTESIAN_POINT('',(0.740192378865,-6.536499672365E-16,-2.7));
#8167 = CARTESIAN_POINT('',(0.740192378865,0.19833395016,-2.682136720505
    ));
#8168 = CARTESIAN_POINT('',(0.641025403784,0.370096189432,
    -2.666666666667));
#8169 = CARTESIAN_POINT('',(0.42735026919,0.740192378865,-2.633333333333
    ));
#8170 = CARTESIAN_POINT('',(7.251793820239E-16,0.740192378865,-2.6));
#8171 = CARTESIAN_POINT('',(-0.42735026919,0.740192378865,
    -2.566666666667));
#8172 = CARTESIAN_POINT('',(-0.641025403784,0.370096189432,
    -2.533333333333));
#8173 = CARTESIAN_POINT('',(-0.740192378865,0.19833395016,
    -2.517863279495));
#8174 = CARTESIAN_POINT('',(-0.740192378865,-1.583285476195E-15,-2.5));
#8175 = ORIENTED_EDGE('',*,*,#8176,.T.);
#8176 = EDGE_CURVE('',#8163,#8177,#8179,.T.);
#8177 = VERTEX_POINT('',#8178);
#8178 = CARTESIAN_POINT('',(-0.740192378865,-1.583285476195E-15,-2.45));
#8179 = LINE('',#8180,#8181);
#8180 = CARTESIAN_POINT('',(-0.740192378865,-1.915407805765E-15,-4.));
#8181 = VECTOR('',#8182,1.);
#8182 = DIRECTION('',(-0.,-0.,1.));
#8183 = ORIENTED_EDGE('',*,*,#8184,.F.);
#8184 = EDGE_CURVE('',#8185,#8177,#8187,.T.);
#8185 = VERTEX_POINT('',#8186);
#8186 = CARTESIAN_POINT('',(0.740192378865,-6.536499672365E-16,-2.65));
#8187 = ( BOUNDED_CURVE() B_SPLINE_CURVE(2,(#8188,#8189,#8190,#8191,
    #8192,#8193,#8194,#8195,#8196),.UNSPECIFIED.,.F.,.F.) 
B_SPLINE_CURVE_WITH_KNOTS((3,2,2,2,3),(0.15,0.153333333333,0.16,
0.166666666667,0.17),.UNSPECIFIED.) CURVE() 
GEOMETRIC_REPRESENTATION_ITEM() RATIONAL_B_SPLINE_CURVE((0.933012701892,
    0.933012701892,1.,0.866025403784,1.,0.866025403784,1.,0.933012701892
,0.933012701892)) REPRESENTATION_ITEM('') );
#8188 = CARTESIAN_POINT('',(0.740192378865,-6.536499672365E-16,-2.65));
#8189 = CARTESIAN_POINT('',(0.740192378865,0.19833395016,-2.632136720505
    ));
#8190 = CARTESIAN_POINT('',(0.641025403784,0.370096189432,
    -2.616666666667));
#8191 = CARTESIAN_POINT('',(0.42735026919,0.740192378865,-2.583333333333
    ));
#8192 = CARTESIAN_POINT('',(7.251793820239E-16,0.740192378865,-2.55));
#8193 = CARTESIAN_POINT('',(-0.42735026919,0.740192378865,
    -2.516666666667));
#8194 = CARTESIAN_POINT('',(-0.641025403784,0.370096189432,
    -2.483333333333));
#8195 = CARTESIAN_POINT('',(-0.740192378865,0.19833395016,
    -2.467863279495));
#8196 = CARTESIAN_POINT('',(-0.740192378865,-1.583285476195E-15,-2.45));
#8197 = ORIENTED_EDGE('',*,*,#8198,.F.);
#8198 = EDGE_CURVE('',#8161,#8185,#8199,.T.);
#8199 = LINE('',#8200,#8201);
#8200 = CARTESIAN_POINT('',(0.740192378865,-2.006055228518E-15,-4.));
#8201 = VECTOR('',#8202,1.);
#8202 = DIRECTION('',(-0.,-0.,1.));
#8203 = CYLINDRICAL_SURFACE('',#8204,0.740192378865);
#8204 = AXIS2_PLACEMENT_3D('',#8205,#8206,#8207);
#8205 = CARTESIAN_POINT('',(0.,-2.006055228518E-15,-4.));
#8206 = DIRECTION('',(-0.,-0.,1.));
#8207 = DIRECTION('',(1.,0.,0.));
#8208 = ADVANCED_FACE('',(#8209),#8255,.T.);
#8209 = FACE_BOUND('',#8210,.T.);
#8210 = EDGE_LOOP('',(#8211,#8227,#8235,#8249));
#8211 = ORIENTED_EDGE('',*,*,#8212,.T.);
#8212 = EDGE_CURVE('',#8213,#8215,#8217,.T.);
#8213 = VERTEX_POINT('',#8214);
#8214 = CARTESIAN_POINT('',(0.740192378865,-8.279566251662E-16,-2.3));
#8215 = VERTEX_POINT('',#8216);
#8216 = CARTESIAN_POINT('',(-0.740192378865,-3.268249836183E-15,-2.1));
#8217 = ( BOUNDED_CURVE() B_SPLINE_CURVE(2,(#8218,#8219,#8220,#8221,
    #8222,#8223,#8224,#8225,#8226),.UNSPECIFIED.,.F.,.F.) 
B_SPLINE_CURVE_WITH_KNOTS((3,2,2,2,3),(0.19,0.193333333333,0.2,
0.206666666667,0.21),.UNSPECIFIED.) CURVE() 
GEOMETRIC_REPRESENTATION_ITEM() RATIONAL_B_SPLINE_CURVE((0.933012701892,
    0.933012701892,1.,0.866025403784,1.,0.866025403784,1.,0.933012701892
,0.933012701892)) REPRESENTATION_ITEM('') );
#8218 = CARTESIAN_POINT('',(0.740192378865,-8.279566251662E-16,-2.3));
#8219 = CARTESIAN_POINT('',(0.740192378865,0.19833395016,-2.282136720505
    ));
#8220 = CARTESIAN_POINT('',(0.641025403784,0.370096189432,
    -2.266666666667));
#8221 = CARTESIAN_POINT('',(0.42735026919,0.740192378865,-2.233333333333
    ));
#8222 = CARTESIAN_POINT('',(3.536165816866E-15,0.740192378865,-2.2));
#8223 = CARTESIAN_POINT('',(-0.42735026919,0.740192378865,
    -2.166666666667));
#8224 = CARTESIAN_POINT('',(-0.641025403784,0.370096189432,
    -2.133333333333));
#8225 = CARTESIAN_POINT('',(-0.740192378865,0.19833395016,
    -2.117863279495));
#8226 = CARTESIAN_POINT('',(-0.740192378865,-3.268249836183E-15,-2.1));
#8227 = ORIENTED_EDGE('',*,*,#8228,.T.);
#8228 = EDGE_CURVE('',#8215,#8229,#8231,.T.);
#8229 = VERTEX_POINT('',#8230);
#8230 = CARTESIAN_POINT('',(-0.740192378865,-3.268249836183E-15,-2.05));
#8231 = LINE('',#8232,#8233);
#8232 = CARTESIAN_POINT('',(-0.740192378865,-1.915407805765E-15,-4.));
#8233 = VECTOR('',#8234,1.);
#8234 = DIRECTION('',(-0.,-0.,1.));
#8235 = ORIENTED_EDGE('',*,*,#8236,.F.);
#8236 = EDGE_CURVE('',#8237,#8229,#8239,.T.);
#8237 = VERTEX_POINT('',#8238);
#8238 = CARTESIAN_POINT('',(0.740192378865,-8.279566251662E-16,-2.25));
#8239 = ( BOUNDED_CURVE() B_SPLINE_CURVE(2,(#8240,#8241,#8242,#8243,
    #8244,#8245,#8246,#8247,#8248),.UNSPECIFIED.,.F.,.F.) 
B_SPLINE_CURVE_WITH_KNOTS((3,2,2,2,3),(0.19,0.193333333333,0.2,
0.206666666667,0.21),.UNSPECIFIED.) CURVE() 
GEOMETRIC_REPRESENTATION_ITEM() RATIONAL_B_SPLINE_CURVE((0.933012701892,
    0.933012701892,1.,0.866025403784,1.,0.866025403784,1.,0.933012701892
,0.933012701892)) REPRESENTATION_ITEM('') );
#8240 = CARTESIAN_POINT('',(0.740192378865,-8.279566251662E-16,-2.25));
#8241 = CARTESIAN_POINT('',(0.740192378865,0.19833395016,-2.232136720505
    ));
#8242 = CARTESIAN_POINT('',(0.641025403784,0.370096189432,
    -2.216666666667));
#8243 = CARTESIAN_POINT('',(0.42735026919,0.740192378865,-2.183333333333
    ));
#8244 = CARTESIAN_POINT('',(3.536165816866E-15,0.740192378865,-2.15));
#8245 = CARTESIAN_POINT('',(-0.42735026919,0.740192378865,
    -2.116666666667));
#8246 = CARTESIAN_POINT('',(-0.641025403784,0.370096189432,
    -2.083333333333));
#8247 = CARTESIAN_POINT('',(-0.740192378865,0.19833395016,
    -2.067863279495));
#8248 = CARTESIAN_POINT('',(-0.740192378865,-3.268249836183E-15,-2.05));
#8249 = ORIENTED_EDGE('',*,*,#8250,.F.);
#8250 = EDGE_CURVE('',#8213,#8237,#8251,.T.);
#8251 = LINE('',#8252,#8253);
#8252 = CARTESIAN_POINT('',(0.740192378865,-2.006055228518E-15,-4.));
#8253 = VECTOR('',#8254,1.);
#8254 = DIRECTION('',(-0.,-0.,1.));
#8255 = CYLINDRICAL_SURFACE('',#8256,0.740192378865);
#8256 = AXIS2_PLACEMENT_3D('',#8257,#8258,#8259);
#8257 = CARTESIAN_POINT('',(0.,-2.006055228518E-15,-4.));
#8258 = DIRECTION('',(-0.,-0.,1.));
#8259 = DIRECTION('',(1.,0.,0.));
#8260 = ADVANCED_FACE('',(#8261),#8307,.T.);
#8261 = FACE_BOUND('',#8262,.T.);
#8262 = EDGE_LOOP('',(#8263,#8279,#8287,#8301));
#8263 = ORIENTED_EDGE('',*,*,#8264,.T.);
#8264 = EDGE_CURVE('',#8265,#8267,#8269,.T.);
#8265 = VERTEX_POINT('',#8266);
#8266 = CARTESIAN_POINT('',(0.740192378865,-6.68175522064E-16,-1.9));
#8267 = VERTEX_POINT('',#8268);
#8268 = CARTESIAN_POINT('',(-0.740192378865,-3.079417623425E-15,-1.7));
#8269 = ( BOUNDED_CURVE() B_SPLINE_CURVE(2,(#8270,#8271,#8272,#8273,
    #8274,#8275,#8276,#8277,#8278),.UNSPECIFIED.,.F.,.F.) 
B_SPLINE_CURVE_WITH_KNOTS((3,2,2,2,3),(0.23,0.233333333333,0.24,
0.246666666667,0.25),.UNSPECIFIED.) CURVE() 
GEOMETRIC_REPRESENTATION_ITEM() RATIONAL_B_SPLINE_CURVE((0.933012701892,
    0.933012701892,1.,0.866025403784,1.,0.866025403784,1.,0.933012701892
,0.933012701892)) REPRESENTATION_ITEM('') );
#8270 = CARTESIAN_POINT('',(0.740192378865,-6.68175522064E-16,-1.9));
#8271 = CARTESIAN_POINT('',(0.740192378865,0.19833395016,-1.882136720505
    ));
#8272 = CARTESIAN_POINT('',(0.641025403784,0.370096189432,
    -1.866666666667));
#8273 = CARTESIAN_POINT('',(0.42735026919,0.740192378865,-1.833333333333
    ));
#8274 = CARTESIAN_POINT('',(1.087769073036E-15,0.740192378865,-1.8));
#8275 = CARTESIAN_POINT('',(-0.42735026919,0.740192378865,
    -1.766666666667));
#8276 = CARTESIAN_POINT('',(-0.641025403784,0.370096189432,
    -1.733333333333));
#8277 = CARTESIAN_POINT('',(-0.740192378865,0.19833395016,
    -1.717863279495));
#8278 = CARTESIAN_POINT('',(-0.740192378865,-3.079417623425E-15,-1.7));
#8279 = ORIENTED_EDGE('',*,*,#8280,.T.);
#8280 = EDGE_CURVE('',#8267,#8281,#8283,.T.);
#8281 = VERTEX_POINT('',#8282);
#8282 = CARTESIAN_POINT('',(-0.740192378865,-3.079417623425E-15,-1.65));
#8283 = LINE('',#8284,#8285);
#8284 = CARTESIAN_POINT('',(-0.740192378865,-1.915407805765E-15,-4.));
#8285 = VECTOR('',#8286,1.);
#8286 = DIRECTION('',(-0.,-0.,1.));
#8287 = ORIENTED_EDGE('',*,*,#8288,.F.);
#8288 = EDGE_CURVE('',#8289,#8281,#8291,.T.);
#8289 = VERTEX_POINT('',#8290);
#8290 = CARTESIAN_POINT('',(0.740192378865,-6.68175522064E-16,-1.85));
#8291 = ( BOUNDED_CURVE() B_SPLINE_CURVE(2,(#8292,#8293,#8294,#8295,
    #8296,#8297,#8298,#8299,#8300),.UNSPECIFIED.,.F.,.F.) 
B_SPLINE_CURVE_WITH_KNOTS((3,2,2,2,3),(0.23,0.233333333333,0.24,
0.246666666667,0.25),.UNSPECIFIED.) CURVE() 
GEOMETRIC_REPRESENTATION_ITEM() RATIONAL_B_SPLINE_CURVE((0.933012701892,
    0.933012701892,1.,0.866025403784,1.,0.866025403784,1.,0.933012701892
,0.933012701892)) REPRESENTATION_ITEM('') );
#8292 = CARTESIAN_POINT('',(0.740192378865,-6.68175522064E-16,-1.85));
#8293 = CARTESIAN_POINT('',(0.740192378865,0.19833395016,-1.832136720505
    ));
#8294 = CARTESIAN_POINT('',(0.641025403784,0.370096189432,
    -1.816666666667));
#8295 = CARTESIAN_POINT('',(0.42735026919,0.740192378865,-1.783333333333
    ));
#8296 = CARTESIAN_POINT('',(1.087769073036E-15,0.740192378865,-1.75));
#8297 = CARTESIAN_POINT('',(-0.42735026919,0.740192378865,
    -1.716666666667));
#8298 = CARTESIAN_POINT('',(-0.641025403784,0.370096189432,
    -1.683333333333));
#8299 = CARTESIAN_POINT('',(-0.740192378865,0.19833395016,
    -1.667863279495));
#8300 = CARTESIAN_POINT('',(-0.740192378865,-3.079417623425E-15,-1.65));
#8301 = ORIENTED_EDGE('',*,*,#8302,.F.);
#8302 = EDGE_CURVE('',#8265,#8289,#8303,.T.);
#8303 = LINE('',#8304,#8305);
#8304 = CARTESIAN_POINT('',(0.740192378865,-2.006055228518E-15,-4.));
#8305 = VECTOR('',#8306,1.);
#8306 = DIRECTION('',(-0.,-0.,1.));
#8307 = CYLINDRICAL_SURFACE('',#8308,0.740192378865);
#8308 = AXIS2_PLACEMENT_3D('',#8309,#8310,#8311);
#8309 = CARTESIAN_POINT('',(0.,-2.006055228518E-15,-4.));
#8310 = DIRECTION('',(-0.,-0.,1.));
#8311 = DIRECTION('',(1.,0.,0.));
#8312 = ADVANCED_FACE('',(#8313),#8359,.T.);
#8313 = FACE_BOUND('',#8314,.T.);
#8314 = EDGE_LOOP('',(#8315,#8331,#8339,#8353));
#8315 = ORIENTED_EDGE('',*,*,#8316,.T.);
#8316 = EDGE_CURVE('',#8317,#8319,#8321,.T.);
#8317 = VERTEX_POINT('',#8318);
#8318 = CARTESIAN_POINT('',(0.740192378865,-2.440293211016E-15,-1.5));
#8319 = VERTEX_POINT('',#8320);
#8320 = CARTESIAN_POINT('',(-0.740192378865,-1.307299934473E-15,-1.3));
#8321 = ( BOUNDED_CURVE() B_SPLINE_CURVE(2,(#8322,#8323,#8324,#8325,
    #8326,#8327,#8328,#8329,#8330),.UNSPECIFIED.,.F.,.F.) 
B_SPLINE_CURVE_WITH_KNOTS((3,2,2,2,3),(0.27,0.273333333333,0.28,
0.286666666667,0.29),.UNSPECIFIED.) CURVE() 
GEOMETRIC_REPRESENTATION_ITEM() RATIONAL_B_SPLINE_CURVE((0.933012701892,
    0.933012701892,1.,0.866025403784,1.,0.866025403784,1.,0.933012701892
,0.933012701892)) REPRESENTATION_ITEM('') );
#8322 = CARTESIAN_POINT('',(0.740192378865,-2.440293211016E-15,-1.5));
#8323 = CARTESIAN_POINT('',(0.740192378865,0.19833395016,-1.482136720505
    ));
#8324 = CARTESIAN_POINT('',(0.641025403784,0.370096189432,
    -1.466666666667));
#8325 = CARTESIAN_POINT('',(0.42735026919,0.740192378865,-1.433333333333
    ));
#8326 = CARTESIAN_POINT('',(1.269063918542E-15,0.740192378865,-1.4));
#8327 = CARTESIAN_POINT('',(-0.42735026919,0.740192378865,
    -1.366666666667));
#8328 = CARTESIAN_POINT('',(-0.641025403784,0.370096189432,
    -1.333333333333));
#8329 = CARTESIAN_POINT('',(-0.740192378865,0.19833395016,
    -1.317863279495));
#8330 = CARTESIAN_POINT('',(-0.740192378865,-1.307299934473E-15,-1.3));
#8331 = ORIENTED_EDGE('',*,*,#8332,.T.);
#8332 = EDGE_CURVE('',#8319,#8333,#8335,.T.);
#8333 = VERTEX_POINT('',#8334);
#8334 = CARTESIAN_POINT('',(-0.740192378865,-1.307299934473E-15,-1.25));
#8335 = LINE('',#8336,#8337);
#8336 = CARTESIAN_POINT('',(-0.740192378865,-1.915407805765E-15,-4.));
#8337 = VECTOR('',#8338,1.);
#8338 = DIRECTION('',(-0.,-0.,1.));
#8339 = ORIENTED_EDGE('',*,*,#8340,.F.);
#8340 = EDGE_CURVE('',#8341,#8333,#8343,.T.);
#8341 = VERTEX_POINT('',#8342);
#8342 = CARTESIAN_POINT('',(0.740192378865,-2.440293211016E-15,-1.45));
#8343 = ( BOUNDED_CURVE() B_SPLINE_CURVE(2,(#8344,#8345,#8346,#8347,
    #8348,#8349,#8350,#8351,#8352),.UNSPECIFIED.,.F.,.F.) 
B_SPLINE_CURVE_WITH_KNOTS((3,2,2,2,3),(0.27,0.273333333333,0.28,
0.286666666667,0.29),.UNSPECIFIED.) CURVE() 
GEOMETRIC_REPRESENTATION_ITEM() RATIONAL_B_SPLINE_CURVE((0.933012701892,
    0.933012701892,1.,0.866025403784,1.,0.866025403784,1.,0.933012701892
,0.933012701892)) REPRESENTATION_ITEM('') );
#8344 = CARTESIAN_POINT('',(0.740192378865,-2.440293211016E-15,-1.45));
#8345 = CARTESIAN_POINT('',(0.740192378865,0.19833395016,-1.432136720505
    ));
#8346 = CARTESIAN_POINT('',(0.641025403784,0.370096189432,
    -1.416666666667));
#8347 = CARTESIAN_POINT('',(0.42735026919,0.740192378865,-1.383333333333
    ));
#8348 = CARTESIAN_POINT('',(1.269063918542E-15,0.740192378865,-1.35));
#8349 = CARTESIAN_POINT('',(-0.42735026919,0.740192378865,
    -1.316666666667));
#8350 = CARTESIAN_POINT('',(-0.641025403784,0.370096189432,
    -1.283333333333));
#8351 = CARTESIAN_POINT('',(-0.740192378865,0.19833395016,
    -1.267863279495));
#8352 = CARTESIAN_POINT('',(-0.740192378865,-1.307299934473E-15,-1.25));
#8353 = ORIENTED_EDGE('',*,*,#8354,.F.);
#8354 = EDGE_CURVE('',#8317,#8341,#8355,.T.);
#8355 = LINE('',#8356,#8357);
#8356 = CARTESIAN_POINT('',(0.740192378865,-2.006055228518E-15,-4.));
#8357 = VECTOR('',#8358,1.);
#8358 = DIRECTION('',(-0.,-0.,1.));
#8359 = CYLINDRICAL_SURFACE('',#8360,0.740192378865);
#8360 = AXIS2_PLACEMENT_3D('',#8361,#8362,#8363);
#8361 = CARTESIAN_POINT('',(0.,-2.006055228518E-15,-4.));
#8362 = DIRECTION('',(-0.,-0.,1.));
#8363 = DIRECTION('',(1.,0.,0.));
#8364 = ADVANCED_FACE('',(#8365),#8411,.T.);
#8365 = FACE_BOUND('',#8366,.T.);
#8366 = EDGE_LOOP('',(#8367,#8383,#8391,#8405));
#8367 = ORIENTED_EDGE('',*,*,#8368,.T.);
#8368 = EDGE_CURVE('',#8369,#8371,#8373,.T.);
#8369 = VERTEX_POINT('',#8370);
#8370 = CARTESIAN_POINT('',(0.740192378865,6.827010768915E-16,-1.1));
#8371 = VERTEX_POINT('',#8372);
#8372 = CARTESIAN_POINT('',(-0.740192378865,-1.132993276543E-15,-0.9));
#8373 = ( BOUNDED_CURVE() B_SPLINE_CURVE(2,(#8374,#8375,#8376,#8377,
    #8378,#8379,#8380,#8381,#8382),.UNSPECIFIED.,.F.,.F.) 
B_SPLINE_CURVE_WITH_KNOTS((3,2,2,2,3),(0.31,0.313333333333,0.32,
0.326666666667,0.33),.UNSPECIFIED.) CURVE() 
GEOMETRIC_REPRESENTATION_ITEM() RATIONAL_B_SPLINE_CURVE((0.933012701892,
    0.933012701892,1.,0.866025403784,1.,0.866025403784,1.,0.933012701892
,0.933012701892)) REPRESENTATION_ITEM('') );
#8374 = CARTESIAN_POINT('',(0.740192378865,6.827010768915E-16,-1.1));
#8375 = CARTESIAN_POINT('',(0.740192378865,0.19833395016,-1.082136720505
    ));
#8376 = CARTESIAN_POINT('',(0.641025403784,0.370096189432,
    -1.066666666667));
#8377 = CARTESIAN_POINT('',(0.42735026919,0.740192378865,-1.033333333333
    ));
#8378 = CARTESIAN_POINT('',(1.450358764048E-15,0.740192378865,-1.));
#8379 = CARTESIAN_POINT('',(-0.42735026919,0.740192378865,
    -0.966666666667));
#8380 = CARTESIAN_POINT('',(-0.641025403784,0.370096189432,
    -0.933333333333));
#8381 = CARTESIAN_POINT('',(-0.740192378865,0.19833395016,
    -0.917863279495));
#8382 = CARTESIAN_POINT('',(-0.740192378865,-1.132993276543E-15,-0.9));
#8383 = ORIENTED_EDGE('',*,*,#8384,.T.);
#8384 = EDGE_CURVE('',#8371,#8385,#8387,.T.);
#8385 = VERTEX_POINT('',#8386);
#8386 = CARTESIAN_POINT('',(-0.740192378865,-1.132993276543E-15,-0.85));
#8387 = LINE('',#8388,#8389);
#8388 = CARTESIAN_POINT('',(-0.740192378865,-1.915407805765E-15,-4.));
#8389 = VECTOR('',#8390,1.);
#8390 = DIRECTION('',(-0.,-0.,1.));
#8391 = ORIENTED_EDGE('',*,*,#8392,.F.);
#8392 = EDGE_CURVE('',#8393,#8385,#8395,.T.);
#8393 = VERTEX_POINT('',#8394);
#8394 = CARTESIAN_POINT('',(0.740192378865,6.827010768915E-16,-1.05));
#8395 = ( BOUNDED_CURVE() B_SPLINE_CURVE(2,(#8396,#8397,#8398,#8399,
    #8400,#8401,#8402,#8403,#8404),.UNSPECIFIED.,.F.,.F.) 
B_SPLINE_CURVE_WITH_KNOTS((3,2,2,2,3),(0.31,0.313333333333,0.32,
0.326666666667,0.33),.UNSPECIFIED.) CURVE() 
GEOMETRIC_REPRESENTATION_ITEM() RATIONAL_B_SPLINE_CURVE((0.933012701892,
    0.933012701892,1.,0.866025403784,1.,0.866025403784,1.,0.933012701892
,0.933012701892)) REPRESENTATION_ITEM('') );
#8396 = CARTESIAN_POINT('',(0.740192378865,6.827010768915E-16,-1.05));
#8397 = CARTESIAN_POINT('',(0.740192378865,0.19833395016,-1.032136720505
    ));
#8398 = CARTESIAN_POINT('',(0.641025403784,0.370096189432,
    -1.016666666667));
#8399 = CARTESIAN_POINT('',(0.42735026919,0.740192378865,-0.983333333333
    ));
#8400 = CARTESIAN_POINT('',(1.450358764048E-15,0.740192378865,-0.95));
#8401 = CARTESIAN_POINT('',(-0.42735026919,0.740192378865,
    -0.916666666667));
#8402 = CARTESIAN_POINT('',(-0.641025403784,0.370096189432,
    -0.883333333333));
#8403 = CARTESIAN_POINT('',(-0.740192378865,0.19833395016,
    -0.867863279495));
#8404 = CARTESIAN_POINT('',(-0.740192378865,-1.132993276543E-15,-0.85));
#8405 = ORIENTED_EDGE('',*,*,#8406,.F.);
#8406 = EDGE_CURVE('',#8369,#8393,#8407,.T.);
#8407 = LINE('',#8408,#8409);
#8408 = CARTESIAN_POINT('',(0.740192378865,-2.006055228518E-15,-4.));
#8409 = VECTOR('',#8410,1.);
#8410 = DIRECTION('',(-0.,-0.,1.));
#8411 = CYLINDRICAL_SURFACE('',#8412,0.740192378865);
#8412 = AXIS2_PLACEMENT_3D('',#8413,#8414,#8415);
#8413 = CARTESIAN_POINT('',(0.,-2.006055228518E-15,-4.));
#8414 = DIRECTION('',(-0.,-0.,1.));
#8415 = DIRECTION('',(1.,0.,0.));
#8416 = ADVANCED_FACE('',(#8417),#8463,.T.);
#8417 = FACE_BOUND('',#8418,.T.);
#8418 = EDGE_LOOP('',(#8419,#8435,#8443,#8457));
#8419 = ORIENTED_EDGE('',*,*,#8420,.T.);
#8420 = EDGE_CURVE('',#8421,#8423,#8425,.T.);
#8421 = VERTEX_POINT('',#8422);
#8422 = CARTESIAN_POINT('',(0.740192378865,-2.817957636531E-15,-0.7));
#8423 = VERTEX_POINT('',#8424);
#8424 = CARTESIAN_POINT('',(-0.740192378865,-4.212410899969E-15,-0.5));
#8425 = ( BOUNDED_CURVE() B_SPLINE_CURVE(2,(#8426,#8427,#8428,#8429,
    #8430,#8431,#8432,#8433,#8434),.UNSPECIFIED.,.F.,.F.) 
B_SPLINE_CURVE_WITH_KNOTS((3,2,2,2,3),(0.35,0.353333333333,0.36,
0.366666666667,0.37),.UNSPECIFIED.) CURVE() 
GEOMETRIC_REPRESENTATION_ITEM() RATIONAL_B_SPLINE_CURVE((0.933012701892,
    0.933012701892,1.,0.866025403784,1.,0.866025403784,1.,0.933012701892
,0.933012701892)) REPRESENTATION_ITEM('') );
#8426 = CARTESIAN_POINT('',(0.740192378865,-2.817957636531E-15,-0.7));
#8427 = CARTESIAN_POINT('',(0.740192378865,0.19833395016,-0.682136720505
    ));
#8428 = CARTESIAN_POINT('',(0.641025403784,0.370096189432,
    -0.666666666667));
#8429 = CARTESIAN_POINT('',(0.42735026919,0.740192378865,-0.633333333333
    ));
#8430 = CARTESIAN_POINT('',(6.891036788227E-15,0.740192378865,-0.6));
#8431 = CARTESIAN_POINT('',(-0.42735026919,0.740192378865,
    -0.566666666667));
#8432 = CARTESIAN_POINT('',(-0.641025403784,0.370096189432,
    -0.533333333333));
#8433 = CARTESIAN_POINT('',(-0.740192378865,0.19833395016,
    -0.517863279495));
#8434 = CARTESIAN_POINT('',(-0.740192378865,-4.212410899969E-15,-0.5));
#8435 = ORIENTED_EDGE('',*,*,#8436,.T.);
#8436 = EDGE_CURVE('',#8423,#8437,#8439,.T.);
#8437 = VERTEX_POINT('',#8438);
#8438 = CARTESIAN_POINT('',(-0.740192378865,-4.212410899969E-15,-0.45));
#8439 = LINE('',#8440,#8441);
#8440 = CARTESIAN_POINT('',(-0.740192378865,-1.915407805765E-15,-4.));
#8441 = VECTOR('',#8442,1.);
#8442 = DIRECTION('',(-0.,-0.,1.));
#8443 = ORIENTED_EDGE('',*,*,#8444,.F.);
#8444 = EDGE_CURVE('',#8445,#8437,#8447,.T.);
#8445 = VERTEX_POINT('',#8446);
#8446 = CARTESIAN_POINT('',(0.740192378865,-2.817957636531E-15,-0.65));
#8447 = ( BOUNDED_CURVE() B_SPLINE_CURVE(2,(#8448,#8449,#8450,#8451,
    #8452,#8453,#8454,#8455,#8456),.UNSPECIFIED.,.F.,.F.) 
B_SPLINE_CURVE_WITH_KNOTS((3,2,2,2,3),(0.35,0.353333333333,0.36,
0.366666666667,0.37),.UNSPECIFIED.) CURVE() 
GEOMETRIC_REPRESENTATION_ITEM() RATIONAL_B_SPLINE_CURVE((0.933012701892,
    0.933012701892,1.,0.866025403784,1.,0.866025403784,1.,0.933012701892
,0.933012701892)) REPRESENTATION_ITEM('') );
#8448 = CARTESIAN_POINT('',(0.740192378865,-2.817957636531E-15,-0.65));
#8449 = CARTESIAN_POINT('',(0.740192378865,0.19833395016,-0.632136720505
    ));
#8450 = CARTESIAN_POINT('',(0.641025403784,0.370096189432,
    -0.616666666667));
#8451 = CARTESIAN_POINT('',(0.42735026919,0.740192378865,-0.583333333333
    ));
#8452 = CARTESIAN_POINT('',(6.891036788227E-15,0.740192378865,-0.55));
#8453 = CARTESIAN_POINT('',(-0.42735026919,0.740192378865,
    -0.516666666667));
#8454 = CARTESIAN_POINT('',(-0.641025403784,0.370096189432,
    -0.483333333333));
#8455 = CARTESIAN_POINT('',(-0.740192378865,0.19833395016,
    -0.467863279495));
#8456 = CARTESIAN_POINT('',(-0.740192378865,-4.212410899969E-15,-0.45));
#8457 = ORIENTED_EDGE('',*,*,#8458,.F.);
#8458 = EDGE_CURVE('',#8421,#8445,#8459,.T.);
#8459 = LINE('',#8460,#8461);
#8460 = CARTESIAN_POINT('',(0.740192378865,-2.006055228518E-15,-4.));
#8461 = VECTOR('',#8462,1.);
#8462 = DIRECTION('',(-0.,-0.,1.));
#8463 = CYLINDRICAL_SURFACE('',#8464,0.740192378865);
#8464 = AXIS2_PLACEMENT_3D('',#8465,#8466,#8467);
#8465 = CARTESIAN_POINT('',(0.,-2.006055228518E-15,-4.));
#8466 = DIRECTION('',(-0.,-0.,1.));
#8467 = DIRECTION('',(1.,0.,0.));
#8468 = ADVANCED_FACE('',(#8469),#8515,.T.);
#8469 = FACE_BOUND('',#8470,.T.);
#8470 = EDGE_LOOP('',(#8471,#8487,#8495,#8509));
#8471 = ORIENTED_EDGE('',*,*,#8472,.T.);
#8472 = EDGE_CURVE('',#8473,#8475,#8477,.T.);
#8473 = VERTEX_POINT('',#8474);
#8474 = CARTESIAN_POINT('',(0.740192378865,-2.963213184806E-15,-0.3));
#8475 = VERTEX_POINT('',#8476);
#8476 = CARTESIAN_POINT('',(-0.740192378865,-7.553288510289E-16,-0.1));
#8477 = ( BOUNDED_CURVE() B_SPLINE_CURVE(2,(#8478,#8479,#8480,#8481,
    #8482,#8483,#8484,#8485,#8486),.UNSPECIFIED.,.F.,.F.) 
B_SPLINE_CURVE_WITH_KNOTS((3,2,2,2,3),(0.39,0.393333333333,0.4,
0.406666666667,0.41),.UNSPECIFIED.) CURVE() 
GEOMETRIC_REPRESENTATION_ITEM() RATIONAL_B_SPLINE_CURVE((0.933012701892,
    0.933012701892,1.,0.866025403784,1.,0.866025403784,1.,0.933012701892
,0.933012701892)) REPRESENTATION_ITEM('') );
#8478 = CARTESIAN_POINT('',(0.740192378865,-2.963213184806E-15,-0.3));
#8479 = CARTESIAN_POINT('',(0.740192378865,0.19833395016,-0.282136720505
    ));
#8480 = CARTESIAN_POINT('',(0.641025403784,0.370096189432,
    -0.266666666667));
#8481 = CARTESIAN_POINT('',(0.42735026919,0.740192378865,-0.233333333333
    ));
#8482 = CARTESIAN_POINT('',(7.072331633733E-15,0.740192378865,-0.2));
#8483 = CARTESIAN_POINT('',(-0.42735026919,0.740192378865,
    -0.166666666667));
#8484 = CARTESIAN_POINT('',(-0.641025403784,0.370096189432,
    -0.133333333333));
#8485 = CARTESIAN_POINT('',(-0.740192378865,0.19833395016,
    -0.117863279495));
#8486 = CARTESIAN_POINT('',(-0.740192378865,-7.553288510289E-16,-0.1));
#8487 = ORIENTED_EDGE('',*,*,#8488,.T.);
#8488 = EDGE_CURVE('',#8475,#8489,#8491,.T.);
#8489 = VERTEX_POINT('',#8490);
#8490 = CARTESIAN_POINT('',(-0.740192378865,-7.553288510289E-16,
    -5.000000000001E-02));
#8491 = LINE('',#8492,#8493);
#8492 = CARTESIAN_POINT('',(-0.740192378865,-1.915407805765E-15,-4.));
#8493 = VECTOR('',#8494,1.);
#8494 = DIRECTION('',(-0.,-0.,1.));
#8495 = ORIENTED_EDGE('',*,*,#8496,.F.);
#8496 = EDGE_CURVE('',#8497,#8489,#8499,.T.);
#8497 = VERTEX_POINT('',#8498);
#8498 = CARTESIAN_POINT('',(0.740192378865,-2.963213184806E-15,-0.25));
#8499 = ( BOUNDED_CURVE() B_SPLINE_CURVE(2,(#8500,#8501,#8502,#8503,
    #8504,#8505,#8506,#8507,#8508),.UNSPECIFIED.,.F.,.F.) 
B_SPLINE_CURVE_WITH_KNOTS((3,2,2,2,3),(0.39,0.393333333333,0.4,
0.406666666667,0.41),.UNSPECIFIED.) CURVE() 
GEOMETRIC_REPRESENTATION_ITEM() RATIONAL_B_SPLINE_CURVE((0.933012701892,
    0.933012701892,1.,0.866025403784,1.,0.866025403784,1.,0.933012701892
,0.933012701892)) REPRESENTATION_ITEM('') );
#8500 = CARTESIAN_POINT('',(0.740192378865,-2.963213184806E-15,-0.25));
#8501 = CARTESIAN_POINT('',(0.740192378865,0.19833395016,-0.232136720505
    ));
#8502 = CARTESIAN_POINT('',(0.641025403784,0.370096189432,
    -0.216666666667));
#8503 = CARTESIAN_POINT('',(0.42735026919,0.740192378865,-0.183333333333
    ));
#8504 = CARTESIAN_POINT('',(7.072331633733E-15,0.740192378865,-0.15));
#8505 = CARTESIAN_POINT('',(-0.42735026919,0.740192378865,
    -0.116666666667));
#8506 = CARTESIAN_POINT('',(-0.641025403784,0.370096189432,
    -8.333333333335E-02));
#8507 = CARTESIAN_POINT('',(-0.740192378865,0.19833395016,
    -6.786327949542E-02));
#8508 = CARTESIAN_POINT('',(-0.740192378865,-7.553288510289E-16,
    -5.000000000001E-02));
#8509 = ORIENTED_EDGE('',*,*,#8510,.F.);
#8510 = EDGE_CURVE('',#8473,#8497,#8511,.T.);
#8511 = LINE('',#8512,#8513);
#8512 = CARTESIAN_POINT('',(0.740192378865,-2.006055228518E-15,-4.));
#8513 = VECTOR('',#8514,1.);
#8514 = DIRECTION('',(-0.,-0.,1.));
#8515 = CYLINDRICAL_SURFACE('',#8516,0.740192378865);
#8516 = AXIS2_PLACEMENT_3D('',#8517,#8518,#8519);
#8517 = CARTESIAN_POINT('',(0.,-2.006055228518E-15,-4.));
#8518 = DIRECTION('',(-0.,-0.,1.));
#8519 = DIRECTION('',(1.,0.,0.));
#8520 = ADVANCED_FACE('',(#8521),#8567,.T.);
#8521 = FACE_BOUND('',#8522,.T.);
#8522 = EDGE_LOOP('',(#8523,#8539,#8547,#8561));
#8523 = ORIENTED_EDGE('',*,*,#8524,.T.);
#8524 = EDGE_CURVE('',#8525,#8527,#8529,.T.);
#8525 = VERTEX_POINT('',#8526);
#8526 = CARTESIAN_POINT('',(0.740192378865,-1.9028476824E-15,
    9.999999999998E-02));
#8527 = VERTEX_POINT('',#8528);
#8528 = CARTESIAN_POINT('',(-0.740192378865,-2.178833224122E-15,0.3));
#8529 = ( BOUNDED_CURVE() B_SPLINE_CURVE(2,(#8530,#8531,#8532,#8533,
    #8534,#8535,#8536,#8537,#8538),.UNSPECIFIED.,.F.,.F.) 
B_SPLINE_CURVE_WITH_KNOTS((3,2,2,2,3),(0.43,0.433333333333,0.44,
0.446666666667,0.45),.UNSPECIFIED.) CURVE() 
GEOMETRIC_REPRESENTATION_ITEM() RATIONAL_B_SPLINE_CURVE((0.933012701892,
    0.933012701892,1.,0.866025403784,1.,0.866025403784,1.,0.933012701892
,0.933012701892)) REPRESENTATION_ITEM('') );
#8530 = CARTESIAN_POINT('',(0.740192378865,-1.9028476824E-15,
    9.999999999998E-02));
#8531 = CARTESIAN_POINT('',(0.740192378865,0.19833395016,0.117863279495)
  );
#8532 = CARTESIAN_POINT('',(0.641025403784,0.370096189432,0.133333333333
    ));
#8533 = CARTESIAN_POINT('',(0.42735026919,0.740192378865,0.166666666667)
  );
#8534 = CARTESIAN_POINT('',(7.253626479238E-15,0.740192378865,0.2));
#8535 = CARTESIAN_POINT('',(-0.42735026919,0.740192378865,0.233333333333
    ));
#8536 = CARTESIAN_POINT('',(-0.641025403784,0.370096189432,
    0.266666666667));
#8537 = CARTESIAN_POINT('',(-0.740192378865,0.19833395016,0.282136720505
    ));
#8538 = CARTESIAN_POINT('',(-0.740192378865,-2.178833224122E-15,0.3));
#8539 = ORIENTED_EDGE('',*,*,#8540,.T.);
#8540 = EDGE_CURVE('',#8527,#8541,#8543,.T.);
#8541 = VERTEX_POINT('',#8542);
#8542 = CARTESIAN_POINT('',(-0.740192378865,-2.178833224122E-15,0.35));
#8543 = LINE('',#8544,#8545);
#8544 = CARTESIAN_POINT('',(-0.740192378865,-1.915407805765E-15,-4.));
#8545 = VECTOR('',#8546,1.);
#8546 = DIRECTION('',(-0.,-0.,1.));
#8547 = ORIENTED_EDGE('',*,*,#8548,.F.);
#8548 = EDGE_CURVE('',#8549,#8541,#8551,.T.);
#8549 = VERTEX_POINT('',#8550);
#8550 = CARTESIAN_POINT('',(0.740192378865,-1.9028476824E-15,0.15));
#8551 = ( BOUNDED_CURVE() B_SPLINE_CURVE(2,(#8552,#8553,#8554,#8555,
    #8556,#8557,#8558,#8559,#8560),.UNSPECIFIED.,.F.,.F.) 
B_SPLINE_CURVE_WITH_KNOTS((3,2,2,2,3),(0.43,0.433333333333,0.44,
0.446666666667,0.45),.UNSPECIFIED.) CURVE() 
GEOMETRIC_REPRESENTATION_ITEM() RATIONAL_B_SPLINE_CURVE((0.933012701892,
    0.933012701892,1.,0.866025403784,1.,0.866025403784,1.,0.933012701892
,0.933012701892)) REPRESENTATION_ITEM('') );
#8552 = CARTESIAN_POINT('',(0.740192378865,-1.9028476824E-15,0.15));
#8553 = CARTESIAN_POINT('',(0.740192378865,0.19833395016,0.167863279495)
  );
#8554 = CARTESIAN_POINT('',(0.641025403784,0.370096189432,0.183333333333
    ));
#8555 = CARTESIAN_POINT('',(0.42735026919,0.740192378865,0.216666666667)
  );
#8556 = CARTESIAN_POINT('',(7.253626479238E-15,0.740192378865,0.25));
#8557 = CARTESIAN_POINT('',(-0.42735026919,0.740192378865,0.283333333333
    ));
#8558 = CARTESIAN_POINT('',(-0.641025403784,0.370096189432,
    0.316666666667));
#8559 = CARTESIAN_POINT('',(-0.740192378865,0.19833395016,0.332136720505
    ));
#8560 = CARTESIAN_POINT('',(-0.740192378865,-2.178833224122E-15,0.35));
#8561 = ORIENTED_EDGE('',*,*,#8562,.F.);
#8562 = EDGE_CURVE('',#8525,#8549,#8563,.T.);
#8563 = LINE('',#8564,#8565);
#8564 = CARTESIAN_POINT('',(0.740192378865,-2.006055228518E-15,-4.));
#8565 = VECTOR('',#8566,1.);
#8566 = DIRECTION('',(-0.,-0.,1.));
#8567 = CYLINDRICAL_SURFACE('',#8568,0.740192378865);
#8568 = AXIS2_PLACEMENT_3D('',#8569,#8570,#8571);
#8569 = CARTESIAN_POINT('',(0.,-2.006055228518E-15,-4.));
#8570 = DIRECTION('',(-0.,-0.,1.));
#8571 = DIRECTION('',(1.,0.,0.));
#8572 = ADVANCED_FACE('',(#8573),#8619,.T.);
#8573 = FACE_BOUND('',#8574,.T.);
#8574 = EDGE_LOOP('',(#8575,#8591,#8599,#8613));
#8575 = ORIENTED_EDGE('',*,*,#8576,.T.);
#8576 = EDGE_CURVE('',#8577,#8579,#8581,.T.);
#8577 = VERTEX_POINT('',#8578);
#8578 = CARTESIAN_POINT('',(0.740192378865,-7.989055155113E-16,0.5));
#8579 = VERTEX_POINT('',#8580);
#8580 = CARTESIAN_POINT('',(-0.740192378865,8.279566251662E-16,0.7));
#8581 = ( BOUNDED_CURVE() B_SPLINE_CURVE(2,(#8582,#8583,#8584,#8585,
    #8586,#8587,#8588,#8589,#8590),.UNSPECIFIED.,.F.,.F.) 
B_SPLINE_CURVE_WITH_KNOTS((3,2,2,2,3),(0.47,0.473333333333,0.48,
0.486666666667,0.49),.UNSPECIFIED.) CURVE() 
GEOMETRIC_REPRESENTATION_ITEM() RATIONAL_B_SPLINE_CURVE((0.933012701892,
    0.933012701892,1.,0.866025403784,1.,0.866025403784,1.,0.933012701892
,0.933012701892)) REPRESENTATION_ITEM('') );
#8582 = CARTESIAN_POINT('',(0.740192378865,-7.989055155113E-16,0.5));
#8583 = CARTESIAN_POINT('',(0.740192378865,0.19833395016,0.517863279495)
  );
#8584 = CARTESIAN_POINT('',(0.641025403784,0.370096189432,0.533333333333
    ));
#8585 = CARTESIAN_POINT('',(0.42735026919,0.740192378865,0.566666666667)
  );
#8586 = CARTESIAN_POINT('',(2.175538146072E-15,0.740192378865,0.6));
#8587 = CARTESIAN_POINT('',(-0.42735026919,0.740192378865,0.633333333333
    ));
#8588 = CARTESIAN_POINT('',(-0.641025403784,0.370096189432,
    0.666666666667));
#8589 = CARTESIAN_POINT('',(-0.740192378865,0.19833395016,0.682136720505
    ));
#8590 = CARTESIAN_POINT('',(-0.740192378865,8.279566251662E-16,0.7));
#8591 = ORIENTED_EDGE('',*,*,#8592,.T.);
#8592 = EDGE_CURVE('',#8579,#8593,#8595,.T.);
#8593 = VERTEX_POINT('',#8594);
#8594 = CARTESIAN_POINT('',(-0.740192378865,8.279566251662E-16,0.75));
#8595 = LINE('',#8596,#8597);
#8596 = CARTESIAN_POINT('',(-0.740192378865,-1.915407805765E-15,-4.));
#8597 = VECTOR('',#8598,1.);
#8598 = DIRECTION('',(-0.,-0.,1.));
#8599 = ORIENTED_EDGE('',*,*,#8600,.F.);
#8600 = EDGE_CURVE('',#8601,#8593,#8603,.T.);
#8601 = VERTEX_POINT('',#8602);
#8602 = CARTESIAN_POINT('',(0.740192378865,-7.989055155113E-16,0.55));
#8603 = ( BOUNDED_CURVE() B_SPLINE_CURVE(2,(#8604,#8605,#8606,#8607,
    #8608,#8609,#8610,#8611,#8612),.UNSPECIFIED.,.F.,.F.) 
B_SPLINE_CURVE_WITH_KNOTS((3,2,2,2,3),(0.47,0.473333333333,0.48,
0.486666666667,0.49),.UNSPECIFIED.) CURVE() 
GEOMETRIC_REPRESENTATION_ITEM() RATIONAL_B_SPLINE_CURVE((0.933012701892,
    0.933012701892,1.,0.866025403784,1.,0.866025403784,1.,0.933012701892
,0.933012701892)) REPRESENTATION_ITEM('') );
#8604 = CARTESIAN_POINT('',(0.740192378865,-7.989055155113E-16,0.55));
#8605 = CARTESIAN_POINT('',(0.740192378865,0.19833395016,0.567863279495)
  );
#8606 = CARTESIAN_POINT('',(0.641025403784,0.370096189432,0.583333333333
    ));
#8607 = CARTESIAN_POINT('',(0.42735026919,0.740192378865,0.616666666667)
  );
#8608 = CARTESIAN_POINT('',(2.175538146072E-15,0.740192378865,0.65));
#8609 = CARTESIAN_POINT('',(-0.42735026919,0.740192378865,0.683333333333
    ));
#8610 = CARTESIAN_POINT('',(-0.641025403784,0.370096189432,
    0.716666666667));
#8611 = CARTESIAN_POINT('',(-0.740192378865,0.19833395016,0.732136720505
    ));
#8612 = CARTESIAN_POINT('',(-0.740192378865,8.279566251662E-16,0.75));
#8613 = ORIENTED_EDGE('',*,*,#8614,.F.);
#8614 = EDGE_CURVE('',#8577,#8601,#8615,.T.);
#8615 = LINE('',#8616,#8617);
#8616 = CARTESIAN_POINT('',(0.740192378865,-2.006055228518E-15,-4.));
#8617 = VECTOR('',#8618,1.);
#8618 = DIRECTION('',(-0.,-0.,1.));
#8619 = CYLINDRICAL_SURFACE('',#8620,0.740192378865);
#8620 = AXIS2_PLACEMENT_3D('',#8621,#8622,#8623);
#8621 = CARTESIAN_POINT('',(0.,-2.006055228518E-15,-4.));
#8622 = DIRECTION('',(-0.,-0.,1.));
#8623 = DIRECTION('',(1.,0.,0.));
#8624 = ADVANCED_FACE('',(#8625),#8671,.T.);
#8625 = FACE_BOUND('',#8626,.T.);
#8626 = EDGE_LOOP('',(#8627,#8643,#8651,#8665));
#8627 = ORIENTED_EDGE('',*,*,#8628,.T.);
#8628 = EDGE_CURVE('',#8629,#8631,#8633,.T.);
#8629 = VERTEX_POINT('',#8630);
#8630 = CARTESIAN_POINT('',(0.740192378865,-5.621389718234E-15,0.9));
#8631 = VERTEX_POINT('',#8632);
#8632 = CARTESIAN_POINT('',(-0.740192378865,5.374455286167E-16,1.1));
#8633 = ( BOUNDED_CURVE() B_SPLINE_CURVE(2,(#8634,#8635,#8636,#8637,
    #8638,#8639,#8640,#8641,#8642),.UNSPECIFIED.,.F.,.F.) 
B_SPLINE_CURVE_WITH_KNOTS((3,2,2,2,3),(0.51,0.513333333333,0.52,
0.526666666667,0.53),.UNSPECIFIED.) CURVE() 
GEOMETRIC_REPRESENTATION_ITEM() RATIONAL_B_SPLINE_CURVE((0.933012701892,
    0.933012701892,1.,0.866025403784,1.,0.866025403784,1.,0.933012701892
,0.933012701892)) REPRESENTATION_ITEM('') );
#8634 = CARTESIAN_POINT('',(0.740192378865,-5.621389718234E-15,0.9));
#8635 = CARTESIAN_POINT('',(0.740192378865,0.19833395016,0.917863279495)
  );
#8636 = CARTESIAN_POINT('',(0.641025403784,0.370096189432,0.933333333333
    ));
#8637 = CARTESIAN_POINT('',(0.42735026919,0.740192378865,0.966666666667)
  );
#8638 = CARTESIAN_POINT('',(7.61621617025E-15,0.740192378865,1.));
#8639 = CARTESIAN_POINT('',(-0.42735026919,0.740192378865,1.033333333333
    ));
#8640 = CARTESIAN_POINT('',(-0.641025403784,0.370096189432,
    1.066666666667));
#8641 = CARTESIAN_POINT('',(-0.740192378865,0.19833395016,1.082136720505
    ));
#8642 = CARTESIAN_POINT('',(-0.740192378865,5.374455286167E-16,1.1));
#8643 = ORIENTED_EDGE('',*,*,#8644,.T.);
#8644 = EDGE_CURVE('',#8631,#8645,#8647,.T.);
#8645 = VERTEX_POINT('',#8646);
#8646 = CARTESIAN_POINT('',(-0.740192378865,5.374455286167E-16,1.15));
#8647 = LINE('',#8648,#8649);
#8648 = CARTESIAN_POINT('',(-0.740192378865,-1.915407805765E-15,-4.));
#8649 = VECTOR('',#8650,1.);
#8650 = DIRECTION('',(-0.,-0.,1.));
#8651 = ORIENTED_EDGE('',*,*,#8652,.F.);
#8652 = EDGE_CURVE('',#8653,#8645,#8655,.T.);
#8653 = VERTEX_POINT('',#8654);
#8654 = CARTESIAN_POINT('',(0.740192378865,-5.621389718234E-15,0.95));
#8655 = ( BOUNDED_CURVE() B_SPLINE_CURVE(2,(#8656,#8657,#8658,#8659,
    #8660,#8661,#8662,#8663,#8664),.UNSPECIFIED.,.F.,.F.) 
B_SPLINE_CURVE_WITH_KNOTS((3,2,2,2,3),(0.51,0.513333333333,0.52,
0.526666666667,0.53),.UNSPECIFIED.) CURVE() 
GEOMETRIC_REPRESENTATION_ITEM() RATIONAL_B_SPLINE_CURVE((0.933012701892,
    0.933012701892,1.,0.866025403784,1.,0.866025403784,1.,0.933012701892
,0.933012701892)) REPRESENTATION_ITEM('') );
#8656 = CARTESIAN_POINT('',(0.740192378865,-5.621389718234E-15,0.95));
#8657 = CARTESIAN_POINT('',(0.740192378865,0.19833395016,0.967863279495)
  );
#8658 = CARTESIAN_POINT('',(0.641025403784,0.370096189432,0.983333333333
    ));
#8659 = CARTESIAN_POINT('',(0.42735026919,0.740192378865,1.016666666667)
  );
#8660 = CARTESIAN_POINT('',(7.61621617025E-15,0.740192378865,1.05));
#8661 = CARTESIAN_POINT('',(-0.42735026919,0.740192378865,1.083333333333
    ));
#8662 = CARTESIAN_POINT('',(-0.641025403784,0.370096189432,
    1.116666666667));
#8663 = CARTESIAN_POINT('',(-0.740192378865,0.19833395016,1.132136720505
    ));
#8664 = CARTESIAN_POINT('',(-0.740192378865,5.374455286167E-16,1.15));
#8665 = ORIENTED_EDGE('',*,*,#8666,.F.);
#8666 = EDGE_CURVE('',#8629,#8653,#8667,.T.);
#8667 = LINE('',#8668,#8669);
#8668 = CARTESIAN_POINT('',(0.740192378865,-2.006055228518E-15,-4.));
#8669 = VECTOR('',#8670,1.);
#8670 = DIRECTION('',(-0.,-0.,1.));
#8671 = CYLINDRICAL_SURFACE('',#8672,0.740192378865);
#8672 = AXIS2_PLACEMENT_3D('',#8673,#8674,#8675);
#8673 = CARTESIAN_POINT('',(0.,-2.006055228518E-15,-4.));
#8674 = DIRECTION('',(-0.,-0.,1.));
#8675 = DIRECTION('',(1.,0.,0.));
#8676 = ADVANCED_FACE('',(#8677),#8723,.T.);
#8677 = FACE_BOUND('',#8678,.T.);
#8678 = EDGE_LOOP('',(#8679,#8695,#8703,#8717));
#8679 = ORIENTED_EDGE('',*,*,#8680,.T.);
#8680 = EDGE_CURVE('',#8681,#8683,#8685,.T.);
#8681 = VERTEX_POINT('',#8682);
#8682 = CARTESIAN_POINT('',(0.740192378865,-4.430294222381E-15,1.3));
#8683 = VERTEX_POINT('',#8684);
#8684 = CARTESIAN_POINT('',(-0.740192378865,-2.106205449984E-15,1.5));
#8685 = ( BOUNDED_CURVE() B_SPLINE_CURVE(2,(#8686,#8687,#8688,#8689,
    #8690,#8691,#8692,#8693,#8694),.UNSPECIFIED.,.F.,.F.) 
B_SPLINE_CURVE_WITH_KNOTS((3,2,2,2,3),(0.55,0.553333333333,0.56,
0.566666666667,0.57),.UNSPECIFIED.) CURVE() 
GEOMETRIC_REPRESENTATION_ITEM() RATIONAL_B_SPLINE_CURVE((0.933012701892,
    0.933012701892,1.,0.866025403784,1.,0.866025403784,1.,0.933012701892
,0.933012701892)) REPRESENTATION_ITEM('') );
#8686 = CARTESIAN_POINT('',(0.740192378865,-4.430294222381E-15,1.3));
#8687 = CARTESIAN_POINT('',(0.740192378865,0.19833395016,1.317863279495)
  );
#8688 = CARTESIAN_POINT('',(0.641025403784,0.370096189432,1.333333333333
    ));
#8689 = CARTESIAN_POINT('',(0.42735026919,0.740192378865,1.366666666667)
  );
#8690 = CARTESIAN_POINT('',(2.538127837084E-15,0.740192378865,1.4));
#8691 = CARTESIAN_POINT('',(-0.42735026919,0.740192378865,1.433333333333
    ));
#8692 = CARTESIAN_POINT('',(-0.641025403784,0.370096189432,
    1.466666666667));
#8693 = CARTESIAN_POINT('',(-0.740192378865,0.19833395016,1.482136720505
    ));
#8694 = CARTESIAN_POINT('',(-0.740192378865,-2.106205449984E-15,1.5));
#8695 = ORIENTED_EDGE('',*,*,#8696,.T.);
#8696 = EDGE_CURVE('',#8683,#8697,#8699,.T.);
#8697 = VERTEX_POINT('',#8698);
#8698 = CARTESIAN_POINT('',(-0.740192378865,-2.106205449984E-15,1.55));
#8699 = LINE('',#8700,#8701);
#8700 = CARTESIAN_POINT('',(-0.740192378865,-1.915407805765E-15,-4.));
#8701 = VECTOR('',#8702,1.);
#8702 = DIRECTION('',(-0.,-0.,1.));
#8703 = ORIENTED_EDGE('',*,*,#8704,.F.);
#8704 = EDGE_CURVE('',#8705,#8697,#8707,.T.);
#8705 = VERTEX_POINT('',#8706);
#8706 = CARTESIAN_POINT('',(0.740192378865,-4.430294222381E-15,1.35));
#8707 = ( BOUNDED_CURVE() B_SPLINE_CURVE(2,(#8708,#8709,#8710,#8711,
    #8712,#8713,#8714,#8715,#8716),.UNSPECIFIED.,.F.,.F.) 
B_SPLINE_CURVE_WITH_KNOTS((3,2,2,2,3),(0.55,0.553333333333,0.56,
0.566666666667,0.57),.UNSPECIFIED.) CURVE() 
GEOMETRIC_REPRESENTATION_ITEM() RATIONAL_B_SPLINE_CURVE((0.933012701892,
    0.933012701892,1.,0.866025403784,1.,0.866025403784,1.,0.933012701892
,0.933012701892)) REPRESENTATION_ITEM('') );
#8708 = CARTESIAN_POINT('',(0.740192378865,-4.430294222381E-15,1.35));
#8709 = CARTESIAN_POINT('',(0.740192378865,0.19833395016,1.367863279495)
  );
#8710 = CARTESIAN_POINT('',(0.641025403784,0.370096189432,1.383333333333
    ));
#8711 = CARTESIAN_POINT('',(0.42735026919,0.740192378865,1.416666666667)
  );
#8712 = CARTESIAN_POINT('',(2.538127837084E-15,0.740192378865,1.45));
#8713 = CARTESIAN_POINT('',(-0.42735026919,0.740192378865,1.483333333333
    ));
#8714 = CARTESIAN_POINT('',(-0.641025403784,0.370096189432,
    1.516666666667));
#8715 = CARTESIAN_POINT('',(-0.740192378865,0.19833395016,1.532136720505
    ));
#8716 = CARTESIAN_POINT('',(-0.740192378865,-2.106205449984E-15,1.55));
#8717 = ORIENTED_EDGE('',*,*,#8718,.F.);
#8718 = EDGE_CURVE('',#8681,#8705,#8719,.T.);
#8719 = LINE('',#8720,#8721);
#8720 = CARTESIAN_POINT('',(0.740192378865,-2.006055228518E-15,-4.));
#8721 = VECTOR('',#8722,1.);
#8722 = DIRECTION('',(-0.,-0.,1.));
#8723 = CYLINDRICAL_SURFACE('',#8724,0.740192378865);
#8724 = AXIS2_PLACEMENT_3D('',#8725,#8726,#8727);
#8725 = CARTESIAN_POINT('',(0.,-2.006055228518E-15,-4.));
#8726 = DIRECTION('',(-0.,-0.,1.));
#8727 = DIRECTION('',(1.,0.,0.));
#8728 = ADVANCED_FACE('',(#8729),#8775,.T.);
#8729 = FACE_BOUND('',#8730,.T.);
#8730 = EDGE_LOOP('',(#8731,#8747,#8755,#8769));
#8731 = ORIENTED_EDGE('',*,*,#8732,.T.);
#8732 = EDGE_CURVE('',#8733,#8735,#8737,.T.);
#8733 = VERTEX_POINT('',#8734);
#8734 = CARTESIAN_POINT('',(0.740192378865,-1.830219908262E-15,1.7));
#8735 = VERTEX_POINT('',#8736);
#8736 = CARTESIAN_POINT('',(-0.740192378865,-5.650440827889E-15,1.9));
#8737 = ( BOUNDED_CURVE() B_SPLINE_CURVE(2,(#8738,#8739,#8740,#8741,
    #8742,#8743,#8744,#8745,#8746),.UNSPECIFIED.,.F.,.F.) 
B_SPLINE_CURVE_WITH_KNOTS((3,2,2,2,3),(0.59,0.593333333333,0.6,
0.606666666667,0.61),.UNSPECIFIED.) CURVE() 
GEOMETRIC_REPRESENTATION_ITEM() RATIONAL_B_SPLINE_CURVE((0.933012701892,
    0.933012701892,1.,0.866025403784,1.,0.866025403784,1.,0.933012701892
,0.933012701892)) REPRESENTATION_ITEM('') );
#8738 = CARTESIAN_POINT('',(0.740192378865,-1.830219908262E-15,1.7));
#8739 = CARTESIAN_POINT('',(0.740192378865,0.19833395016,1.717863279495)
  );
#8740 = CARTESIAN_POINT('',(0.641025403784,0.370096189432,1.733333333333
    ));
#8741 = CARTESIAN_POINT('',(0.42735026919,0.740192378865,1.766666666667)
  );
#8742 = CARTESIAN_POINT('',(7.978805861262E-15,0.740192378865,1.8));
#8743 = CARTESIAN_POINT('',(-0.42735026919,0.740192378865,1.833333333333
    ));
#8744 = CARTESIAN_POINT('',(-0.641025403784,0.370096189432,
    1.866666666667));
#8745 = CARTESIAN_POINT('',(-0.740192378865,0.19833395016,1.882136720505
    ));
#8746 = CARTESIAN_POINT('',(-0.740192378865,-5.650440827889E-15,1.9));
#8747 = ORIENTED_EDGE('',*,*,#8748,.T.);
#8748 = EDGE_CURVE('',#8735,#8749,#8751,.T.);
#8749 = VERTEX_POINT('',#8750);
#8750 = CARTESIAN_POINT('',(-0.740192378865,-5.650440827889E-15,1.95));
#8751 = LINE('',#8752,#8753);
#8752 = CARTESIAN_POINT('',(-0.740192378865,-1.915407805765E-15,-4.));
#8753 = VECTOR('',#8754,1.);
#8754 = DIRECTION('',(-0.,-0.,1.));
#8755 = ORIENTED_EDGE('',*,*,#8756,.F.);
#8756 = EDGE_CURVE('',#8757,#8749,#8759,.T.);
#8757 = VERTEX_POINT('',#8758);
#8758 = CARTESIAN_POINT('',(0.740192378865,-1.830219908262E-15,1.75));
#8759 = ( BOUNDED_CURVE() B_SPLINE_CURVE(2,(#8760,#8761,#8762,#8763,
    #8764,#8765,#8766,#8767,#8768),.UNSPECIFIED.,.F.,.F.) 
B_SPLINE_CURVE_WITH_KNOTS((3,2,2,2,3),(0.59,0.593333333333,0.6,
0.606666666667,0.61),.UNSPECIFIED.) CURVE() 
GEOMETRIC_REPRESENTATION_ITEM() RATIONAL_B_SPLINE_CURVE((0.933012701892,
    0.933012701892,1.,0.866025403784,1.,0.866025403784,1.,0.933012701892
,0.933012701892)) REPRESENTATION_ITEM('') );
#8760 = CARTESIAN_POINT('',(0.740192378865,-1.830219908262E-15,1.75));
#8761 = CARTESIAN_POINT('',(0.740192378865,0.19833395016,1.767863279495)
  );
#8762 = CARTESIAN_POINT('',(0.641025403784,0.370096189432,1.783333333333
    ));
#8763 = CARTESIAN_POINT('',(0.42735026919,0.740192378865,1.816666666667)
  );
#8764 = CARTESIAN_POINT('',(7.978805861262E-15,0.740192378865,1.85));
#8765 = CARTESIAN_POINT('',(-0.42735026919,0.740192378865,1.883333333333
    ));
#8766 = CARTESIAN_POINT('',(-0.641025403784,0.370096189432,
    1.916666666667));
#8767 = CARTESIAN_POINT('',(-0.740192378865,0.19833395016,1.932136720505
    ));
#8768 = CARTESIAN_POINT('',(-0.740192378865,-5.650440827889E-15,1.95));
#8769 = ORIENTED_EDGE('',*,*,#8770,.F.);
#8770 = EDGE_CURVE('',#8733,#8757,#8771,.T.);
#8771 = LINE('',#8772,#8773);
#8772 = CARTESIAN_POINT('',(0.740192378865,-2.006055228518E-15,-4.));
#8773 = VECTOR('',#8774,1.);
#8774 = DIRECTION('',(-0.,-0.,1.));
#8775 = CYLINDRICAL_SURFACE('',#8776,0.740192378865);
#8776 = AXIS2_PLACEMENT_3D('',#8777,#8778,#8779);
#8777 = CARTESIAN_POINT('',(0.,-2.006055228518E-15,-4.));
#8778 = DIRECTION('',(-0.,-0.,1.));
#8779 = DIRECTION('',(1.,0.,0.));
#8780 = ADVANCED_FACE('',(#8781),#8827,.T.);
#8781 = FACE_BOUND('',#8782,.T.);
#8782 = EDGE_LOOP('',(#8783,#8799,#8807,#8821));
#8783 = ORIENTED_EDGE('',*,*,#8784,.T.);
#8784 = EDGE_CURVE('',#8785,#8787,#8789,.T.);
#8785 = VERTEX_POINT('',#8786);
#8786 = CARTESIAN_POINT('',(0.740192378865,1.757592134125E-15,2.1));
#8787 = VERTEX_POINT('',#8788);
#8788 = CARTESIAN_POINT('',(-0.740192378865,-1.714015469642E-15,2.3));
#8789 = ( BOUNDED_CURVE() B_SPLINE_CURVE(2,(#8790,#8791,#8792,#8793,
    #8794,#8795,#8796,#8797,#8798),.UNSPECIFIED.,.F.,.F.) 
B_SPLINE_CURVE_WITH_KNOTS((3,2,2,2,3),(0.63,0.633333333333,0.64,
0.646666666667,0.65),.UNSPECIFIED.) CURVE() 
GEOMETRIC_REPRESENTATION_ITEM() RATIONAL_B_SPLINE_CURVE((0.933012701892,
    0.933012701892,1.,0.866025403784,1.,0.866025403784,1.,0.933012701892
,0.933012701892)) REPRESENTATION_ITEM('') );
#8790 = CARTESIAN_POINT('',(0.740192378865,1.757592134125E-15,2.1));
#8791 = CARTESIAN_POINT('',(0.740192378865,0.19833395016,2.117863279495)
  );
#8792 = CARTESIAN_POINT('',(0.641025403784,0.370096189432,2.133333333333
    ));
#8793 = CARTESIAN_POINT('',(0.42735026919,0.740192378865,2.166666666667)
  );
#8794 = CARTESIAN_POINT('',(2.900717528096E-15,0.740192378865,2.2));
#8795 = CARTESIAN_POINT('',(-0.42735026919,0.740192378865,2.233333333333
    ));
#8796 = CARTESIAN_POINT('',(-0.641025403784,0.370096189432,
    2.266666666667));
#8797 = CARTESIAN_POINT('',(-0.740192378865,0.19833395016,2.282136720505
    ));
#8798 = CARTESIAN_POINT('',(-0.740192378865,-1.714015469642E-15,2.3));
#8799 = ORIENTED_EDGE('',*,*,#8800,.T.);
#8800 = EDGE_CURVE('',#8787,#8801,#8803,.T.);
#8801 = VERTEX_POINT('',#8802);
#8802 = CARTESIAN_POINT('',(-0.740192378865,-1.714015469642E-15,2.35));
#8803 = LINE('',#8804,#8805);
#8804 = CARTESIAN_POINT('',(-0.740192378865,-1.915407805765E-15,-4.));
#8805 = VECTOR('',#8806,1.);
#8806 = DIRECTION('',(-0.,-0.,1.));
#8807 = ORIENTED_EDGE('',*,*,#8808,.F.);
#8808 = EDGE_CURVE('',#8809,#8801,#8811,.T.);
#8809 = VERTEX_POINT('',#8810);
#8810 = CARTESIAN_POINT('',(0.740192378865,1.757592134125E-15,2.15));
#8811 = ( BOUNDED_CURVE() B_SPLINE_CURVE(2,(#8812,#8813,#8814,#8815,
    #8816,#8817,#8818,#8819,#8820),.UNSPECIFIED.,.F.,.F.) 
B_SPLINE_CURVE_WITH_KNOTS((3,2,2,2,3),(0.63,0.633333333333,0.64,
0.646666666667,0.65),.UNSPECIFIED.) CURVE() 
GEOMETRIC_REPRESENTATION_ITEM() RATIONAL_B_SPLINE_CURVE((0.933012701892,
    0.933012701892,1.,0.866025403784,1.,0.866025403784,1.,0.933012701892
,0.933012701892)) REPRESENTATION_ITEM('') );
#8812 = CARTESIAN_POINT('',(0.740192378865,1.757592134125E-15,2.15));
#8813 = CARTESIAN_POINT('',(0.740192378865,0.19833395016,2.167863279495)
  );
#8814 = CARTESIAN_POINT('',(0.641025403784,0.370096189432,2.183333333333
    ));
#8815 = CARTESIAN_POINT('',(0.42735026919,0.740192378865,2.216666666667)
  );
#8816 = CARTESIAN_POINT('',(2.900717528096E-15,0.740192378865,2.25));
#8817 = CARTESIAN_POINT('',(-0.42735026919,0.740192378865,2.283333333333
    ));
#8818 = CARTESIAN_POINT('',(-0.641025403784,0.370096189432,
    2.316666666667));
#8819 = CARTESIAN_POINT('',(-0.740192378865,0.19833395016,2.332136720505
    ));
#8820 = CARTESIAN_POINT('',(-0.740192378865,-1.714015469642E-15,2.35));
#8821 = ORIENTED_EDGE('',*,*,#8822,.F.);
#8822 = EDGE_CURVE('',#8785,#8809,#8823,.T.);
#8823 = LINE('',#8824,#8825);
#8824 = CARTESIAN_POINT('',(0.740192378865,-2.006055228518E-15,-4.));
#8825 = VECTOR('',#8826,1.);
#8826 = DIRECTION('',(-0.,-0.,1.));
#8827 = CYLINDRICAL_SURFACE('',#8828,0.740192378865);
#8828 = AXIS2_PLACEMENT_3D('',#8829,#8830,#8831);
#8829 = CARTESIAN_POINT('',(0.,-2.006055228518E-15,-4.));
#8830 = DIRECTION('',(-0.,-0.,1.));
#8831 = DIRECTION('',(1.,0.,0.));
#8832 = ADVANCED_FACE('',(#8833),#8879,.T.);
#8833 = FACE_BOUND('',#8834,.T.);
#8834 = EDGE_LOOP('',(#8835,#8851,#8859,#8873));
#8835 = ORIENTED_EDGE('',*,*,#8836,.T.);
#8836 = EDGE_CURVE('',#8837,#8839,#8841,.T.);
#8837 = VERTEX_POINT('',#8838);
#8838 = CARTESIAN_POINT('',(0.740192378865,-2.178833224122E-15,2.5));
#8839 = VERTEX_POINT('',#8840);
#8840 = CARTESIAN_POINT('',(-0.740192378865,1.249197715163E-15,2.7));
#8841 = ( BOUNDED_CURVE() B_SPLINE_CURVE(2,(#8842,#8843,#8844,#8845,
    #8846,#8847,#8848,#8849,#8850),.UNSPECIFIED.,.F.,.F.) 
B_SPLINE_CURVE_WITH_KNOTS((3,2,2,2,3),(0.67,0.673333333333,0.68,
0.686666666667,0.69),.UNSPECIFIED.) CURVE() 
GEOMETRIC_REPRESENTATION_ITEM() RATIONAL_B_SPLINE_CURVE((0.933012701892,
    0.933012701892,1.,0.866025403784,1.,0.866025403784,1.,0.933012701892
,0.933012701892)) REPRESENTATION_ITEM('') );
#8842 = CARTESIAN_POINT('',(0.740192378865,-2.178833224122E-15,2.5));
#8843 = CARTESIAN_POINT('',(0.740192378865,0.19833395016,2.517863279495)
  );
#8844 = CARTESIAN_POINT('',(0.641025403784,0.370096189432,2.533333333333
    ));
#8845 = CARTESIAN_POINT('',(0.42735026919,0.740192378865,2.566666666667)
  );
#8846 = CARTESIAN_POINT('',(8.341395552274E-15,0.740192378865,2.6));
#8847 = CARTESIAN_POINT('',(-0.42735026919,0.740192378865,2.633333333333
    ));
#8848 = CARTESIAN_POINT('',(-0.641025403784,0.370096189432,
    2.666666666667));
#8849 = CARTESIAN_POINT('',(-0.740192378865,0.19833395016,2.682136720505
    ));
#8850 = CARTESIAN_POINT('',(-0.740192378865,1.249197715163E-15,2.7));
#8851 = ORIENTED_EDGE('',*,*,#8852,.T.);
#8852 = EDGE_CURVE('',#8839,#8853,#8855,.T.);
#8853 = VERTEX_POINT('',#8854);
#8854 = CARTESIAN_POINT('',(-0.740192378865,1.249197715163E-15,2.75));
#8855 = LINE('',#8856,#8857);
#8856 = CARTESIAN_POINT('',(-0.740192378865,-1.915407805765E-15,-4.));
#8857 = VECTOR('',#8858,1.);
#8858 = DIRECTION('',(-0.,-0.,1.));
#8859 = ORIENTED_EDGE('',*,*,#8860,.F.);
#8860 = EDGE_CURVE('',#8861,#8853,#8863,.T.);
#8861 = VERTEX_POINT('',#8862);
#8862 = CARTESIAN_POINT('',(0.740192378865,-2.178833224122E-15,2.55));
#8863 = ( BOUNDED_CURVE() B_SPLINE_CURVE(2,(#8864,#8865,#8866,#8867,
    #8868,#8869,#8870,#8871,#8872),.UNSPECIFIED.,.F.,.F.) 
B_SPLINE_CURVE_WITH_KNOTS((3,2,2,2,3),(0.67,0.673333333333,0.68,
0.686666666667,0.69),.UNSPECIFIED.) CURVE() 
GEOMETRIC_REPRESENTATION_ITEM() RATIONAL_B_SPLINE_CURVE((0.933012701892,
    0.933012701892,1.,0.866025403784,1.,0.866025403784,1.,0.933012701892
,0.933012701892)) REPRESENTATION_ITEM('') );
#8864 = CARTESIAN_POINT('',(0.740192378865,-2.178833224122E-15,2.55));
#8865 = CARTESIAN_POINT('',(0.740192378865,0.19833395016,2.567863279495)
  );
#8866 = CARTESIAN_POINT('',(0.641025403784,0.370096189432,2.583333333333
    ));
#8867 = CARTESIAN_POINT('',(0.42735026919,0.740192378865,2.616666666667)
  );
#8868 = CARTESIAN_POINT('',(8.341395552274E-15,0.740192378865,2.65));
#8869 = CARTESIAN_POINT('',(-0.42735026919,0.740192378865,2.683333333333
    ));
#8870 = CARTESIAN_POINT('',(-0.641025403784,0.370096189432,
    2.716666666667));
#8871 = CARTESIAN_POINT('',(-0.740192378865,0.19833395016,2.732136720505
    ));
#8872 = CARTESIAN_POINT('',(-0.740192378865,1.249197715163E-15,2.75));
#8873 = ORIENTED_EDGE('',*,*,#8874,.F.);
#8874 = EDGE_CURVE('',#8837,#8861,#8875,.T.);
#8875 = LINE('',#8876,#8877);
#8876 = CARTESIAN_POINT('',(0.740192378865,-2.006055228518E-15,-4.));
#8877 = VECTOR('',#8878,1.);
#8878 = DIRECTION('',(-0.,-0.,1.));
#8879 = CYLINDRICAL_SURFACE('',#8880,0.740192378865);
#8880 = AXIS2_PLACEMENT_3D('',#8881,#8882,#8883);
#8881 = CARTESIAN_POINT('',(0.,-2.006055228518E-15,-4.));
#8882 = DIRECTION('',(-0.,-0.,1.));
#8883 = DIRECTION('',(1.,0.,0.));
#8884 = ADVANCED_FACE('',(#8885),#8931,.T.);
#8885 = FACE_BOUND('',#8886,.T.);
#8886 = EDGE_LOOP('',(#8887,#8903,#8911,#8925));
#8887 = ORIENTED_EDGE('',*,*,#8888,.T.);
#8888 = EDGE_CURVE('',#8889,#8891,#8893,.T.);
#8889 = VERTEX_POINT('',#8890);
#8890 = CARTESIAN_POINT('',(0.740192378865,-5.18562307341E-15,2.9));
#8891 = VERTEX_POINT('',#8892);
#8892 = CARTESIAN_POINT('',(-0.740192378865,-7.94547849063E-15,3.1));
#8893 = ( BOUNDED_CURVE() B_SPLINE_CURVE(2,(#8894,#8895,#8896,#8897,
    #8898,#8899,#8900,#8901,#8902),.UNSPECIFIED.,.F.,.F.) 
B_SPLINE_CURVE_WITH_KNOTS((3,2,2,2,3),(0.71,0.713333333333,0.72,
0.726666666667,0.73),.UNSPECIFIED.) CURVE() 
GEOMETRIC_REPRESENTATION_ITEM() RATIONAL_B_SPLINE_CURVE((0.933012701892,
    0.933012701892,1.,0.866025403784,1.,0.866025403784,1.,0.933012701892
,0.933012701892)) REPRESENTATION_ITEM('') );
#8894 = CARTESIAN_POINT('',(0.740192378865,-5.18562307341E-15,2.9));
#8895 = CARTESIAN_POINT('',(0.740192378865,0.19833395016,2.917863279495)
  );
#8896 = CARTESIAN_POINT('',(0.641025403784,0.370096189432,2.933333333333
    ));
#8897 = CARTESIAN_POINT('',(0.42735026919,0.740192378865,2.966666666667)
  );
#8898 = CARTESIAN_POINT('',(1.378207357645E-14,0.740192378865,3.));
#8899 = CARTESIAN_POINT('',(-0.42735026919,0.740192378865,3.033333333333
    ));
#8900 = CARTESIAN_POINT('',(-0.641025403784,0.370096189432,
    3.066666666667));
#8901 = CARTESIAN_POINT('',(-0.740192378865,0.19833395016,3.082136720505
    ));
#8902 = CARTESIAN_POINT('',(-0.740192378865,-7.94547849063E-15,3.1));
#8903 = ORIENTED_EDGE('',*,*,#8904,.T.);
#8904 = EDGE_CURVE('',#8891,#8905,#8907,.T.);
#8905 = VERTEX_POINT('',#8906);
#8906 = CARTESIAN_POINT('',(-0.740192378865,-7.94547849063E-15,3.15));
#8907 = LINE('',#8908,#8909);
#8908 = CARTESIAN_POINT('',(-0.740192378865,-1.915407805765E-15,-4.));
#8909 = VECTOR('',#8910,1.);
#8910 = DIRECTION('',(-0.,-0.,1.));
#8911 = ORIENTED_EDGE('',*,*,#8912,.F.);
#8912 = EDGE_CURVE('',#8913,#8905,#8915,.T.);
#8913 = VERTEX_POINT('',#8914);
#8914 = CARTESIAN_POINT('',(0.740192378865,-5.18562307341E-15,2.95));
#8915 = ( BOUNDED_CURVE() B_SPLINE_CURVE(2,(#8916,#8917,#8918,#8919,
    #8920,#8921,#8922,#8923,#8924),.UNSPECIFIED.,.F.,.F.) 
B_SPLINE_CURVE_WITH_KNOTS((3,2,2,2,3),(0.71,0.713333333333,0.72,
0.726666666667,0.73),.UNSPECIFIED.) CURVE() 
GEOMETRIC_REPRESENTATION_ITEM() RATIONAL_B_SPLINE_CURVE((0.933012701892,
    0.933012701892,1.,0.866025403784,1.,0.866025403784,1.,0.933012701892
,0.933012701892)) REPRESENTATION_ITEM('') );
#8916 = CARTESIAN_POINT('',(0.740192378865,-5.18562307341E-15,2.95));
#8917 = CARTESIAN_POINT('',(0.740192378865,0.19833395016,2.967863279495)
  );
#8918 = CARTESIAN_POINT('',(0.641025403784,0.370096189432,2.983333333333
    ));
#8919 = CARTESIAN_POINT('',(0.42735026919,0.740192378865,3.016666666667)
  );
#8920 = CARTESIAN_POINT('',(1.378207357645E-14,0.740192378865,3.05));
#8921 = CARTESIAN_POINT('',(-0.42735026919,0.740192378865,3.083333333333
    ));
#8922 = CARTESIAN_POINT('',(-0.641025403784,0.370096189432,
    3.116666666667));
#8923 = CARTESIAN_POINT('',(-0.740192378865,0.19833395016,3.132136720505
    ));
#8924 = CARTESIAN_POINT('',(-0.740192378865,-7.94547849063E-15,3.15));
#8925 = ORIENTED_EDGE('',*,*,#8926,.F.);
#8926 = EDGE_CURVE('',#8889,#8913,#8927,.T.);
#8927 = LINE('',#8928,#8929);
#8928 = CARTESIAN_POINT('',(0.740192378865,-2.006055228518E-15,-4.));
#8929 = VECTOR('',#8930,1.);
#8930 = DIRECTION('',(-0.,-0.,1.));
#8931 = CYLINDRICAL_SURFACE('',#8932,0.740192378865);
#8932 = AXIS2_PLACEMENT_3D('',#8933,#8934,#8935);
#8933 = CARTESIAN_POINT('',(0.,-2.006055228518E-15,-4.));
#8934 = DIRECTION('',(-0.,-0.,1.));
#8935 = DIRECTION('',(1.,0.,0.));
#8936 = ADVANCED_FACE('',(#8937),#8983,.T.);
#8937 = FACE_BOUND('',#8938,.T.);
#8938 = EDGE_LOOP('',(#8939,#8955,#8963,#8977));
#8939 = ORIENTED_EDGE('',*,*,#8940,.T.);
#8940 = EDGE_CURVE('',#8941,#8943,#8945,.T.);
#8941 = VERTEX_POINT('',#8942);
#8942 = CARTESIAN_POINT('',(0.740192378865,4.023578687211E-15,3.3));
#8943 = VERTEX_POINT('',#8944);
#8944 = CARTESIAN_POINT('',(-0.740192378865,-2.498395430326E-15,3.5));
#8945 = ( BOUNDED_CURVE() B_SPLINE_CURVE(2,(#8946,#8947,#8948,#8949,
    #8950,#8951,#8952,#8953,#8954),.UNSPECIFIED.,.F.,.F.) 
B_SPLINE_CURVE_WITH_KNOTS((3,2,2,2,3),(0.75,0.753333333333,0.76,
0.766666666667,0.77),.UNSPECIFIED.) CURVE() 
GEOMETRIC_REPRESENTATION_ITEM() RATIONAL_B_SPLINE_CURVE((0.933012701892,
    0.933012701892,1.,0.866025403784,1.,0.866025403784,1.,0.933012701892
,0.933012701892)) REPRESENTATION_ITEM('') );
#8946 = CARTESIAN_POINT('',(0.740192378865,4.023578687211E-15,3.3));
#8947 = CARTESIAN_POINT('',(0.740192378865,0.19833395016,3.317863279495)
  );
#8948 = CARTESIAN_POINT('',(0.641025403784,0.370096189432,3.333333333333
    ));
#8949 = CARTESIAN_POINT('',(0.42735026919,0.740192378865,3.366666666667)
  );
#8950 = CARTESIAN_POINT('',(8.703985243286E-15,0.740192378865,3.4));
#8951 = CARTESIAN_POINT('',(-0.42735026919,0.740192378865,3.433333333333
    ));
#8952 = CARTESIAN_POINT('',(-0.641025403784,0.370096189432,
    3.466666666667));
#8953 = CARTESIAN_POINT('',(-0.740192378865,0.19833395016,3.482136720505
    ));
#8954 = CARTESIAN_POINT('',(-0.740192378865,-2.498395430326E-15,3.5));
#8955 = ORIENTED_EDGE('',*,*,#8956,.T.);
#8956 = EDGE_CURVE('',#8943,#8957,#8959,.T.);
#8957 = VERTEX_POINT('',#8958);
#8958 = CARTESIAN_POINT('',(-0.740192378865,-2.498395430326E-15,3.55));
#8959 = LINE('',#8960,#8961);
#8960 = CARTESIAN_POINT('',(-0.740192378865,-1.915407805765E-15,-4.));
#8961 = VECTOR('',#8962,1.);
#8962 = DIRECTION('',(-0.,-0.,1.));
#8963 = ORIENTED_EDGE('',*,*,#8964,.F.);
#8964 = EDGE_CURVE('',#8965,#8957,#8967,.T.);
#8965 = VERTEX_POINT('',#8966);
#8966 = CARTESIAN_POINT('',(0.740192378865,4.023578687211E-15,3.35));
#8967 = ( BOUNDED_CURVE() B_SPLINE_CURVE(2,(#8968,#8969,#8970,#8971,
    #8972,#8973,#8974,#8975,#8976),.UNSPECIFIED.,.F.,.F.) 
B_SPLINE_CURVE_WITH_KNOTS((3,2,2,2,3),(0.75,0.753333333333,0.76,
0.766666666667,0.77),.UNSPECIFIED.) CURVE() 
GEOMETRIC_REPRESENTATION_ITEM() RATIONAL_B_SPLINE_CURVE((0.933012701892,
    0.933012701892,1.,0.866025403784,1.,0.866025403784,1.,0.933012701892
,0.933012701892)) REPRESENTATION_ITEM('') );
#8968 = CARTESIAN_POINT('',(0.740192378865,4.023578687211E-15,3.35));
#8969 = CARTESIAN_POINT('',(0.740192378865,0.19833395016,3.367863279495)
  );
#8970 = CARTESIAN_POINT('',(0.641025403784,0.370096189432,3.383333333333
    ));
#8971 = CARTESIAN_POINT('',(0.42735026919,0.740192378865,3.416666666667)
  );
#8972 = CARTESIAN_POINT('',(8.703985243286E-15,0.740192378865,3.45));
#8973 = CARTESIAN_POINT('',(-0.42735026919,0.740192378865,3.483333333333
    ));
#8974 = CARTESIAN_POINT('',(-0.641025403784,0.370096189432,
    3.516666666667));
#8975 = CARTESIAN_POINT('',(-0.740192378865,0.19833395016,3.532136720505
    ));
#8976 = CARTESIAN_POINT('',(-0.740192378865,-2.498395430326E-15,3.55));
#8977 = ORIENTED_EDGE('',*,*,#8978,.F.);
#8978 = EDGE_CURVE('',#8941,#8965,#8979,.T.);
#8979 = LINE('',#8980,#8981);
#8980 = CARTESIAN_POINT('',(0.740192378865,-2.006055228518E-15,-4.));
#8981 = VECTOR('',#8982,1.);
#8982 = DIRECTION('',(-0.,-0.,1.));
#8983 = CYLINDRICAL_SURFACE('',#8984,0.740192378865);
#8984 = AXIS2_PLACEMENT_3D('',#8985,#8986,#8987);
#8985 = CARTESIAN_POINT('',(0.,-2.006055228518E-15,-4.));
#8986 = DIRECTION('',(-0.,-0.,1.));
#8987 = DIRECTION('',(1.,0.,0.));
#8988 = ADVANCED_FACE('',(#8989),#9012,.T.);
#8989 = FACE_BOUND('',#8990,.T.);
#8990 = EDGE_LOOP('',(#8991,#8999,#9000,#9010,#9011));
#8991 = ORIENTED_EDGE('',*,*,#8992,.T.);
#8992 = EDGE_CURVE('',#7905,#8005,#8993,.T.);
#8993 = ( BOUNDED_CURVE() B_SPLINE_CURVE(2,(#8994,#8995,#8996,#8997,
#8998),.UNSPECIFIED.,.F.,.F.) B_SPLINE_CURVE_WITH_KNOTS((3,2,3),(
2.397499357915E-02,2.666666666667E-02,3.E-02),.UNSPECIFIED.) CURVE() 
GEOMETRIC_REPRESENTATION_ITEM() RATIONAL_B_SPLINE_CURVE((0.93549495028,
    0.945907627743,1.,0.933012701892,0.933012701892)) 
REPRESENTATION_ITEM('') );
#8994 = CARTESIAN_POINT('',(0.434084494628,-0.599546002616,
    -3.959807621135));
#8995 = CARTESIAN_POINT('',(0.562039523689,-0.506903746838,
    -3.945655135189));
#8996 = CARTESIAN_POINT('',(0.641025403784,-0.370096189432,
    -3.933333333333));
#8997 = CARTESIAN_POINT('',(0.740192378865,-0.19833395016,
    -3.917863279495));
#8998 = CARTESIAN_POINT('',(0.740192378865,-2.120731004812E-15,-3.9));
#8999 = ORIENTED_EDGE('',*,*,#8042,.T.);
#9000 = ORIENTED_EDGE('',*,*,#9001,.F.);
#9001 = EDGE_CURVE('',#7952,#8029,#9002,.T.);
#9002 = ( BOUNDED_CURVE() B_SPLINE_CURVE(2,(#9003,#9004,#9005,#9006,
#9007,#9008,#9009),.UNSPECIFIED.,.F.,.F.) B_SPLINE_CURVE_WITH_KNOTS((3,2
    ,2,3),(1.893459752509E-02,2.E-02,2.666666666667E-02,3.E-02),
.UNSPECIFIED.) CURVE() GEOMETRIC_REPRESENTATION_ITEM() 
RATIONAL_B_SPLINE_CURVE((0.964022189567,0.978589470043,1.,0.866025403784
,1.,0.933012701892,0.933012701892)) REPRESENTATION_ITEM('') );
#9003 = CARTESIAN_POINT('',(-0.120077898153,-0.730387606757,
    -3.959807621135));
#9004 = CARTESIAN_POINT('',(-6.043924570718E-02,-0.740192378865,
    -3.95471426291));
#9005 = CARTESIAN_POINT('',(-9.064742275299E-17,-0.740192378865,-3.95));
#9006 = CARTESIAN_POINT('',(0.42735026919,-0.740192378865,
    -3.916666666667));
#9007 = CARTESIAN_POINT('',(0.641025403784,-0.370096189432,
    -3.883333333333));
#9008 = CARTESIAN_POINT('',(0.740192378865,-0.19833395016,
    -3.867863279495));
#9009 = CARTESIAN_POINT('',(0.740192378865,-2.120731004812E-15,-3.85));
#9010 = ORIENTED_EDGE('',*,*,#7951,.T.);
#9011 = ORIENTED_EDGE('',*,*,#7919,.T.);
#9012 = CYLINDRICAL_SURFACE('',#9013,0.740192378865);
#9013 = AXIS2_PLACEMENT_3D('',#9014,#9015,#9016);
#9014 = CARTESIAN_POINT('',(0.,-2.006055228518E-15,-4.));
#9015 = DIRECTION('',(-0.,-0.,1.));
#9016 = DIRECTION('',(1.,0.,0.));
#9017 = ADVANCED_FACE('',(#9018),#9046,.T.);
#9018 = FACE_BOUND('',#9019,.T.);
#9019 = EDGE_LOOP('',(#9020,#9021,#9033,#9034));
#9020 = ORIENTED_EDGE('',*,*,#8020,.F.);
#9021 = ORIENTED_EDGE('',*,*,#9022,.T.);
#9022 = EDGE_CURVE('',#8007,#8057,#9023,.T.);
#9023 = ( BOUNDED_CURVE() B_SPLINE_CURVE(2,(#9024,#9025,#9026,#9027,
    #9028,#9029,#9030,#9031,#9032),.UNSPECIFIED.,.F.,.F.) 
B_SPLINE_CURVE_WITH_KNOTS((3,2,2,2,3),(5.E-02,5.333333333333E-02,6.E-02,
6.666666666667E-02,7.E-02),.UNSPECIFIED.) CURVE() 
GEOMETRIC_REPRESENTATION_ITEM() RATIONAL_B_SPLINE_CURVE((0.933012701892,
    0.933012701892,1.,0.866025403784,1.,0.866025403784,1.,0.933012701892
,0.933012701892)) REPRESENTATION_ITEM('') );
#9024 = CARTESIAN_POINT('',(-0.740192378865,-2.106205449984E-15,-3.7));
#9025 = CARTESIAN_POINT('',(-0.740192378865,-0.19833395016,
    -3.682136720505));
#9026 = CARTESIAN_POINT('',(-0.641025403784,-0.370096189432,
    -3.666666666667));
#9027 = CARTESIAN_POINT('',(-0.42735026919,-0.740192378865,
    -3.633333333333));
#9028 = CARTESIAN_POINT('',(-2.71942268259E-16,-0.740192378865,-3.6));
#9029 = CARTESIAN_POINT('',(0.42735026919,-0.740192378865,
    -3.566666666667));
#9030 = CARTESIAN_POINT('',(0.641025403784,-0.370096189432,
    -3.533333333333));
#9031 = CARTESIAN_POINT('',(0.740192378865,-0.19833395016,
    -3.517863279495));
#9032 = CARTESIAN_POINT('',(0.740192378865,-1.801168798607E-15,-3.5));
#9033 = ORIENTED_EDGE('',*,*,#8094,.T.);
#9034 = ORIENTED_EDGE('',*,*,#9035,.F.);
#9035 = EDGE_CURVE('',#8021,#8081,#9036,.T.);
#9036 = ( BOUNDED_CURVE() B_SPLINE_CURVE(2,(#9037,#9038,#9039,#9040,
    #9041,#9042,#9043,#9044,#9045),.UNSPECIFIED.,.F.,.F.) 
B_SPLINE_CURVE_WITH_KNOTS((3,2,2,2,3),(5.E-02,5.333333333333E-02,6.E-02,
6.666666666667E-02,7.E-02),.UNSPECIFIED.) CURVE() 
GEOMETRIC_REPRESENTATION_ITEM() RATIONAL_B_SPLINE_CURVE((0.933012701892,
    0.933012701892,1.,0.866025403784,1.,0.866025403784,1.,0.933012701892
,0.933012701892)) REPRESENTATION_ITEM('') );
#9037 = CARTESIAN_POINT('',(-0.740192378865,-2.106205449984E-15,-3.65));
#9038 = CARTESIAN_POINT('',(-0.740192378865,-0.19833395016,
    -3.632136720505));
#9039 = CARTESIAN_POINT('',(-0.641025403784,-0.370096189432,
    -3.616666666667));
#9040 = CARTESIAN_POINT('',(-0.42735026919,-0.740192378865,
    -3.583333333333));
#9041 = CARTESIAN_POINT('',(-2.71942268259E-16,-0.740192378865,-3.55));
#9042 = CARTESIAN_POINT('',(0.42735026919,-0.740192378865,
    -3.516666666667));
#9043 = CARTESIAN_POINT('',(0.641025403784,-0.370096189432,
    -3.483333333333));
#9044 = CARTESIAN_POINT('',(0.740192378865,-0.19833395016,
    -3.467863279495));
#9045 = CARTESIAN_POINT('',(0.740192378865,-1.801168798607E-15,-3.45));
#9046 = CYLINDRICAL_SURFACE('',#9047,0.740192378865);
#9047 = AXIS2_PLACEMENT_3D('',#9048,#9049,#9050);
#9048 = CARTESIAN_POINT('',(0.,-2.006055228518E-15,-4.));
#9049 = DIRECTION('',(-0.,-0.,1.));
#9050 = DIRECTION('',(1.,0.,0.));
#9051 = ADVANCED_FACE('',(#9052),#9080,.T.);
#9052 = FACE_BOUND('',#9053,.T.);
#9053 = EDGE_LOOP('',(#9054,#9055,#9067,#9068));
#9054 = ORIENTED_EDGE('',*,*,#8072,.F.);
#9055 = ORIENTED_EDGE('',*,*,#9056,.T.);
#9056 = EDGE_CURVE('',#8059,#8109,#9057,.T.);
#9057 = ( BOUNDED_CURVE() B_SPLINE_CURVE(2,(#9058,#9059,#9060,#9061,
    #9062,#9063,#9064,#9065,#9066),.UNSPECIFIED.,.F.,.F.) 
B_SPLINE_CURVE_WITH_KNOTS((3,2,2,2,3),(9.E-02,9.333333333333E-02,0.1,
0.106666666667,0.11),.UNSPECIFIED.) CURVE() 
GEOMETRIC_REPRESENTATION_ITEM() RATIONAL_B_SPLINE_CURVE((0.933012701892,
    0.933012701892,1.,0.866025403784,1.,0.866025403784,1.,0.933012701892
,0.933012701892)) REPRESENTATION_ITEM('') );
#9058 = CARTESIAN_POINT('',(-0.740192378865,-1.394453263438E-15,-3.3));
#9059 = CARTESIAN_POINT('',(-0.740192378865,-0.19833395016,
    -3.282136720505));
#9060 = CARTESIAN_POINT('',(-0.641025403784,-0.370096189432,
    -3.266666666667));
#9061 = CARTESIAN_POINT('',(-0.42735026919,-0.740192378865,
    -3.233333333333));
#9062 = CARTESIAN_POINT('',(-1.768082908433E-15,-0.740192378865,-3.2));
#9063 = CARTESIAN_POINT('',(0.42735026919,-0.740192378865,
    -3.166666666667));
#9064 = CARTESIAN_POINT('',(0.641025403784,-0.370096189432,
    -3.133333333333));
#9065 = CARTESIAN_POINT('',(0.740192378865,-0.19833395016,
    -3.117863279495));
#9066 = CARTESIAN_POINT('',(0.740192378865,-2.106205449984E-15,-3.1));
#9067 = ORIENTED_EDGE('',*,*,#8146,.T.);
#9068 = ORIENTED_EDGE('',*,*,#9069,.F.);
#9069 = EDGE_CURVE('',#8073,#8133,#9070,.T.);
#9070 = ( BOUNDED_CURVE() B_SPLINE_CURVE(2,(#9071,#9072,#9073,#9074,
    #9075,#9076,#9077,#9078,#9079),.UNSPECIFIED.,.F.,.F.) 
B_SPLINE_CURVE_WITH_KNOTS((3,2,2,2,3),(9.E-02,9.333333333333E-02,0.1,
0.106666666667,0.11),.UNSPECIFIED.) CURVE() 
GEOMETRIC_REPRESENTATION_ITEM() RATIONAL_B_SPLINE_CURVE((0.933012701892,
    0.933012701892,1.,0.866025403784,1.,0.866025403784,1.,0.933012701892
,0.933012701892)) REPRESENTATION_ITEM('') );
#9071 = CARTESIAN_POINT('',(-0.740192378865,-1.394453263438E-15,-3.25));
#9072 = CARTESIAN_POINT('',(-0.740192378865,-0.19833395016,
    -3.232136720505));
#9073 = CARTESIAN_POINT('',(-0.641025403784,-0.370096189432,
    -3.216666666667));
#9074 = CARTESIAN_POINT('',(-0.42735026919,-0.740192378865,
    -3.183333333333));
#9075 = CARTESIAN_POINT('',(-1.768082908433E-15,-0.740192378865,-3.15));
#9076 = CARTESIAN_POINT('',(0.42735026919,-0.740192378865,
    -3.116666666667));
#9077 = CARTESIAN_POINT('',(0.641025403784,-0.370096189432,
    -3.083333333333));
#9078 = CARTESIAN_POINT('',(0.740192378865,-0.19833395016,
    -3.067863279495));
#9079 = CARTESIAN_POINT('',(0.740192378865,-2.106205449984E-15,-3.05));
#9080 = CYLINDRICAL_SURFACE('',#9081,0.740192378865);
#9081 = AXIS2_PLACEMENT_3D('',#9082,#9083,#9084);
#9082 = CARTESIAN_POINT('',(0.,-2.006055228518E-15,-4.));
#9083 = DIRECTION('',(-0.,-0.,1.));
#9084 = DIRECTION('',(1.,0.,0.));
#9085 = ADVANCED_FACE('',(#9086),#9114,.T.);
#9086 = FACE_BOUND('',#9087,.T.);
#9087 = EDGE_LOOP('',(#9088,#9089,#9101,#9102));
#9088 = ORIENTED_EDGE('',*,*,#8124,.F.);
#9089 = ORIENTED_EDGE('',*,*,#9090,.T.);
#9090 = EDGE_CURVE('',#8111,#8161,#9091,.T.);
#9091 = ( BOUNDED_CURVE() B_SPLINE_CURVE(2,(#9092,#9093,#9094,#9095,
    #9096,#9097,#9098,#9099,#9100),.UNSPECIFIED.,.F.,.F.) 
B_SPLINE_CURVE_WITH_KNOTS((3,2,2,2,3),(0.13,0.133333333333,0.14,
0.146666666667,0.15),.UNSPECIFIED.) CURVE() 
GEOMETRIC_REPRESENTATION_ITEM() RATIONAL_B_SPLINE_CURVE((0.933012701892,
    0.933012701892,1.,0.866025403784,1.,0.866025403784,1.,0.933012701892
,0.933012701892)) REPRESENTATION_ITEM('') );
#9092 = CARTESIAN_POINT('',(-0.740192378865,-3.442556494112E-15,-2.9));
#9093 = CARTESIAN_POINT('',(-0.740192378865,-0.19833395016,
    -2.882136720505));
#9094 = CARTESIAN_POINT('',(-0.641025403784,-0.370096189432,
    -2.866666666667));
#9095 = CARTESIAN_POINT('',(-0.42735026919,-0.740192378865,
    -2.833333333333));
#9096 = CARTESIAN_POINT('',(-6.345319592709E-16,-0.740192378865,-2.8));
#9097 = CARTESIAN_POINT('',(0.42735026919,-0.740192378865,
    -2.766666666667));
#9098 = CARTESIAN_POINT('',(0.641025403784,-0.370096189432,
    -2.733333333333));
#9099 = CARTESIAN_POINT('',(0.740192378865,-0.19833395016,
    -2.717863279495));
#9100 = CARTESIAN_POINT('',(0.740192378865,-6.536499672365E-16,-2.7));
#9101 = ORIENTED_EDGE('',*,*,#8198,.T.);
#9102 = ORIENTED_EDGE('',*,*,#9103,.F.);
#9103 = EDGE_CURVE('',#8125,#8185,#9104,.T.);
#9104 = ( BOUNDED_CURVE() B_SPLINE_CURVE(2,(#9105,#9106,#9107,#9108,
    #9109,#9110,#9111,#9112,#9113),.UNSPECIFIED.,.F.,.F.) 
B_SPLINE_CURVE_WITH_KNOTS((3,2,2,2,3),(0.13,0.133333333333,0.14,
0.146666666667,0.15),.UNSPECIFIED.) CURVE() 
GEOMETRIC_REPRESENTATION_ITEM() RATIONAL_B_SPLINE_CURVE((0.933012701892,
    0.933012701892,1.,0.866025403784,1.,0.866025403784,1.,0.933012701892
,0.933012701892)) REPRESENTATION_ITEM('') );
#9105 = CARTESIAN_POINT('',(-0.740192378865,-3.442556494112E-15,-2.85));
#9106 = CARTESIAN_POINT('',(-0.740192378865,-0.19833395016,
    -2.832136720505));
#9107 = CARTESIAN_POINT('',(-0.641025403784,-0.370096189432,
    -2.816666666667));
#9108 = CARTESIAN_POINT('',(-0.42735026919,-0.740192378865,
    -2.783333333333));
#9109 = CARTESIAN_POINT('',(-6.345319592709E-16,-0.740192378865,-2.75));
#9110 = CARTESIAN_POINT('',(0.42735026919,-0.740192378865,
    -2.716666666667));
#9111 = CARTESIAN_POINT('',(0.641025403784,-0.370096189432,
    -2.683333333333));
#9112 = CARTESIAN_POINT('',(0.740192378865,-0.19833395016,
    -2.667863279495));
#9113 = CARTESIAN_POINT('',(0.740192378865,-6.536499672365E-16,-2.65));
#9114 = CYLINDRICAL_SURFACE('',#9115,0.740192378865);
#9115 = AXIS2_PLACEMENT_3D('',#9116,#9117,#9118);
#9116 = CARTESIAN_POINT('',(0.,-2.006055228518E-15,-4.));
#9117 = DIRECTION('',(-0.,-0.,1.));
#9118 = DIRECTION('',(1.,0.,0.));
#9119 = ADVANCED_FACE('',(#9120),#9148,.T.);
#9120 = FACE_BOUND('',#9121,.T.);
#9121 = EDGE_LOOP('',(#9122,#9123,#9135,#9136));
#9122 = ORIENTED_EDGE('',*,*,#8176,.F.);
#9123 = ORIENTED_EDGE('',*,*,#9124,.T.);
#9124 = EDGE_CURVE('',#8163,#8213,#9125,.T.);
#9125 = ( BOUNDED_CURVE() B_SPLINE_CURVE(2,(#9126,#9127,#9128,#9129,
    #9130,#9131,#9132,#9133,#9134),.UNSPECIFIED.,.F.,.F.) 
B_SPLINE_CURVE_WITH_KNOTS((3,2,2,2,3),(0.17,0.173333333333,0.18,
0.186666666667,0.19),.UNSPECIFIED.) CURVE() 
GEOMETRIC_REPRESENTATION_ITEM() RATIONAL_B_SPLINE_CURVE((0.933012701892,
    0.933012701892,1.,0.866025403784,1.,0.866025403784,1.,0.933012701892
,0.933012701892)) REPRESENTATION_ITEM('') );
#9126 = CARTESIAN_POINT('',(-0.740192378865,-1.583285476195E-15,-2.5));
#9127 = CARTESIAN_POINT('',(-0.740192378865,-0.19833395016,
    -2.482136720505));
#9128 = CARTESIAN_POINT('',(-0.641025403784,-0.370096189432,
    -2.466666666667));
#9129 = CARTESIAN_POINT('',(-0.42735026919,-0.740192378865,
    -2.433333333333));
#9130 = CARTESIAN_POINT('',(-3.445518394113E-15,-0.740192378865,-2.4));
#9131 = CARTESIAN_POINT('',(0.42735026919,-0.740192378865,
    -2.366666666667));
#9132 = CARTESIAN_POINT('',(0.641025403784,-0.370096189432,
    -2.333333333333));
#9133 = CARTESIAN_POINT('',(0.740192378865,-0.19833395016,
    -2.317863279495));
#9134 = CARTESIAN_POINT('',(0.740192378865,-8.279566251662E-16,-2.3));
#9135 = ORIENTED_EDGE('',*,*,#8250,.T.);
#9136 = ORIENTED_EDGE('',*,*,#9137,.F.);
#9137 = EDGE_CURVE('',#8177,#8237,#9138,.T.);
#9138 = ( BOUNDED_CURVE() B_SPLINE_CURVE(2,(#9139,#9140,#9141,#9142,
    #9143,#9144,#9145,#9146,#9147),.UNSPECIFIED.,.F.,.F.) 
B_SPLINE_CURVE_WITH_KNOTS((3,2,2,2,3),(0.17,0.173333333333,0.18,
0.186666666667,0.19),.UNSPECIFIED.) CURVE() 
GEOMETRIC_REPRESENTATION_ITEM() RATIONAL_B_SPLINE_CURVE((0.933012701892,
    0.933012701892,1.,0.866025403784,1.,0.866025403784,1.,0.933012701892
,0.933012701892)) REPRESENTATION_ITEM('') );
#9139 = CARTESIAN_POINT('',(-0.740192378865,-1.583285476195E-15,-2.45));
#9140 = CARTESIAN_POINT('',(-0.740192378865,-0.19833395016,
    -2.432136720505));
#9141 = CARTESIAN_POINT('',(-0.641025403784,-0.370096189432,
    -2.416666666667));
#9142 = CARTESIAN_POINT('',(-0.42735026919,-0.740192378865,
    -2.383333333333));
#9143 = CARTESIAN_POINT('',(-3.445518394113E-15,-0.740192378865,-2.35));
#9144 = CARTESIAN_POINT('',(0.42735026919,-0.740192378865,
    -2.316666666667));
#9145 = CARTESIAN_POINT('',(0.641025403784,-0.370096189432,
    -2.283333333333));
#9146 = CARTESIAN_POINT('',(0.740192378865,-0.19833395016,
    -2.267863279495));
#9147 = CARTESIAN_POINT('',(0.740192378865,-8.279566251662E-16,-2.25));
#9148 = CYLINDRICAL_SURFACE('',#9149,0.740192378865);
#9149 = AXIS2_PLACEMENT_3D('',#9150,#9151,#9152);
#9150 = CARTESIAN_POINT('',(0.,-2.006055228518E-15,-4.));
#9151 = DIRECTION('',(-0.,-0.,1.));
#9152 = DIRECTION('',(1.,0.,0.));
#9153 = ADVANCED_FACE('',(#9154),#9182,.T.);
#9154 = FACE_BOUND('',#9155,.T.);
#9155 = EDGE_LOOP('',(#9156,#9157,#9169,#9170));
#9156 = ORIENTED_EDGE('',*,*,#8228,.F.);
#9157 = ORIENTED_EDGE('',*,*,#9158,.T.);
#9158 = EDGE_CURVE('',#8215,#8265,#9159,.T.);
#9159 = ( BOUNDED_CURVE() B_SPLINE_CURVE(2,(#9160,#9161,#9162,#9163,
    #9164,#9165,#9166,#9167,#9168),.UNSPECIFIED.,.F.,.F.) 
B_SPLINE_CURVE_WITH_KNOTS((3,2,2,2,3),(0.21,0.213333333333,0.22,
0.226666666667,0.23),.UNSPECIFIED.) CURVE() 
GEOMETRIC_REPRESENTATION_ITEM() RATIONAL_B_SPLINE_CURVE((0.933012701892,
    0.933012701892,1.,0.866025403784,1.,0.866025403784,1.,0.933012701892
,0.933012701892)) REPRESENTATION_ITEM('') );
#9160 = CARTESIAN_POINT('',(-0.740192378865,-3.268249836183E-15,-2.1));
#9161 = CARTESIAN_POINT('',(-0.740192378865,-0.19833395016,
    -2.082136720505));
#9162 = CARTESIAN_POINT('',(-0.641025403784,-0.370096189432,
    -2.066666666667));
#9163 = CARTESIAN_POINT('',(-0.42735026919,-0.740192378865,
    -2.033333333333));
#9164 = CARTESIAN_POINT('',(-3.626813239619E-15,-0.740192378865,-2.));
#9165 = CARTESIAN_POINT('',(0.42735026919,-0.740192378865,
    -1.966666666667));
#9166 = CARTESIAN_POINT('',(0.641025403784,-0.370096189432,
    -1.933333333333));
#9167 = CARTESIAN_POINT('',(0.740192378865,-0.19833395016,
    -1.917863279495));
#9168 = CARTESIAN_POINT('',(0.740192378865,-6.68175522064E-16,-1.9));
#9169 = ORIENTED_EDGE('',*,*,#8302,.T.);
#9170 = ORIENTED_EDGE('',*,*,#9171,.F.);
#9171 = EDGE_CURVE('',#8229,#8289,#9172,.T.);
#9172 = ( BOUNDED_CURVE() B_SPLINE_CURVE(2,(#9173,#9174,#9175,#9176,
    #9177,#9178,#9179,#9180,#9181),.UNSPECIFIED.,.F.,.F.) 
B_SPLINE_CURVE_WITH_KNOTS((3,2,2,2,3),(0.21,0.213333333333,0.22,
0.226666666667,0.23),.UNSPECIFIED.) CURVE() 
GEOMETRIC_REPRESENTATION_ITEM() RATIONAL_B_SPLINE_CURVE((0.933012701892,
    0.933012701892,1.,0.866025403784,1.,0.866025403784,1.,0.933012701892
,0.933012701892)) REPRESENTATION_ITEM('') );
#9173 = CARTESIAN_POINT('',(-0.740192378865,-3.268249836183E-15,-2.05));
#9174 = CARTESIAN_POINT('',(-0.740192378865,-0.19833395016,
    -2.032136720505));
#9175 = CARTESIAN_POINT('',(-0.641025403784,-0.370096189432,
    -2.016666666667));
#9176 = CARTESIAN_POINT('',(-0.42735026919,-0.740192378865,
    -1.983333333333));
#9177 = CARTESIAN_POINT('',(-3.626813239619E-15,-0.740192378865,-1.95));
#9178 = CARTESIAN_POINT('',(0.42735026919,-0.740192378865,
    -1.916666666667));
#9179 = CARTESIAN_POINT('',(0.641025403784,-0.370096189432,
    -1.883333333333));
#9180 = CARTESIAN_POINT('',(0.740192378865,-0.19833395016,
    -1.867863279495));
#9181 = CARTESIAN_POINT('',(0.740192378865,-6.68175522064E-16,-1.85));
#9182 = CYLINDRICAL_SURFACE('',#9183,0.740192378865);
#9183 = AXIS2_PLACEMENT_3D('',#9184,#9185,#9186);
#9184 = CARTESIAN_POINT('',(0.,-2.006055228518E-15,-4.));
#9185 = DIRECTION('',(-0.,-0.,1.));
#9186 = DIRECTION('',(1.,0.,0.));
#9187 = ADVANCED_FACE('',(#9188),#9216,.T.);
#9188 = FACE_BOUND('',#9189,.T.);
#9189 = EDGE_LOOP('',(#9190,#9191,#9203,#9204));
#9190 = ORIENTED_EDGE('',*,*,#8280,.F.);
#9191 = ORIENTED_EDGE('',*,*,#9192,.T.);
#9192 = EDGE_CURVE('',#8267,#8317,#9193,.T.);
#9193 = ( BOUNDED_CURVE() B_SPLINE_CURVE(2,(#9194,#9195,#9196,#9197,
    #9198,#9199,#9200,#9201,#9202),.UNSPECIFIED.,.F.,.F.) 
B_SPLINE_CURVE_WITH_KNOTS((3,2,2,2,3),(0.25,0.253333333333,0.26,
0.266666666667,0.27),.UNSPECIFIED.) CURVE() 
GEOMETRIC_REPRESENTATION_ITEM() RATIONAL_B_SPLINE_CURVE((0.933012701892,
    0.933012701892,1.,0.866025403784,1.,0.866025403784,1.,0.933012701892
,0.933012701892)) REPRESENTATION_ITEM('') );
#9194 = CARTESIAN_POINT('',(-0.740192378865,-3.079417623425E-15,-1.7));
#9195 = CARTESIAN_POINT('',(-0.740192378865,-0.19833395016,
    -1.682136720505));
#9196 = CARTESIAN_POINT('',(-0.641025403784,-0.370096189432,
    -1.666666666667));
#9197 = CARTESIAN_POINT('',(-0.42735026919,-0.740192378865,
    -1.633333333333));
#9198 = CARTESIAN_POINT('',(-3.808108085125E-15,-0.740192378865,-1.6));
#9199 = CARTESIAN_POINT('',(0.42735026919,-0.740192378865,
    -1.566666666667));
#9200 = CARTESIAN_POINT('',(0.641025403784,-0.370096189432,
    -1.533333333333));
#9201 = CARTESIAN_POINT('',(0.740192378865,-0.19833395016,
    -1.517863279495));
#9202 = CARTESIAN_POINT('',(0.740192378865,-2.440293211016E-15,-1.5));
#9203 = ORIENTED_EDGE('',*,*,#8354,.T.);
#9204 = ORIENTED_EDGE('',*,*,#9205,.F.);
#9205 = EDGE_CURVE('',#8281,#8341,#9206,.T.);
#9206 = ( BOUNDED_CURVE() B_SPLINE_CURVE(2,(#9207,#9208,#9209,#9210,
    #9211,#9212,#9213,#9214,#9215),.UNSPECIFIED.,.F.,.F.) 
B_SPLINE_CURVE_WITH_KNOTS((3,2,2,2,3),(0.25,0.253333333333,0.26,
0.266666666667,0.27),.UNSPECIFIED.) CURVE() 
GEOMETRIC_REPRESENTATION_ITEM() RATIONAL_B_SPLINE_CURVE((0.933012701892,
    0.933012701892,1.,0.866025403784,1.,0.866025403784,1.,0.933012701892
,0.933012701892)) REPRESENTATION_ITEM('') );
#9207 = CARTESIAN_POINT('',(-0.740192378865,-3.079417623425E-15,-1.65));
#9208 = CARTESIAN_POINT('',(-0.740192378865,-0.19833395016,
    -1.632136720505));
#9209 = CARTESIAN_POINT('',(-0.641025403784,-0.370096189432,
    -1.616666666667));
#9210 = CARTESIAN_POINT('',(-0.42735026919,-0.740192378865,
    -1.583333333333));
#9211 = CARTESIAN_POINT('',(-3.808108085125E-15,-0.740192378865,-1.55));
#9212 = CARTESIAN_POINT('',(0.42735026919,-0.740192378865,
    -1.516666666667));
#9213 = CARTESIAN_POINT('',(0.641025403784,-0.370096189432,
    -1.483333333333));
#9214 = CARTESIAN_POINT('',(0.740192378865,-0.19833395016,
    -1.467863279495));
#9215 = CARTESIAN_POINT('',(0.740192378865,-2.440293211016E-15,-1.45));
#9216 = CYLINDRICAL_SURFACE('',#9217,0.740192378865);
#9217 = AXIS2_PLACEMENT_3D('',#9218,#9219,#9220);
#9218 = CARTESIAN_POINT('',(0.,-2.006055228518E-15,-4.));
#9219 = DIRECTION('',(-0.,-0.,1.));
#9220 = DIRECTION('',(1.,0.,0.));
#9221 = ADVANCED_FACE('',(#9222),#9250,.T.);
#9222 = FACE_BOUND('',#9223,.T.);
#9223 = EDGE_LOOP('',(#9224,#9225,#9237,#9238));
#9224 = ORIENTED_EDGE('',*,*,#8332,.F.);
#9225 = ORIENTED_EDGE('',*,*,#9226,.T.);
#9226 = EDGE_CURVE('',#8319,#8369,#9227,.T.);
#9227 = ( BOUNDED_CURVE() B_SPLINE_CURVE(2,(#9228,#9229,#9230,#9231,
    #9232,#9233,#9234,#9235,#9236),.UNSPECIFIED.,.F.,.F.) 
B_SPLINE_CURVE_WITH_KNOTS((3,2,2,2,3),(0.29,0.293333333333,0.3,
0.306666666667,0.31),.UNSPECIFIED.) CURVE() 
GEOMETRIC_REPRESENTATION_ITEM() RATIONAL_B_SPLINE_CURVE((0.933012701892,
    0.933012701892,1.,0.866025403784,1.,0.866025403784,1.,0.933012701892
,0.933012701892)) REPRESENTATION_ITEM('') );
#9228 = CARTESIAN_POINT('',(-0.740192378865,-1.307299934473E-15,-1.3));
#9229 = CARTESIAN_POINT('',(-0.740192378865,-0.19833395016,
    -1.282136720505));
#9230 = CARTESIAN_POINT('',(-0.641025403784,-0.370096189432,
    -1.266666666667));
#9231 = CARTESIAN_POINT('',(-0.42735026919,-0.740192378865,
    -1.233333333333));
#9232 = CARTESIAN_POINT('',(-3.989402930631E-15,-0.740192378865,-1.2));
#9233 = CARTESIAN_POINT('',(0.42735026919,-0.740192378865,
    -1.166666666667));
#9234 = CARTESIAN_POINT('',(0.641025403784,-0.370096189432,
    -1.133333333333));
#9235 = CARTESIAN_POINT('',(0.740192378865,-0.19833395016,
    -1.117863279495));
#9236 = CARTESIAN_POINT('',(0.740192378865,6.827010768915E-16,-1.1));
#9237 = ORIENTED_EDGE('',*,*,#8406,.T.);
#9238 = ORIENTED_EDGE('',*,*,#9239,.F.);
#9239 = EDGE_CURVE('',#8333,#8393,#9240,.T.);
#9240 = ( BOUNDED_CURVE() B_SPLINE_CURVE(2,(#9241,#9242,#9243,#9244,
    #9245,#9246,#9247,#9248,#9249),.UNSPECIFIED.,.F.,.F.) 
B_SPLINE_CURVE_WITH_KNOTS((3,2,2,2,3),(0.29,0.293333333333,0.3,
0.306666666667,0.31),.UNSPECIFIED.) CURVE() 
GEOMETRIC_REPRESENTATION_ITEM() RATIONAL_B_SPLINE_CURVE((0.933012701892,
    0.933012701892,1.,0.866025403784,1.,0.866025403784,1.,0.933012701892
,0.933012701892)) REPRESENTATION_ITEM('') );
#9241 = CARTESIAN_POINT('',(-0.740192378865,-1.307299934473E-15,-1.25));
#9242 = CARTESIAN_POINT('',(-0.740192378865,-0.19833395016,
    -1.232136720505));
#9243 = CARTESIAN_POINT('',(-0.641025403784,-0.370096189432,
    -1.216666666667));
#9244 = CARTESIAN_POINT('',(-0.42735026919,-0.740192378865,
    -1.183333333333));
#9245 = CARTESIAN_POINT('',(-3.989402930631E-15,-0.740192378865,-1.15));
#9246 = CARTESIAN_POINT('',(0.42735026919,-0.740192378865,
    -1.116666666667));
#9247 = CARTESIAN_POINT('',(0.641025403784,-0.370096189432,
    -1.083333333333));
#9248 = CARTESIAN_POINT('',(0.740192378865,-0.19833395016,
    -1.067863279495));
#9249 = CARTESIAN_POINT('',(0.740192378865,6.827010768915E-16,-1.05));
#9250 = CYLINDRICAL_SURFACE('',#9251,0.740192378865);
#9251 = AXIS2_PLACEMENT_3D('',#9252,#9253,#9254);
#9252 = CARTESIAN_POINT('',(0.,-2.006055228518E-15,-4.));
#9253 = DIRECTION('',(-0.,-0.,1.));
#9254 = DIRECTION('',(1.,0.,0.));
#9255 = ADVANCED_FACE('',(#9256),#9284,.T.);
#9256 = FACE_BOUND('',#9257,.T.);
#9257 = EDGE_LOOP('',(#9258,#9259,#9271,#9272));
#9258 = ORIENTED_EDGE('',*,*,#8384,.F.);
#9259 = ORIENTED_EDGE('',*,*,#9260,.T.);
#9260 = EDGE_CURVE('',#8371,#8421,#9261,.T.);
#9261 = ( BOUNDED_CURVE() B_SPLINE_CURVE(2,(#9262,#9263,#9264,#9265,
    #9266,#9267,#9268,#9269,#9270),.UNSPECIFIED.,.F.,.F.) 
B_SPLINE_CURVE_WITH_KNOTS((3,2,2,2,3),(0.33,0.333333333333,0.34,
0.346666666667,0.35),.UNSPECIFIED.) CURVE() 
GEOMETRIC_REPRESENTATION_ITEM() RATIONAL_B_SPLINE_CURVE((0.933012701892,
    0.933012701892,1.,0.866025403784,1.,0.866025403784,1.,0.933012701892
,0.933012701892)) REPRESENTATION_ITEM('') );
#9262 = CARTESIAN_POINT('',(-0.740192378865,-1.132993276543E-15,-0.9));
#9263 = CARTESIAN_POINT('',(-0.740192378865,-0.19833395016,
    -0.882136720505));
#9264 = CARTESIAN_POINT('',(-0.641025403784,-0.370096189432,
    -0.866666666667));
#9265 = CARTESIAN_POINT('',(-0.42735026919,-0.740192378865,
    -0.833333333333));
#9266 = CARTESIAN_POINT('',(-4.170697776137E-15,-0.740192378865,-0.8));
#9267 = CARTESIAN_POINT('',(0.42735026919,-0.740192378865,
    -0.766666666667));
#9268 = CARTESIAN_POINT('',(0.641025403784,-0.370096189432,
    -0.733333333333));
#9269 = CARTESIAN_POINT('',(0.740192378865,-0.19833395016,
    -0.717863279495));
#9270 = CARTESIAN_POINT('',(0.740192378865,-2.817957636531E-15,-0.7));
#9271 = ORIENTED_EDGE('',*,*,#8458,.T.);
#9272 = ORIENTED_EDGE('',*,*,#9273,.F.);
#9273 = EDGE_CURVE('',#8385,#8445,#9274,.T.);
#9274 = ( BOUNDED_CURVE() B_SPLINE_CURVE(2,(#9275,#9276,#9277,#9278,
    #9279,#9280,#9281,#9282,#9283),.UNSPECIFIED.,.F.,.F.) 
B_SPLINE_CURVE_WITH_KNOTS((3,2,2,2,3),(0.33,0.333333333333,0.34,
0.346666666667,0.35),.UNSPECIFIED.) CURVE() 
GEOMETRIC_REPRESENTATION_ITEM() RATIONAL_B_SPLINE_CURVE((0.933012701892,
    0.933012701892,1.,0.866025403784,1.,0.866025403784,1.,0.933012701892
,0.933012701892)) REPRESENTATION_ITEM('') );
#9275 = CARTESIAN_POINT('',(-0.740192378865,-1.132993276543E-15,-0.85));
#9276 = CARTESIAN_POINT('',(-0.740192378865,-0.19833395016,
    -0.832136720505));
#9277 = CARTESIAN_POINT('',(-0.641025403784,-0.370096189432,
    -0.816666666667));
#9278 = CARTESIAN_POINT('',(-0.42735026919,-0.740192378865,
    -0.783333333333));
#9279 = CARTESIAN_POINT('',(-4.170697776137E-15,-0.740192378865,-0.75));
#9280 = CARTESIAN_POINT('',(0.42735026919,-0.740192378865,
    -0.716666666667));
#9281 = CARTESIAN_POINT('',(0.641025403784,-0.370096189432,
    -0.683333333333));
#9282 = CARTESIAN_POINT('',(0.740192378865,-0.19833395016,
    -0.667863279495));
#9283 = CARTESIAN_POINT('',(0.740192378865,-2.817957636531E-15,-0.65));
#9284 = CYLINDRICAL_SURFACE('',#9285,0.740192378865);
#9285 = AXIS2_PLACEMENT_3D('',#9286,#9287,#9288);
#9286 = CARTESIAN_POINT('',(0.,-2.006055228518E-15,-4.));
#9287 = DIRECTION('',(-0.,-0.,1.));
#9288 = DIRECTION('',(1.,0.,0.));
#9289 = ADVANCED_FACE('',(#9290),#9318,.T.);
#9290 = FACE_BOUND('',#9291,.T.);
#9291 = EDGE_LOOP('',(#9292,#9293,#9305,#9306));
#9292 = ORIENTED_EDGE('',*,*,#8436,.F.);
#9293 = ORIENTED_EDGE('',*,*,#9294,.T.);
#9294 = EDGE_CURVE('',#8423,#8473,#9295,.T.);
#9295 = ( BOUNDED_CURVE() B_SPLINE_CURVE(2,(#9296,#9297,#9298,#9299,
    #9300,#9301,#9302,#9303,#9304),.UNSPECIFIED.,.F.,.F.) 
B_SPLINE_CURVE_WITH_KNOTS((3,2,2,2,3),(0.37,0.373333333333,0.38,
0.386666666667,0.39),.UNSPECIFIED.) CURVE() 
GEOMETRIC_REPRESENTATION_ITEM() RATIONAL_B_SPLINE_CURVE((0.933012701892,
    0.933012701892,1.,0.866025403784,1.,0.866025403784,1.,0.933012701892
,0.933012701892)) REPRESENTATION_ITEM('') );
#9296 = CARTESIAN_POINT('',(-0.740192378865,-4.212410899969E-15,-0.5));
#9297 = CARTESIAN_POINT('',(-0.740192378865,-0.19833395016,
    -0.482136720505));
#9298 = CARTESIAN_POINT('',(-0.641025403784,-0.370096189432,
    -0.466666666667));
#9299 = CARTESIAN_POINT('',(-0.42735026919,-0.740192378865,
    -0.433333333333));
#9300 = CARTESIAN_POINT('',(-4.351992621643E-15,-0.740192378865,-0.4));
#9301 = CARTESIAN_POINT('',(0.42735026919,-0.740192378865,
    -0.366666666667));
#9302 = CARTESIAN_POINT('',(0.641025403784,-0.370096189432,
    -0.333333333333));
#9303 = CARTESIAN_POINT('',(0.740192378865,-0.19833395016,
    -0.317863279495));
#9304 = CARTESIAN_POINT('',(0.740192378865,-2.963213184806E-15,-0.3));
#9305 = ORIENTED_EDGE('',*,*,#8510,.T.);
#9306 = ORIENTED_EDGE('',*,*,#9307,.F.);
#9307 = EDGE_CURVE('',#8437,#8497,#9308,.T.);
#9308 = ( BOUNDED_CURVE() B_SPLINE_CURVE(2,(#9309,#9310,#9311,#9312,
    #9313,#9314,#9315,#9316,#9317),.UNSPECIFIED.,.F.,.F.) 
B_SPLINE_CURVE_WITH_KNOTS((3,2,2,2,3),(0.37,0.373333333333,0.38,
0.386666666667,0.39),.UNSPECIFIED.) CURVE() 
GEOMETRIC_REPRESENTATION_ITEM() RATIONAL_B_SPLINE_CURVE((0.933012701892,
    0.933012701892,1.,0.866025403784,1.,0.866025403784,1.,0.933012701892
,0.933012701892)) REPRESENTATION_ITEM('') );
#9309 = CARTESIAN_POINT('',(-0.740192378865,-4.212410899969E-15,-0.45));
#9310 = CARTESIAN_POINT('',(-0.740192378865,-0.19833395016,
    -0.432136720505));
#9311 = CARTESIAN_POINT('',(-0.641025403784,-0.370096189432,
    -0.416666666667));
#9312 = CARTESIAN_POINT('',(-0.42735026919,-0.740192378865,
    -0.383333333333));
#9313 = CARTESIAN_POINT('',(-4.351992621643E-15,-0.740192378865,-0.35));
#9314 = CARTESIAN_POINT('',(0.42735026919,-0.740192378865,
    -0.316666666667));
#9315 = CARTESIAN_POINT('',(0.641025403784,-0.370096189432,
    -0.283333333333));
#9316 = CARTESIAN_POINT('',(0.740192378865,-0.19833395016,
    -0.267863279495));
#9317 = CARTESIAN_POINT('',(0.740192378865,-2.963213184806E-15,-0.25));
#9318 = CYLINDRICAL_SURFACE('',#9319,0.740192378865);
#9319 = AXIS2_PLACEMENT_3D('',#9320,#9321,#9322);
#9320 = CARTESIAN_POINT('',(0.,-2.006055228518E-15,-4.));
#9321 = DIRECTION('',(-0.,-0.,1.));
#9322 = DIRECTION('',(1.,0.,0.));
#9323 = ADVANCED_FACE('',(#9324),#9352,.T.);
#9324 = FACE_BOUND('',#9325,.T.);
#9325 = EDGE_LOOP('',(#9326,#9327,#9339,#9340));
#9326 = ORIENTED_EDGE('',*,*,#8488,.F.);
#9327 = ORIENTED_EDGE('',*,*,#9328,.T.);
#9328 = EDGE_CURVE('',#8475,#8525,#9329,.T.);
#9329 = ( BOUNDED_CURVE() B_SPLINE_CURVE(2,(#9330,#9331,#9332,#9333,
    #9334,#9335,#9336,#9337,#9338),.UNSPECIFIED.,.F.,.F.) 
B_SPLINE_CURVE_WITH_KNOTS((3,2,2,2,3),(0.41,0.413333333333,0.42,
0.426666666667,0.43),.UNSPECIFIED.) CURVE() 
GEOMETRIC_REPRESENTATION_ITEM() RATIONAL_B_SPLINE_CURVE((0.933012701892,
    0.933012701892,1.,0.866025403784,1.,0.866025403784,1.,0.933012701892
,0.933012701892)) REPRESENTATION_ITEM('') );
#9330 = CARTESIAN_POINT('',(-0.740192378865,-7.553288510289E-16,-0.1));
#9331 = CARTESIAN_POINT('',(-0.740192378865,-0.19833395016,
    -8.213672050461E-02));
#9332 = CARTESIAN_POINT('',(-0.641025403784,-0.370096189432,
    -6.666666666668E-02));
#9333 = CARTESIAN_POINT('',(-0.42735026919,-0.740192378865,
    -3.333333333335E-02));
#9334 = CARTESIAN_POINT('',(-9.792670645822E-15,-0.740192378865,
    -1.47451495458E-14));
#9335 = CARTESIAN_POINT('',(0.42735026919,-0.740192378865,
    3.333333333332E-02));
#9336 = CARTESIAN_POINT('',(0.641025403784,-0.370096189432,
    6.666666666665E-02));
#9337 = CARTESIAN_POINT('',(0.740192378865,-0.19833395016,
    8.213672050458E-02));
#9338 = CARTESIAN_POINT('',(0.740192378865,-1.9028476824E-15,
    9.999999999998E-02));
#9339 = ORIENTED_EDGE('',*,*,#8562,.T.);
#9340 = ORIENTED_EDGE('',*,*,#9341,.F.);
#9341 = EDGE_CURVE('',#8489,#8549,#9342,.T.);
#9342 = ( BOUNDED_CURVE() B_SPLINE_CURVE(2,(#9343,#9344,#9345,#9346,
    #9347,#9348,#9349,#9350,#9351),.UNSPECIFIED.,.F.,.F.) 
B_SPLINE_CURVE_WITH_KNOTS((3,2,2,2,3),(0.41,0.413333333333,0.42,
0.426666666667,0.43),.UNSPECIFIED.) CURVE() 
GEOMETRIC_REPRESENTATION_ITEM() RATIONAL_B_SPLINE_CURVE((0.933012701892,
    0.933012701892,1.,0.866025403784,1.,0.866025403784,1.,0.933012701892
,0.933012701892)) REPRESENTATION_ITEM('') );
#9343 = CARTESIAN_POINT('',(-0.740192378865,-7.553288510289E-16,
    -5.000000000001E-02));
#9344 = CARTESIAN_POINT('',(-0.740192378865,-0.19833395016,
    -3.213672050461E-02));
#9345 = CARTESIAN_POINT('',(-0.641025403784,-0.370096189432,
    -1.666666666668E-02));
#9346 = CARTESIAN_POINT('',(-0.42735026919,-0.740192378865,
    1.666666666665E-02));
#9347 = CARTESIAN_POINT('',(-9.792670645822E-15,-0.740192378865,
    4.999999999999E-02));
#9348 = CARTESIAN_POINT('',(0.42735026919,-0.740192378865,
    8.333333333332E-02));
#9349 = CARTESIAN_POINT('',(0.641025403784,-0.370096189432,
    0.116666666667));
#9350 = CARTESIAN_POINT('',(0.740192378865,-0.19833395016,0.132136720505
    ));
#9351 = CARTESIAN_POINT('',(0.740192378865,-1.9028476824E-15,0.15));
#9352 = CYLINDRICAL_SURFACE('',#9353,0.740192378865);
#9353 = AXIS2_PLACEMENT_3D('',#9354,#9355,#9356);
#9354 = CARTESIAN_POINT('',(0.,-2.006055228518E-15,-4.));
#9355 = DIRECTION('',(-0.,-0.,1.));
#9356 = DIRECTION('',(1.,0.,0.));
#9357 = ADVANCED_FACE('',(#9358),#9386,.T.);
#9358 = FACE_BOUND('',#9359,.T.);
#9359 = EDGE_LOOP('',(#9360,#9361,#9373,#9374));
#9360 = ORIENTED_EDGE('',*,*,#8540,.F.);
#9361 = ORIENTED_EDGE('',*,*,#9362,.T.);
#9362 = EDGE_CURVE('',#8527,#8577,#9363,.T.);
#9363 = ( BOUNDED_CURVE() B_SPLINE_CURVE(2,(#9364,#9365,#9366,#9367,
    #9368,#9369,#9370,#9371,#9372),.UNSPECIFIED.,.F.,.F.) 
B_SPLINE_CURVE_WITH_KNOTS((3,2,2,2,3),(0.45,0.453333333333,0.46,
0.466666666667,0.47),.UNSPECIFIED.) CURVE() 
GEOMETRIC_REPRESENTATION_ITEM() RATIONAL_B_SPLINE_CURVE((0.933012701892,
    0.933012701892,1.,0.866025403784,1.,0.866025403784,1.,0.933012701892
,0.933012701892)) REPRESENTATION_ITEM('') );
#9364 = CARTESIAN_POINT('',(-0.740192378865,-2.178833224122E-15,0.3));
#9365 = CARTESIAN_POINT('',(-0.740192378865,-0.19833395016,
    0.317863279495));
#9366 = CARTESIAN_POINT('',(-0.641025403784,-0.370096189432,
    0.333333333333));
#9367 = CARTESIAN_POINT('',(-0.42735026919,-0.740192378865,
    0.366666666667));
#9368 = CARTESIAN_POINT('',(-4.714582312655E-15,-0.740192378865,0.4));
#9369 = CARTESIAN_POINT('',(0.42735026919,-0.740192378865,0.433333333333
    ));
#9370 = CARTESIAN_POINT('',(0.641025403784,-0.370096189432,
    0.466666666667));
#9371 = CARTESIAN_POINT('',(0.740192378865,-0.19833395016,0.482136720505
    ));
#9372 = CARTESIAN_POINT('',(0.740192378865,-7.989055155113E-16,0.5));
#9373 = ORIENTED_EDGE('',*,*,#8614,.T.);
#9374 = ORIENTED_EDGE('',*,*,#9375,.F.);
#9375 = EDGE_CURVE('',#8541,#8601,#9376,.T.);
#9376 = ( BOUNDED_CURVE() B_SPLINE_CURVE(2,(#9377,#9378,#9379,#9380,
    #9381,#9382,#9383,#9384,#9385),.UNSPECIFIED.,.F.,.F.) 
B_SPLINE_CURVE_WITH_KNOTS((3,2,2,2,3),(0.45,0.453333333333,0.46,
0.466666666667,0.47),.UNSPECIFIED.) CURVE() 
GEOMETRIC_REPRESENTATION_ITEM() RATIONAL_B_SPLINE_CURVE((0.933012701892,
    0.933012701892,1.,0.866025403784,1.,0.866025403784,1.,0.933012701892
,0.933012701892)) REPRESENTATION_ITEM('') );
#9377 = CARTESIAN_POINT('',(-0.740192378865,-2.178833224122E-15,0.35));
#9378 = CARTESIAN_POINT('',(-0.740192378865,-0.19833395016,
    0.367863279495));
#9379 = CARTESIAN_POINT('',(-0.641025403784,-0.370096189432,
    0.383333333333));
#9380 = CARTESIAN_POINT('',(-0.42735026919,-0.740192378865,
    0.416666666667));
#9381 = CARTESIAN_POINT('',(-4.714582312655E-15,-0.740192378865,0.45));
#9382 = CARTESIAN_POINT('',(0.42735026919,-0.740192378865,0.483333333333
    ));
#9383 = CARTESIAN_POINT('',(0.641025403784,-0.370096189432,
    0.516666666667));
#9384 = CARTESIAN_POINT('',(0.740192378865,-0.19833395016,0.532136720505
    ));
#9385 = CARTESIAN_POINT('',(0.740192378865,-7.989055155113E-16,0.55));
#9386 = CYLINDRICAL_SURFACE('',#9387,0.740192378865);
#9387 = AXIS2_PLACEMENT_3D('',#9388,#9389,#9390);
#9388 = CARTESIAN_POINT('',(0.,-2.006055228518E-15,-4.));
#9389 = DIRECTION('',(-0.,-0.,1.));
#9390 = DIRECTION('',(1.,0.,0.));
#9391 = ADVANCED_FACE('',(#9392),#9420,.T.);
#9392 = FACE_BOUND('',#9393,.T.);
#9393 = EDGE_LOOP('',(#9394,#9395,#9407,#9408));
#9394 = ORIENTED_EDGE('',*,*,#8592,.F.);
#9395 = ORIENTED_EDGE('',*,*,#9396,.T.);
#9396 = EDGE_CURVE('',#8579,#8629,#9397,.T.);
#9397 = ( BOUNDED_CURVE() B_SPLINE_CURVE(2,(#9398,#9399,#9400,#9401,
    #9402,#9403,#9404,#9405,#9406),.UNSPECIFIED.,.F.,.F.) 
B_SPLINE_CURVE_WITH_KNOTS((3,2,2,2,3),(0.49,0.493333333333,0.5,
0.506666666667,0.51),.UNSPECIFIED.) CURVE() 
GEOMETRIC_REPRESENTATION_ITEM() RATIONAL_B_SPLINE_CURVE((0.933012701892,
    0.933012701892,1.,0.866025403784,1.,0.866025403784,1.,0.933012701892
,0.933012701892)) REPRESENTATION_ITEM('') );
#9398 = CARTESIAN_POINT('',(-0.740192378865,8.279566251662E-16,0.7));
#9399 = CARTESIAN_POINT('',(-0.740192378865,-0.19833395016,
    0.717863279495));
#9400 = CARTESIAN_POINT('',(-0.641025403784,-0.370096189432,
    0.733333333333));
#9401 = CARTESIAN_POINT('',(-0.42735026919,-0.740192378865,
    0.766666666667));
#9402 = CARTESIAN_POINT('',(-1.015526033683E-14,-0.740192378865,0.8));
#9403 = CARTESIAN_POINT('',(0.42735026919,-0.740192378865,0.833333333333
    ));
#9404 = CARTESIAN_POINT('',(0.641025403784,-0.370096189432,
    0.866666666667));
#9405 = CARTESIAN_POINT('',(0.740192378865,-0.19833395016,0.882136720505
    ));
#9406 = CARTESIAN_POINT('',(0.740192378865,-5.621389718234E-15,0.9));
#9407 = ORIENTED_EDGE('',*,*,#8666,.T.);
#9408 = ORIENTED_EDGE('',*,*,#9409,.F.);
#9409 = EDGE_CURVE('',#8593,#8653,#9410,.T.);
#9410 = ( BOUNDED_CURVE() B_SPLINE_CURVE(2,(#9411,#9412,#9413,#9414,
    #9415,#9416,#9417,#9418,#9419),.UNSPECIFIED.,.F.,.F.) 
B_SPLINE_CURVE_WITH_KNOTS((3,2,2,2,3),(0.49,0.493333333333,0.5,
0.506666666667,0.51),.UNSPECIFIED.) CURVE() 
GEOMETRIC_REPRESENTATION_ITEM() RATIONAL_B_SPLINE_CURVE((0.933012701892,
    0.933012701892,1.,0.866025403784,1.,0.866025403784,1.,0.933012701892
,0.933012701892)) REPRESENTATION_ITEM('') );
#9411 = CARTESIAN_POINT('',(-0.740192378865,8.279566251662E-16,0.75));
#9412 = CARTESIAN_POINT('',(-0.740192378865,-0.19833395016,
    0.767863279495));
#9413 = CARTESIAN_POINT('',(-0.641025403784,-0.370096189432,
    0.783333333333));
#9414 = CARTESIAN_POINT('',(-0.42735026919,-0.740192378865,
    0.816666666667));
#9415 = CARTESIAN_POINT('',(-1.015526033683E-14,-0.740192378865,0.85));
#9416 = CARTESIAN_POINT('',(0.42735026919,-0.740192378865,0.883333333333
    ));
#9417 = CARTESIAN_POINT('',(0.641025403784,-0.370096189432,
    0.916666666667));
#9418 = CARTESIAN_POINT('',(0.740192378865,-0.19833395016,0.932136720505
    ));
#9419 = CARTESIAN_POINT('',(0.740192378865,-5.621389718234E-15,0.95));
#9420 = CYLINDRICAL_SURFACE('',#9421,0.740192378865);
#9421 = AXIS2_PLACEMENT_3D('',#9422,#9423,#9424);
#9422 = CARTESIAN_POINT('',(0.,-2.006055228518E-15,-4.));
#9423 = DIRECTION('',(-0.,-0.,1.));
#9424 = DIRECTION('',(1.,0.,0.));
#9425 = ADVANCED_FACE('',(#9426),#9454,.T.);
#9426 = FACE_BOUND('',#9427,.T.);
#9427 = EDGE_LOOP('',(#9428,#9429,#9441,#9442));
#9428 = ORIENTED_EDGE('',*,*,#8644,.F.);
#9429 = ORIENTED_EDGE('',*,*,#9430,.T.);
#9430 = EDGE_CURVE('',#8631,#8681,#9431,.T.);
#9431 = ( BOUNDED_CURVE() B_SPLINE_CURVE(2,(#9432,#9433,#9434,#9435,
    #9436,#9437,#9438,#9439,#9440),.UNSPECIFIED.,.F.,.F.) 
B_SPLINE_CURVE_WITH_KNOTS((3,2,2,2,3),(0.53,0.533333333333,0.54,
0.546666666667,0.55),.UNSPECIFIED.) CURVE() 
GEOMETRIC_REPRESENTATION_ITEM() RATIONAL_B_SPLINE_CURVE((0.933012701892,
    0.933012701892,1.,0.866025403784,1.,0.866025403784,1.,0.933012701892
,0.933012701892)) REPRESENTATION_ITEM('') );
#9432 = CARTESIAN_POINT('',(-0.740192378865,5.374455286167E-16,1.1));
#9433 = CARTESIAN_POINT('',(-0.740192378865,-0.19833395016,
    1.117863279495));
#9434 = CARTESIAN_POINT('',(-0.641025403784,-0.370096189432,
    1.133333333333));
#9435 = CARTESIAN_POINT('',(-0.42735026919,-0.740192378865,
    1.166666666667));
#9436 = CARTESIAN_POINT('',(-5.077172003667E-15,-0.740192378865,1.2));
#9437 = CARTESIAN_POINT('',(0.42735026919,-0.740192378865,1.233333333333
    ));
#9438 = CARTESIAN_POINT('',(0.641025403784,-0.370096189432,
    1.266666666667));
#9439 = CARTESIAN_POINT('',(0.740192378865,-0.19833395016,1.282136720505
    ));
#9440 = CARTESIAN_POINT('',(0.740192378865,-4.430294222381E-15,1.3));
#9441 = ORIENTED_EDGE('',*,*,#8718,.T.);
#9442 = ORIENTED_EDGE('',*,*,#9443,.F.);
#9443 = EDGE_CURVE('',#8645,#8705,#9444,.T.);
#9444 = ( BOUNDED_CURVE() B_SPLINE_CURVE(2,(#9445,#9446,#9447,#9448,
    #9449,#9450,#9451,#9452,#9453),.UNSPECIFIED.,.F.,.F.) 
B_SPLINE_CURVE_WITH_KNOTS((3,2,2,2,3),(0.53,0.533333333333,0.54,
0.546666666667,0.55),.UNSPECIFIED.) CURVE() 
GEOMETRIC_REPRESENTATION_ITEM() RATIONAL_B_SPLINE_CURVE((0.933012701892,
    0.933012701892,1.,0.866025403784,1.,0.866025403784,1.,0.933012701892
,0.933012701892)) REPRESENTATION_ITEM('') );
#9445 = CARTESIAN_POINT('',(-0.740192378865,5.374455286167E-16,1.15));
#9446 = CARTESIAN_POINT('',(-0.740192378865,-0.19833395016,
    1.167863279495));
#9447 = CARTESIAN_POINT('',(-0.641025403784,-0.370096189432,
    1.183333333333));
#9448 = CARTESIAN_POINT('',(-0.42735026919,-0.740192378865,
    1.216666666667));
#9449 = CARTESIAN_POINT('',(-5.077172003667E-15,-0.740192378865,1.25));
#9450 = CARTESIAN_POINT('',(0.42735026919,-0.740192378865,1.283333333333
    ));
#9451 = CARTESIAN_POINT('',(0.641025403784,-0.370096189432,
    1.316666666667));
#9452 = CARTESIAN_POINT('',(0.740192378865,-0.19833395016,1.332136720505
    ));
#9453 = CARTESIAN_POINT('',(0.740192378865,-4.430294222381E-15,1.35));
#9454 = CYLINDRICAL_SURFACE('',#9455,0.740192378865);
#9455 = AXIS2_PLACEMENT_3D('',#9456,#9457,#9458);
#9456 = CARTESIAN_POINT('',(0.,-2.006055228518E-15,-4.));
#9457 = DIRECTION('',(-0.,-0.,1.));
#9458 = DIRECTION('',(1.,0.,0.));
#9459 = ADVANCED_FACE('',(#9460),#9488,.T.);
#9460 = FACE_BOUND('',#9461,.T.);
#9461 = EDGE_LOOP('',(#9462,#9463,#9475,#9476));
#9462 = ORIENTED_EDGE('',*,*,#8696,.F.);
#9463 = ORIENTED_EDGE('',*,*,#9464,.T.);
#9464 = EDGE_CURVE('',#8683,#8733,#9465,.T.);
#9465 = ( BOUNDED_CURVE() B_SPLINE_CURVE(2,(#9466,#9467,#9468,#9469,
    #9470,#9471,#9472,#9473,#9474),.UNSPECIFIED.,.F.,.F.) 
B_SPLINE_CURVE_WITH_KNOTS((3,2,2,2,3),(0.57,0.573333333333,0.58,
0.586666666667,0.59),.UNSPECIFIED.) CURVE() 
GEOMETRIC_REPRESENTATION_ITEM() RATIONAL_B_SPLINE_CURVE((0.933012701892,
    0.933012701892,1.,0.866025403784,1.,0.866025403784,1.,0.933012701892
,0.933012701892)) REPRESENTATION_ITEM('') );
#9466 = CARTESIAN_POINT('',(-0.740192378865,-2.106205449984E-15,1.5));
#9467 = CARTESIAN_POINT('',(-0.740192378865,-0.19833395016,
    1.517863279495));
#9468 = CARTESIAN_POINT('',(-0.641025403784,-0.370096189432,
    1.533333333333));
#9469 = CARTESIAN_POINT('',(-0.42735026919,-0.740192378865,
    1.566666666667));
#9470 = CARTESIAN_POINT('',(-1.051785002785E-14,-0.740192378865,1.6));
#9471 = CARTESIAN_POINT('',(0.42735026919,-0.740192378865,1.633333333333
    ));
#9472 = CARTESIAN_POINT('',(0.641025403784,-0.370096189432,
    1.666666666667));
#9473 = CARTESIAN_POINT('',(0.740192378865,-0.19833395016,1.682136720505
    ));
#9474 = CARTESIAN_POINT('',(0.740192378865,-1.830219908262E-15,1.7));
#9475 = ORIENTED_EDGE('',*,*,#8770,.T.);
#9476 = ORIENTED_EDGE('',*,*,#9477,.F.);
#9477 = EDGE_CURVE('',#8697,#8757,#9478,.T.);
#9478 = ( BOUNDED_CURVE() B_SPLINE_CURVE(2,(#9479,#9480,#9481,#9482,
    #9483,#9484,#9485,#9486,#9487),.UNSPECIFIED.,.F.,.F.) 
B_SPLINE_CURVE_WITH_KNOTS((3,2,2,2,3),(0.57,0.573333333333,0.58,
0.586666666667,0.59),.UNSPECIFIED.) CURVE() 
GEOMETRIC_REPRESENTATION_ITEM() RATIONAL_B_SPLINE_CURVE((0.933012701892,
    0.933012701892,1.,0.866025403784,1.,0.866025403784,1.,0.933012701892
,0.933012701892)) REPRESENTATION_ITEM('') );
#9479 = CARTESIAN_POINT('',(-0.740192378865,-2.106205449984E-15,1.55));
#9480 = CARTESIAN_POINT('',(-0.740192378865,-0.19833395016,
    1.567863279495));
#9481 = CARTESIAN_POINT('',(-0.641025403784,-0.370096189432,
    1.583333333333));
#9482 = CARTESIAN_POINT('',(-0.42735026919,-0.740192378865,
    1.616666666667));
#9483 = CARTESIAN_POINT('',(-1.051785002785E-14,-0.740192378865,1.65));
#9484 = CARTESIAN_POINT('',(0.42735026919,-0.740192378865,1.683333333333
    ));
#9485 = CARTESIAN_POINT('',(0.641025403784,-0.370096189432,
    1.716666666667));
#9486 = CARTESIAN_POINT('',(0.740192378865,-0.19833395016,1.732136720505
    ));
#9487 = CARTESIAN_POINT('',(0.740192378865,-1.830219908262E-15,1.75));
#9488 = CYLINDRICAL_SURFACE('',#9489,0.740192378865);
#9489 = AXIS2_PLACEMENT_3D('',#9490,#9491,#9492);
#9490 = CARTESIAN_POINT('',(0.,-2.006055228518E-15,-4.));
#9491 = DIRECTION('',(-0.,-0.,1.));
#9492 = DIRECTION('',(1.,0.,0.));
#9493 = ADVANCED_FACE('',(#9494),#9522,.T.);
#9494 = FACE_BOUND('',#9495,.T.);
#9495 = EDGE_LOOP('',(#9496,#9497,#9509,#9510));
#9496 = ORIENTED_EDGE('',*,*,#8748,.F.);
#9497 = ORIENTED_EDGE('',*,*,#9498,.T.);
#9498 = EDGE_CURVE('',#8735,#8785,#9499,.T.);
#9499 = ( BOUNDED_CURVE() B_SPLINE_CURVE(2,(#9500,#9501,#9502,#9503,
    #9504,#9505,#9506,#9507,#9508),.UNSPECIFIED.,.F.,.F.) 
B_SPLINE_CURVE_WITH_KNOTS((3,2,2,2,3),(0.61,0.613333333333,0.62,
0.626666666667,0.63),.UNSPECIFIED.) CURVE() 
GEOMETRIC_REPRESENTATION_ITEM() RATIONAL_B_SPLINE_CURVE((0.933012701892,
    0.933012701892,1.,0.866025403784,1.,0.866025403784,1.,0.933012701892
,0.933012701892)) REPRESENTATION_ITEM('') );
#9500 = CARTESIAN_POINT('',(-0.740192378865,-5.650440827889E-15,1.9));
#9501 = CARTESIAN_POINT('',(-0.740192378865,-0.19833395016,
    1.917863279495));
#9502 = CARTESIAN_POINT('',(-0.641025403784,-0.370096189432,
    1.933333333333));
#9503 = CARTESIAN_POINT('',(-0.42735026919,-0.740192378865,
    1.966666666667));
#9504 = CARTESIAN_POINT('',(-5.439761694679E-15,-0.740192378865,2.));
#9505 = CARTESIAN_POINT('',(0.42735026919,-0.740192378865,2.033333333333
    ));
#9506 = CARTESIAN_POINT('',(0.641025403784,-0.370096189432,
    2.066666666667));
#9507 = CARTESIAN_POINT('',(0.740192378865,-0.19833395016,2.082136720505
    ));
#9508 = CARTESIAN_POINT('',(0.740192378865,1.757592134125E-15,2.1));
#9509 = ORIENTED_EDGE('',*,*,#8822,.T.);
#9510 = ORIENTED_EDGE('',*,*,#9511,.F.);
#9511 = EDGE_CURVE('',#8749,#8809,#9512,.T.);
#9512 = ( BOUNDED_CURVE() B_SPLINE_CURVE(2,(#9513,#9514,#9515,#9516,
    #9517,#9518,#9519,#9520,#9521),.UNSPECIFIED.,.F.,.F.) 
B_SPLINE_CURVE_WITH_KNOTS((3,2,2,2,3),(0.61,0.613333333333,0.62,
0.626666666667,0.63),.UNSPECIFIED.) CURVE() 
GEOMETRIC_REPRESENTATION_ITEM() RATIONAL_B_SPLINE_CURVE((0.933012701892,
    0.933012701892,1.,0.866025403784,1.,0.866025403784,1.,0.933012701892
,0.933012701892)) REPRESENTATION_ITEM('') );
#9513 = CARTESIAN_POINT('',(-0.740192378865,-5.650440827889E-15,1.95));
#9514 = CARTESIAN_POINT('',(-0.740192378865,-0.19833395016,
    1.967863279495));
#9515 = CARTESIAN_POINT('',(-0.641025403784,-0.370096189432,
    1.983333333333));
#9516 = CARTESIAN_POINT('',(-0.42735026919,-0.740192378865,
    2.016666666667));
#9517 = CARTESIAN_POINT('',(-5.439761694679E-15,-0.740192378865,2.05));
#9518 = CARTESIAN_POINT('',(0.42735026919,-0.740192378865,2.083333333333
    ));
#9519 = CARTESIAN_POINT('',(0.641025403784,-0.370096189432,
    2.116666666667));
#9520 = CARTESIAN_POINT('',(0.740192378865,-0.19833395016,2.132136720505
    ));
#9521 = CARTESIAN_POINT('',(0.740192378865,1.757592134125E-15,2.15));
#9522 = CYLINDRICAL_SURFACE('',#9523,0.740192378865);
#9523 = AXIS2_PLACEMENT_3D('',#9524,#9525,#9526);
#9524 = CARTESIAN_POINT('',(0.,-2.006055228518E-15,-4.));
#9525 = DIRECTION('',(-0.,-0.,1.));
#9526 = DIRECTION('',(1.,0.,0.));
#9527 = ADVANCED_FACE('',(#9528),#9556,.T.);
#9528 = FACE_BOUND('',#9529,.T.);
#9529 = EDGE_LOOP('',(#9530,#9531,#9543,#9544));
#9530 = ORIENTED_EDGE('',*,*,#8800,.F.);
#9531 = ORIENTED_EDGE('',*,*,#9532,.T.);
#9532 = EDGE_CURVE('',#8787,#8837,#9533,.T.);
#9533 = ( BOUNDED_CURVE() B_SPLINE_CURVE(2,(#9534,#9535,#9536,#9537,
    #9538,#9539,#9540,#9541,#9542),.UNSPECIFIED.,.F.,.F.) 
B_SPLINE_CURVE_WITH_KNOTS((3,2,2,2,3),(0.65,0.653333333333,0.66,
0.666666666667,0.67),.UNSPECIFIED.) CURVE() 
GEOMETRIC_REPRESENTATION_ITEM() RATIONAL_B_SPLINE_CURVE((0.933012701892,
    0.933012701892,1.,0.866025403784,1.,0.866025403784,1.,0.933012701892
,0.933012701892)) REPRESENTATION_ITEM('') );
#9534 = CARTESIAN_POINT('',(-0.740192378865,-1.714015469642E-15,2.3));
#9535 = CARTESIAN_POINT('',(-0.740192378865,-0.19833395016,
    2.317863279495));
#9536 = CARTESIAN_POINT('',(-0.641025403784,-0.370096189432,
    2.333333333333));
#9537 = CARTESIAN_POINT('',(-0.42735026919,-0.740192378865,
    2.366666666667));
#9538 = CARTESIAN_POINT('',(-1.088043971886E-14,-0.740192378865,2.4));
#9539 = CARTESIAN_POINT('',(0.42735026919,-0.740192378865,2.433333333333
    ));
#9540 = CARTESIAN_POINT('',(0.641025403784,-0.370096189432,
    2.466666666667));
#9541 = CARTESIAN_POINT('',(0.740192378865,-0.19833395016,2.482136720505
    ));
#9542 = CARTESIAN_POINT('',(0.740192378865,-2.178833224122E-15,2.5));
#9543 = ORIENTED_EDGE('',*,*,#8874,.T.);
#9544 = ORIENTED_EDGE('',*,*,#9545,.F.);
#9545 = EDGE_CURVE('',#8801,#8861,#9546,.T.);
#9546 = ( BOUNDED_CURVE() B_SPLINE_CURVE(2,(#9547,#9548,#9549,#9550,
    #9551,#9552,#9553,#9554,#9555),.UNSPECIFIED.,.F.,.F.) 
B_SPLINE_CURVE_WITH_KNOTS((3,2,2,2,3),(0.65,0.653333333333,0.66,
0.666666666667,0.67),.UNSPECIFIED.) CURVE() 
GEOMETRIC_REPRESENTATION_ITEM() RATIONAL_B_SPLINE_CURVE((0.933012701892,
    0.933012701892,1.,0.866025403784,1.,0.866025403784,1.,0.933012701892
,0.933012701892)) REPRESENTATION_ITEM('') );
#9547 = CARTESIAN_POINT('',(-0.740192378865,-1.714015469642E-15,2.35));
#9548 = CARTESIAN_POINT('',(-0.740192378865,-0.19833395016,
    2.367863279495));
#9549 = CARTESIAN_POINT('',(-0.641025403784,-0.370096189432,
    2.383333333333));
#9550 = CARTESIAN_POINT('',(-0.42735026919,-0.740192378865,
    2.416666666667));
#9551 = CARTESIAN_POINT('',(-1.088043971886E-14,-0.740192378865,2.45));
#9552 = CARTESIAN_POINT('',(0.42735026919,-0.740192378865,2.483333333333
    ));
#9553 = CARTESIAN_POINT('',(0.641025403784,-0.370096189432,
    2.516666666667));
#9554 = CARTESIAN_POINT('',(0.740192378865,-0.19833395016,2.532136720505
    ));
#9555 = CARTESIAN_POINT('',(0.740192378865,-2.178833224122E-15,2.55));
#9556 = CYLINDRICAL_SURFACE('',#9557,0.740192378865);
#9557 = AXIS2_PLACEMENT_3D('',#9558,#9559,#9560);
#9558 = CARTESIAN_POINT('',(0.,-2.006055228518E-15,-4.));
#9559 = DIRECTION('',(-0.,-0.,1.));
#9560 = DIRECTION('',(1.,0.,0.));
#9561 = ADVANCED_FACE('',(#9562),#9590,.T.);
#9562 = FACE_BOUND('',#9563,.T.);
#9563 = EDGE_LOOP('',(#9564,#9565,#9577,#9578));
#9564 = ORIENTED_EDGE('',*,*,#8852,.F.);
#9565 = ORIENTED_EDGE('',*,*,#9566,.T.);
#9566 = EDGE_CURVE('',#8839,#8889,#9567,.T.);
#9567 = ( BOUNDED_CURVE() B_SPLINE_CURVE(2,(#9568,#9569,#9570,#9571,
    #9572,#9573,#9574,#9575,#9576),.UNSPECIFIED.,.F.,.F.) 
B_SPLINE_CURVE_WITH_KNOTS((3,2,2,2,3),(0.69,0.693333333333,0.7,
0.706666666667,0.71),.UNSPECIFIED.) CURVE() 
GEOMETRIC_REPRESENTATION_ITEM() RATIONAL_B_SPLINE_CURVE((0.933012701892,
    0.933012701892,1.,0.866025403784,1.,0.866025403784,1.,0.933012701892
,0.933012701892)) REPRESENTATION_ITEM('') );
#9568 = CARTESIAN_POINT('',(-0.740192378865,1.249197715163E-15,2.7));
#9569 = CARTESIAN_POINT('',(-0.740192378865,-0.19833395016,
    2.717863279495));
#9570 = CARTESIAN_POINT('',(-0.641025403784,-0.370096189432,
    2.733333333333));
#9571 = CARTESIAN_POINT('',(-0.42735026919,-0.740192378865,
    2.766666666667));
#9572 = CARTESIAN_POINT('',(-5.802351385691E-15,-0.740192378865,2.8));
#9573 = CARTESIAN_POINT('',(0.42735026919,-0.740192378865,2.833333333333
    ));
#9574 = CARTESIAN_POINT('',(0.641025403784,-0.370096189432,
    2.866666666667));
#9575 = CARTESIAN_POINT('',(0.740192378865,-0.19833395016,2.882136720505
    ));
#9576 = CARTESIAN_POINT('',(0.740192378865,-5.18562307341E-15,2.9));
#9577 = ORIENTED_EDGE('',*,*,#8926,.T.);
#9578 = ORIENTED_EDGE('',*,*,#9579,.F.);
#9579 = EDGE_CURVE('',#8853,#8913,#9580,.T.);
#9580 = ( BOUNDED_CURVE() B_SPLINE_CURVE(2,(#9581,#9582,#9583,#9584,
    #9585,#9586,#9587,#9588,#9589),.UNSPECIFIED.,.F.,.F.) 
B_SPLINE_CURVE_WITH_KNOTS((3,2,2,2,3),(0.69,0.693333333333,0.7,
0.706666666667,0.71),.UNSPECIFIED.) CURVE() 
GEOMETRIC_REPRESENTATION_ITEM() RATIONAL_B_SPLINE_CURVE((0.933012701892,
    0.933012701892,1.,0.866025403784,1.,0.866025403784,1.,0.933012701892
,0.933012701892)) REPRESENTATION_ITEM('') );
#9581 = CARTESIAN_POINT('',(-0.740192378865,1.249197715163E-15,2.75));
#9582 = CARTESIAN_POINT('',(-0.740192378865,-0.19833395016,
    2.767863279495));
#9583 = CARTESIAN_POINT('',(-0.641025403784,-0.370096189432,
    2.783333333333));
#9584 = CARTESIAN_POINT('',(-0.42735026919,-0.740192378865,
    2.816666666667));
#9585 = CARTESIAN_POINT('',(-5.802351385691E-15,-0.740192378865,2.85));
#9586 = CARTESIAN_POINT('',(0.42735026919,-0.740192378865,2.883333333333
    ));
#9587 = CARTESIAN_POINT('',(0.641025403784,-0.370096189432,
    2.916666666667));
#9588 = CARTESIAN_POINT('',(0.740192378865,-0.19833395016,2.932136720505
    ));
#9589 = CARTESIAN_POINT('',(0.740192378865,-5.18562307341E-15,2.95));
#9590 = CYLINDRICAL_SURFACE('',#9591,0.740192378865);
#9591 = AXIS2_PLACEMENT_3D('',#9592,#9593,#9594);
#9592 = CARTESIAN_POINT('',(0.,-2.006055228518E-15,-4.));
#9593 = DIRECTION('',(-0.,-0.,1.));
#9594 = DIRECTION('',(1.,0.,0.));
#9595 = ADVANCED_FACE('',(#9596),#9624,.T.);
#9596 = FACE_BOUND('',#9597,.T.);
#9597 = EDGE_LOOP('',(#9598,#9599,#9611,#9612));
#9598 = ORIENTED_EDGE('',*,*,#8904,.F.);
#9599 = ORIENTED_EDGE('',*,*,#9600,.T.);
#9600 = EDGE_CURVE('',#8891,#8941,#9601,.T.);
#9601 = ( BOUNDED_CURVE() B_SPLINE_CURVE(2,(#9602,#9603,#9604,#9605,
    #9606,#9607,#9608,#9609,#9610),.UNSPECIFIED.,.F.,.F.) 
B_SPLINE_CURVE_WITH_KNOTS((3,2,2,2,3),(0.73,0.733333333333,0.74,
0.746666666667,0.75),.UNSPECIFIED.) CURVE() 
GEOMETRIC_REPRESENTATION_ITEM() RATIONAL_B_SPLINE_CURVE((0.933012701892,
    0.933012701892,1.,0.866025403784,1.,0.866025403784,1.,0.933012701892
,0.933012701892)) REPRESENTATION_ITEM('') );
#9602 = CARTESIAN_POINT('',(-0.740192378865,-7.94547849063E-15,3.1));
#9603 = CARTESIAN_POINT('',(-0.740192378865,-0.19833395016,
    3.117863279495));
#9604 = CARTESIAN_POINT('',(-0.641025403784,-0.370096189432,
    3.133333333333));
#9605 = CARTESIAN_POINT('',(-0.42735026919,-0.740192378865,
    3.166666666667));
#9606 = CARTESIAN_POINT('',(-1.124302940987E-14,-0.740192378865,3.2));
#9607 = CARTESIAN_POINT('',(0.42735026919,-0.740192378865,3.233333333333
    ));
#9608 = CARTESIAN_POINT('',(0.641025403784,-0.370096189432,
    3.266666666667));
#9609 = CARTESIAN_POINT('',(0.740192378865,-0.19833395016,3.282136720505
    ));
#9610 = CARTESIAN_POINT('',(0.740192378865,4.023578687211E-15,3.3));
#9611 = ORIENTED_EDGE('',*,*,#8978,.T.);
#9612 = ORIENTED_EDGE('',*,*,#9613,.F.);
#9613 = EDGE_CURVE('',#8905,#8965,#9614,.T.);
#9614 = ( BOUNDED_CURVE() B_SPLINE_CURVE(2,(#9615,#9616,#9617,#9618,
    #9619,#9620,#9621,#9622,#9623),.UNSPECIFIED.,.F.,.F.) 
B_SPLINE_CURVE_WITH_KNOTS((3,2,2,2,3),(0.73,0.733333333333,0.74,
0.746666666667,0.75),.UNSPECIFIED.) CURVE() 
GEOMETRIC_REPRESENTATION_ITEM() RATIONAL_B_SPLINE_CURVE((0.933012701892,
    0.933012701892,1.,0.866025403784,1.,0.866025403784,1.,0.933012701892
,0.933012701892)) REPRESENTATION_ITEM('') );
#9615 = CARTESIAN_POINT('',(-0.740192378865,-7.94547849063E-15,3.15));
#9616 = CARTESIAN_POINT('',(-0.740192378865,-0.19833395016,
    3.167863279495));
#9617 = CARTESIAN_POINT('',(-0.641025403784,-0.370096189432,
    3.183333333333));
#9618 = CARTESIAN_POINT('',(-0.42735026919,-0.740192378865,
    3.216666666667));
#9619 = CARTESIAN_POINT('',(-1.124302940987E-14,-0.740192378865,3.25));
#9620 = CARTESIAN_POINT('',(0.42735026919,-0.740192378865,3.283333333333
    ));
#9621 = CARTESIAN_POINT('',(0.641025403784,-0.370096189432,
    3.316666666667));
#9622 = CARTESIAN_POINT('',(0.740192378865,-0.19833395016,3.332136720505
    ));
#9623 = CARTESIAN_POINT('',(0.740192378865,4.023578687211E-15,3.35));
#9624 = CYLINDRICAL_SURFACE('',#9625,0.740192378865);
#9625 = AXIS2_PLACEMENT_3D('',#9626,#9627,#9628);
#9626 = CARTESIAN_POINT('',(0.,-2.006055228518E-15,-4.));
#9627 = DIRECTION('',(-0.,-0.,1.));
#9628 = DIRECTION('',(1.,0.,0.));
#9629 = ADVANCED_FACE('',(#9630),#9676,.T.);
#9630 = FACE_BOUND('',#9631,.T.);
#9631 = EDGE_LOOP('',(#9632,#9633,#9647,#9655,#9664));
#9632 = ORIENTED_EDGE('',*,*,#8956,.F.);
#9633 = ORIENTED_EDGE('',*,*,#9634,.T.);
#9634 = EDGE_CURVE('',#8943,#9635,#9637,.T.);
#9635 = VERTEX_POINT('',#9636);
#9636 = CARTESIAN_POINT('',(0.740192378865,-5.519710834442E-15,3.7));
#9637 = ( BOUNDED_CURVE() B_SPLINE_CURVE(2,(#9638,#9639,#9640,#9641,
    #9642,#9643,#9644,#9645,#9646),.UNSPECIFIED.,.F.,.F.) 
B_SPLINE_CURVE_WITH_KNOTS((3,2,2,2,3),(0.77,0.773333333333,0.78,
0.786666666667,0.79),.UNSPECIFIED.) CURVE() 
GEOMETRIC_REPRESENTATION_ITEM() RATIONAL_B_SPLINE_CURVE((0.933012701892,
    0.933012701892,1.,0.866025403784,1.,0.866025403784,1.,0.933012701892
,0.933012701892)) REPRESENTATION_ITEM('') );
#9638 = CARTESIAN_POINT('',(-0.740192378865,-2.498395430326E-15,3.5));
#9639 = CARTESIAN_POINT('',(-0.740192378865,-0.19833395016,
    3.517863279495));
#9640 = CARTESIAN_POINT('',(-0.641025403784,-0.370096189432,
    3.533333333333));
#9641 = CARTESIAN_POINT('',(-0.42735026919,-0.740192378865,
    3.566666666667));
#9642 = CARTESIAN_POINT('',(-6.164941076703E-15,-0.740192378865,3.6));
#9643 = CARTESIAN_POINT('',(0.42735026919,-0.740192378865,3.633333333333
    ));
#9644 = CARTESIAN_POINT('',(0.641025403784,-0.370096189432,
    3.666666666667));
#9645 = CARTESIAN_POINT('',(0.740192378865,-0.19833395016,3.682136720505
    ));
#9646 = CARTESIAN_POINT('',(0.740192378865,-5.519710834442E-15,3.7));
#9647 = ORIENTED_EDGE('',*,*,#9648,.T.);
#9648 = EDGE_CURVE('',#9635,#9649,#9651,.T.);
#9649 = VERTEX_POINT('',#9650);
#9650 = CARTESIAN_POINT('',(0.740192378865,-2.112611279851E-15,
    3.740192378865));
#9651 = LINE('',#9652,#9653);
#9652 = CARTESIAN_POINT('',(0.740192378865,-2.006055228518E-15,-4.));
#9653 = VECTOR('',#9654,1.);
#9654 = DIRECTION('',(-0.,-0.,1.));
#9655 = ORIENTED_EDGE('',*,*,#9656,.F.);
#9656 = EDGE_CURVE('',#9657,#9649,#9659,.T.);
#9657 = VERTEX_POINT('',#9658);
#9658 = CARTESIAN_POINT('',(0.732138712859,-0.108892896287,
    3.740192378865));
#9659 = CIRCLE('',#9660,0.740192378865);
#9660 = AXIS2_PLACEMENT_3D('',#9661,#9662,#9663);
#9661 = CARTESIAN_POINT('',(0.,-2.006055228518E-15,3.740192378865));
#9662 = DIRECTION('',(0.,-0.,1.));
#9663 = DIRECTION('',(1.,0.,0.));
#9664 = ORIENTED_EDGE('',*,*,#9665,.F.);
#9665 = EDGE_CURVE('',#8957,#9657,#9666,.T.);
#9666 = ( BOUNDED_CURVE() B_SPLINE_CURVE(2,(#9667,#9668,#9669,#9670,
    #9671,#9672,#9673,#9674,#9675),.UNSPECIFIED.,.F.,.F.) 
B_SPLINE_CURVE_WITH_KNOTS((3,2,2,2,3),(0.77,0.773333333333,0.78,
0.786666666667,0.789079931084),.UNSPECIFIED.) CURVE() 
GEOMETRIC_REPRESENTATION_ITEM() RATIONAL_B_SPLINE_CURVE((0.933012701892,
    0.933012701892,1.,0.866025403784,1.,0.866025403784,1.,0.95150258112,
0.938116290834)) REPRESENTATION_ITEM('') );
#9667 = CARTESIAN_POINT('',(-0.740192378865,-2.498395430326E-15,3.55));
#9668 = CARTESIAN_POINT('',(-0.740192378865,-0.19833395016,
    3.567863279495));
#9669 = CARTESIAN_POINT('',(-0.641025403784,-0.370096189432,
    3.583333333333));
#9670 = CARTESIAN_POINT('',(-0.42735026919,-0.740192378865,
    3.616666666667));
#9671 = CARTESIAN_POINT('',(-6.164941076703E-15,-0.740192378865,3.65));
#9672 = CARTESIAN_POINT('',(0.42735026919,-0.740192378865,3.683333333333
    ));
#9673 = CARTESIAN_POINT('',(0.641025403784,-0.370096189432,
    3.716666666667));
#9674 = CARTESIAN_POINT('',(0.711425104951,-0.248160330174,
    3.727649024113));
#9675 = CARTESIAN_POINT('',(0.732138712859,-0.108892896287,
    3.740192378865));
#9676 = CYLINDRICAL_SURFACE('',#9677,0.740192378865);
#9677 = AXIS2_PLACEMENT_3D('',#9678,#9679,#9680);
#9678 = CARTESIAN_POINT('',(0.,-2.006055228518E-15,-4.));
#9679 = DIRECTION('',(-0.,-0.,1.));
#9680 = DIRECTION('',(1.,0.,0.));
#9681 = ADVANCED_FACE('',(#9682),#9732,.T.);
#9682 = FACE_BOUND('',#9683,.T.);
#9683 = EDGE_LOOP('',(#9684,#9709,#9717,#9726));
#9684 = ORIENTED_EDGE('',*,*,#9685,.T.);
#9685 = EDGE_CURVE('',#9686,#9688,#9690,.T.);
#9686 = VERTEX_POINT('',#9687);
#9687 = CARTESIAN_POINT('',(-0.841506350946,3.811069820085E-13,
    3.841506350946));
#9688 = VERTEX_POINT('',#9689);
#9689 = CARTESIAN_POINT('',(0.968301270189,7.493878991044E-13,
    3.968301270189));
#9690 = B_SPLINE_CURVE_WITH_KNOTS('',3,(#9691,#9692,#9693,#9694,#9695,
    #9696,#9697,#9698,#9699,#9700,#9701,#9702,#9703,#9704,#9705,#9706,
    #9707,#9708),.UNSPECIFIED.,.F.,.F.,(4,2,2,2,2,2,2,2,4),(
    1.975662020031E-03,2.330371571234E-03,2.685081122436E-03,
    3.039790673639E-03,3.394500224842E-03,3.749209776045E-03,
    4.103919327248E-03,4.458628878451E-03,4.813338429654E-03),
  .UNSPECIFIED.);
#9691 = CARTESIAN_POINT('',(-0.841506350946,3.811069820085E-13,
    3.841506350946));
#9692 = CARTESIAN_POINT('',(-0.847425916372,-0.117860051417,
    3.847425916372));
#9693 = CARTESIAN_POINT('',(-0.828007955958,-0.237876130112,
    3.853321611455));
#9694 = CARTESIAN_POINT('',(-0.741677966626,-0.458689426524,
    3.863977858717));
#9695 = CARTESIAN_POINT('',(-0.675384701617,-0.559652808669,
    3.868969615877));
#9696 = CARTESIAN_POINT('',(-0.507080386725,-0.729331189481,
    3.880231182383));
#9697 = CARTESIAN_POINT('',(-0.406857128083,-0.795889420297,
    3.885980803228));
#9698 = CARTESIAN_POINT('',(-0.187332997424,-0.885185231904,
    3.897014959954));
#9699 = CARTESIAN_POINT('',(-6.80467511275E-02,-0.90719201268,
    3.902048893762));
#9700 = CARTESIAN_POINT('',(0.168232553606,-0.903954537355,
    3.911866490351));
#9701 = CARTESIAN_POINT('',(0.287140457545,-0.879116285539,
    3.917272435347));
#9702 = CARTESIAN_POINT('',(0.504789357597,-0.787626431517,
    3.928041661756));
#9703 = CARTESIAN_POINT('',(0.605533020382,-0.720232371991,
    3.933502364015));
#9704 = CARTESIAN_POINT('',(0.773439630008,-0.553427904281,
    3.943669996179));
#9705 = CARTESIAN_POINT('',(0.841001715452,-0.45358412041,3.948106721922
    ));
#9706 = CARTESIAN_POINT('',(0.936080369882,-0.235591188636,
    3.957931930523));
#9707 = CARTESIAN_POINT('',(0.963089664745,-0.119399204668,
    3.963089664745));
#9708 = CARTESIAN_POINT('',(0.968301270189,7.493878991044E-13,
    3.968301270189));
#9709 = ORIENTED_EDGE('',*,*,#9710,.T.);
#9710 = EDGE_CURVE('',#9688,#9711,#9713,.T.);
#9711 = VERTEX_POINT('',#9712);
#9712 = CARTESIAN_POINT('',(1.,-2.128519908432E-15,4.));
#9713 = LINE('',#9714,#9715);
#9714 = CARTESIAN_POINT('',(1.,-2.128519908432E-15,4.));
#9715 = VECTOR('',#9716,1.);
#9716 = DIRECTION('',(0.707106781187,-8.659560562355E-17,0.707106781187)
  );
#9717 = ORIENTED_EDGE('',*,*,#9718,.T.);
#9718 = EDGE_CURVE('',#9711,#9719,#9721,.T.);
#9719 = VERTEX_POINT('',#9720);
#9720 = CARTESIAN_POINT('',(-1.,-2.006055228518E-15,4.));
#9721 = CIRCLE('',#9722,1.);
#9722 = AXIS2_PLACEMENT_3D('',#9723,#9724,#9725);
#9723 = CARTESIAN_POINT('',(0.,-2.006055228518E-15,4.));
#9724 = DIRECTION('',(0.,0.,-1.));
#9725 = DIRECTION('',(-1.,0.,0.));
#9726 = ORIENTED_EDGE('',*,*,#9727,.F.);
#9727 = EDGE_CURVE('',#9686,#9719,#9728,.T.);
#9728 = LINE('',#9729,#9730);
#9729 = CARTESIAN_POINT('',(-1.,-2.006055228518E-15,4.));
#9730 = VECTOR('',#9731,1.);
#9731 = DIRECTION('',(-0.707106781187,0.,0.707106781187));
#9732 = CONICAL_SURFACE('',#9733,1.,0.785398163397);
#9733 = AXIS2_PLACEMENT_3D('',#9734,#9735,#9736);
#9734 = CARTESIAN_POINT('',(0.,-2.006055228518E-15,4.));
#9735 = DIRECTION('',(-0.,-0.,1.));
#9736 = DIRECTION('',(-1.,0.,0.));
#9737 = ADVANCED_FACE('',(#9738),#9756,.T.);
#9738 = FACE_BOUND('',#9739,.T.);
#9739 = EDGE_LOOP('',(#9740,#9741,#9749));
#9740 = ORIENTED_EDGE('',*,*,#9656,.T.);
#9741 = ORIENTED_EDGE('',*,*,#9742,.T.);
#9742 = EDGE_CURVE('',#9649,#9743,#9745,.T.);
#9743 = VERTEX_POINT('',#9744);
#9744 = CARTESIAN_POINT('',(0.763397459621,4.517447551346E-15,
    3.763397459622));
#9745 = LINE('',#9746,#9747);
#9746 = CARTESIAN_POINT('',(1.,-2.128519908432E-15,4.));
#9747 = VECTOR('',#9748,1.);
#9748 = DIRECTION('',(0.707106781187,-8.659560562355E-17,0.707106781187)
  );
#9749 = ORIENTED_EDGE('',*,*,#9750,.T.);
#9750 = EDGE_CURVE('',#9743,#9657,#9751,.T.);
#9751 = B_SPLINE_CURVE_WITH_KNOTS('',3,(#9752,#9753,#9754,#9755),
  .UNSPECIFIED.,.F.,.F.,(4,4),(-2.226523217306E-03,-2.111863099538E-03),
  .PIECEWISE_BEZIER_KNOTS.);
#9752 = CARTESIAN_POINT('',(0.763397459621,4.517447551346E-15,
    3.763397459622));
#9753 = CARTESIAN_POINT('',(0.755775286967,-3.688937932714E-02,
    3.755775286967));
#9754 = CARTESIAN_POINT('',(0.745388066488,-7.319474491754E-02,
    3.748045863692));
#9755 = CARTESIAN_POINT('',(0.732138712859,-0.108892896287,
    3.740192378865));
#9756 = CONICAL_SURFACE('',#9757,1.,0.785398163397);
#9757 = AXIS2_PLACEMENT_3D('',#9758,#9759,#9760);
#9758 = CARTESIAN_POINT('',(0.,-2.006055228518E-15,4.));
#9759 = DIRECTION('',(-0.,-0.,1.));
#9760 = DIRECTION('',(-1.,0.,0.));
#9761 = ADVANCED_FACE('',(#9762),#9808,.T.);
#9762 = FACE_BOUND('',#9763,.T.);
#9763 = EDGE_LOOP('',(#9764,#9765,#9774,#9787,#9788,#9797));
#9764 = ORIENTED_EDGE('',*,*,#9742,.F.);
#9765 = ORIENTED_EDGE('',*,*,#9766,.T.);
#9766 = EDGE_CURVE('',#9649,#9767,#9769,.T.);
#9767 = VERTEX_POINT('',#9768);
#9768 = CARTESIAN_POINT('',(0.59422323193,0.441342846734,3.740192378865)
  );
#9769 = CIRCLE('',#9770,0.740192378865);
#9770 = AXIS2_PLACEMENT_3D('',#9771,#9772,#9773);
#9771 = CARTESIAN_POINT('',(0.,-2.006055228518E-15,3.740192378865));
#9772 = DIRECTION('',(0.,-0.,1.));
#9773 = DIRECTION('',(1.,0.,0.));
#9774 = ORIENTED_EDGE('',*,*,#9775,.T.);
#9775 = EDGE_CURVE('',#9767,#9686,#9776,.T.);
#9776 = B_SPLINE_CURVE_WITH_KNOTS('',3,(#9777,#9778,#9779,#9780,#9781,
    #9782,#9783,#9784,#9785,#9786),.UNSPECIFIED.,.F.,.F.,(4,2,2,2,4),(
    5.425616764983E-18,4.939155050077E-04,9.878310100153E-04,
    1.481746515023E-03,1.975662020031E-03),.UNSPECIFIED.);
#9777 = CARTESIAN_POINT('',(0.59422323193,0.441342846734,3.740192378865)
  );
#9778 = CARTESIAN_POINT('',(0.501922668923,0.580254382833,3.748920479979
    ));
#9779 = CARTESIAN_POINT('',(0.366149274749,0.684683245621,3.758486808985
    ));
#9780 = CARTESIAN_POINT('',(5.151502022847E-02,0.792090435381,
    3.776213151333));
#9781 = CARTESIAN_POINT('',(-0.120540503613,0.791775571924,
    3.783616042914));
#9782 = CARTESIAN_POINT('',(-0.436505119173,0.691737742173,
    3.801032681241));
#9783 = CARTESIAN_POINT('',(-0.577204040775,0.591588372375,3.80996299906
    ));
#9784 = CARTESIAN_POINT('',(-0.775019531883,0.327942999914,
    3.825288215609));
#9785 = CARTESIAN_POINT('',(-0.833263648891,0.164114291873,
    3.833263648891));
#9786 = CARTESIAN_POINT('',(-0.841506350946,3.811069820085E-13,
    3.841506350946));
#9787 = ORIENTED_EDGE('',*,*,#9727,.T.);
#9788 = ORIENTED_EDGE('',*,*,#9789,.T.);
#9789 = EDGE_CURVE('',#9719,#9790,#9792,.T.);
#9790 = VERTEX_POINT('',#9791);
#9791 = CARTESIAN_POINT('',(0.,1.,4.));
#9792 = CIRCLE('',#9793,1.);
#9793 = AXIS2_PLACEMENT_3D('',#9794,#9795,#9796);
#9794 = CARTESIAN_POINT('',(0.,-2.006055228518E-15,4.));
#9795 = DIRECTION('',(0.,0.,-1.));
#9796 = DIRECTION('',(-1.,0.,0.));
#9797 = ORIENTED_EDGE('',*,*,#9798,.T.);
#9798 = EDGE_CURVE('',#9790,#9743,#9799,.T.);
#9799 = B_SPLINE_CURVE_WITH_KNOTS('',3,(#9800,#9801,#9802,#9803,#9804,
    #9805,#9806,#9807),.UNSPECIFIED.,.F.,.F.,(4,2,2,4),(
    -3.637011267011E-03,-2.931767242158E-03,-2.579145229732E-03,
    -2.226523217306E-03),.UNSPECIFIED.);
#9800 = CARTESIAN_POINT('',(0.,1.,4.));
#9801 = CARTESIAN_POINT('',(0.233667299284,0.968080453314,3.968080453314
    ));
#9802 = CARTESIAN_POINT('',(0.450987096642,0.843416733136,3.928155899322
    ));
#9803 = CARTESIAN_POINT('',(0.667557016633,0.566713163208,3.868031817621
    ));
#9804 = CARTESIAN_POINT('',(0.723259887642,0.459950096501,3.849291645499
    ));
#9805 = CARTESIAN_POINT('',(0.78358654756,0.233218498666,3.809342997998)
  );
#9806 = CARTESIAN_POINT('',(0.786838442526,0.113448402363,3.786838442526
    ));
#9807 = CARTESIAN_POINT('',(0.763397459621,4.517447551346E-15,
    3.763397459622));
#9808 = CONICAL_SURFACE('',#9809,1.,0.785398163397);
#9809 = AXIS2_PLACEMENT_3D('',#9810,#9811,#9812);
#9810 = CARTESIAN_POINT('',(0.,-2.006055228518E-15,4.));
#9811 = DIRECTION('',(-0.,-0.,1.));
#9812 = DIRECTION('',(-1.,0.,0.));
#9813 = ADVANCED_FACE('',(#9814),#9850,.T.);
#9814 = FACE_BOUND('',#9815,.T.);
#9815 = EDGE_LOOP('',(#9816,#9827,#9835,#9844));
#9816 = ORIENTED_EDGE('',*,*,#9817,.T.);
#9817 = EDGE_CURVE('',#9818,#9820,#9822,.T.);
#9818 = VERTEX_POINT('',#9819);
#9819 = CARTESIAN_POINT('',(0.,-1.75,4.));
#9820 = VERTEX_POINT('',#9821);
#9821 = CARTESIAN_POINT('',(2.143131898508E-16,1.75,4.));
#9822 = CIRCLE('',#9823,1.75);
#9823 = AXIS2_PLACEMENT_3D('',#9824,#9825,#9826);
#9824 = CARTESIAN_POINT('',(0.,-1.959434878636E-15,4.));
#9825 = DIRECTION('',(-0.,6.054590893736E-18,1.));
#9826 = DIRECTION('',(0.,-1.,6.054590893736E-18));
#9827 = ORIENTED_EDGE('',*,*,#9828,.T.);
#9828 = EDGE_CURVE('',#9820,#9829,#9831,.T.);
#9829 = VERTEX_POINT('',#9830);
#9830 = CARTESIAN_POINT('',(-1.20058714961E-14,1.75,4.195));
#9831 = LINE('',#9832,#9833);
#9832 = CARTESIAN_POINT('',(2.143131898508E-16,1.75,5.3));
#9833 = VECTOR('',#9834,1.);
#9834 = DIRECTION('',(-0.,6.054590893736E-18,1.));
#9835 = ORIENTED_EDGE('',*,*,#9836,.F.);
#9836 = EDGE_CURVE('',#9837,#9829,#9839,.T.);
#9837 = VERTEX_POINT('',#9838);
#9838 = CARTESIAN_POINT('',(1.222018468595E-14,-1.75,4.195));
#9839 = CIRCLE('',#9840,1.75);
#9840 = AXIS2_PLACEMENT_3D('',#9841,#9842,#9843);
#9841 = CARTESIAN_POINT('',(0.,-1.958254233411E-15,4.195));
#9842 = DIRECTION('',(-0.,6.054590893736E-18,1.));
#9843 = DIRECTION('',(0.,-1.,6.054590893736E-18));
#9844 = ORIENTED_EDGE('',*,*,#9845,.F.);
#9845 = EDGE_CURVE('',#9818,#9837,#9846,.T.);
#9846 = LINE('',#9847,#9848);
#9847 = CARTESIAN_POINT('',(0.,-1.75,5.3));
#9848 = VECTOR('',#9849,1.);
#9849 = DIRECTION('',(-0.,6.054590893736E-18,1.));
#9850 = CYLINDRICAL_SURFACE('',#9851,1.75);
#9851 = AXIS2_PLACEMENT_3D('',#9852,#9853,#9854);
#9852 = CARTESIAN_POINT('',(0.,-1.951563910474E-15,5.3));
#9853 = DIRECTION('',(-0.,6.054590893736E-18,1.));
#9854 = DIRECTION('',(0.,-1.,6.054590893736E-18));
#9855 = ADVANCED_FACE('',(#9856),#9884,.T.);
#9856 = FACE_BOUND('',#9857,.T.);
#9857 = EDGE_LOOP('',(#9858,#9859,#9868,#9877));
#9858 = ORIENTED_EDGE('',*,*,#9836,.T.);
#9859 = ORIENTED_EDGE('',*,*,#9860,.T.);
#9860 = EDGE_CURVE('',#9829,#9861,#9863,.T.);
#9861 = VERTEX_POINT('',#9862);
#9862 = CARTESIAN_POINT('',(-9.433184746936E-15,1.,5.3));
#9863 = CIRCLE('',#9864,1.790942933915);
#9864 = AXIS2_PLACEMENT_3D('',#9865,#9866,#9867);
#9865 = CARTESIAN_POINT('',(-9.246394239858E-30,1.347229957728E-15,
    3.814242081448));
#9866 = DIRECTION('',(1.,6.860497997772E-15,-4.15375087038E-32));
#9867 = DIRECTION('',(-6.860497997772E-15,1.,0.));
#9868 = ORIENTED_EDGE('',*,*,#9869,.F.);
#9869 = EDGE_CURVE('',#9870,#9861,#9872,.T.);
#9870 = VERTEX_POINT('',#9871);
#9871 = CARTESIAN_POINT('',(0.,-1.,5.3));
#9872 = CIRCLE('',#9873,1.);
#9873 = AXIS2_PLACEMENT_3D('',#9874,#9875,#9876);
#9874 = CARTESIAN_POINT('',(0.,-1.951563910474E-15,5.3));
#9875 = DIRECTION('',(-0.,6.054590893736E-18,1.));
#9876 = DIRECTION('',(0.,-1.,6.054590893736E-18));
#9877 = ORIENTED_EDGE('',*,*,#9878,.F.);
#9878 = EDGE_CURVE('',#9837,#9870,#9879,.T.);
#9879 = CIRCLE('',#9880,1.790942933915);
#9880 = AXIS2_PLACEMENT_3D('',#9881,#9882,#9883);
#9881 = CARTESIAN_POINT('',(-9.246394239858E-30,1.347229957728E-15,
    3.814242081448));
#9882 = DIRECTION('',(-1.,-6.982962677686E-15,4.227898223962E-32));
#9883 = DIRECTION('',(6.982962677686E-15,-1.,0.));
#9884 = SPHERICAL_SURFACE('',#9885,1.790942933915);
#9885 = AXIS2_PLACEMENT_3D('',#9886,#9887,#9888);
#9886 = CARTESIAN_POINT('',(-9.246394239858E-30,1.347229957728E-15,
    3.814242081448));
#9887 = DIRECTION('',(1.,6.982962677686E-15,-4.227898223962E-32));
#9888 = DIRECTION('',(6.982962677686E-15,-1.,0.));
#9889 = ADVANCED_FACE('',(#9890),#9918,.F.);
#9890 = FACE_BOUND('',#9891,.F.);
#9891 = EDGE_LOOP('',(#9892,#9903,#9911));
#9892 = ORIENTED_EDGE('',*,*,#9893,.F.);
#9893 = EDGE_CURVE('',#9894,#9896,#9898,.T.);
#9894 = VERTEX_POINT('',#9895);
#9895 = CARTESIAN_POINT('',(0.750555349947,3.20893317368E-17,5.3));
#9896 = VERTEX_POINT('',#9897);
#9897 = CARTESIAN_POINT('',(0.65,0.375277674973,5.3));
#9898 = CIRCLE('',#9899,0.750555349947);
#9899 = AXIS2_PLACEMENT_3D('',#9900,#9901,#9902);
#9900 = CARTESIAN_POINT('',(0.,3.20893317368E-17,5.3));
#9901 = DIRECTION('',(0.,0.,1.));
#9902 = DIRECTION('',(1.,0.,-0.));
#9903 = ORIENTED_EDGE('',*,*,#9904,.F.);
#9904 = EDGE_CURVE('',#9905,#9894,#9907,.T.);
#9905 = VERTEX_POINT('',#9906);
#9906 = CARTESIAN_POINT('',(0.65,3.208933164996E-17,5.199444650053));
#9907 = LINE('',#9908,#9909);
#9908 = CARTESIAN_POINT('',(0.750555349947,3.20893317368E-17,5.3));
#9909 = VECTOR('',#9910,1.);
#9910 = DIRECTION('',(0.707106781187,0.,0.707106781187));
#9911 = ORIENTED_EDGE('',*,*,#9912,.T.);
#9912 = EDGE_CURVE('',#9905,#9896,#9913,.T.);
#9913 = B_SPLINE_CURVE_WITH_KNOTS('',3,(#9914,#9915,#9916,#9917),
  .UNSPECIFIED.,.F.,.F.,(4,4),(8.327430616189E-04,1.221725220545E-03),
  .PIECEWISE_BEZIER_KNOTS.);
#9914 = CARTESIAN_POINT('',(0.65,3.208933164996E-17,5.199444650053));
#9915 = CARTESIAN_POINT('',(0.65,0.132185010717,5.199444650053));
#9916 = CARTESIAN_POINT('',(0.65,0.25914941449,5.241935869758));
#9917 = CARTESIAN_POINT('',(0.65,0.375277674973,5.3));
#9918 = CONICAL_SURFACE('',#9919,0.750555349947,0.785398163397);
#9919 = AXIS2_PLACEMENT_3D('',#9920,#9921,#9922);
#9920 = CARTESIAN_POINT('',(0.,3.20893317368E-17,5.3));
#9921 = DIRECTION('',(-0.,-0.,1.));
#9922 = DIRECTION('',(1.,0.,0.));
#9923 = ADVANCED_FACE('',(#9924),#9974,.T.);
#9924 = FACE_BOUND('',#9925,.T.);
#9925 = EDGE_LOOP('',(#9926,#9936,#9944,#9952,#9960,#9968));
#9926 = ORIENTED_EDGE('',*,*,#9927,.T.);
#9927 = EDGE_CURVE('',#9928,#9930,#9932,.T.);
#9928 = VERTEX_POINT('',#9929);
#9929 = CARTESIAN_POINT('',(5.470055265963E-16,-0.750555349947,4.39));
#9930 = VERTEX_POINT('',#9931);
#9931 = CARTESIAN_POINT('',(0.65,-0.375277674973,4.39));
#9932 = LINE('',#9933,#9934);
#9933 = CARTESIAN_POINT('',(5.470055265963E-16,-0.750555349947,4.39));
#9934 = VECTOR('',#9935,1.);
#9935 = DIRECTION('',(0.866025403784,0.5,0.));
#9936 = ORIENTED_EDGE('',*,*,#9937,.T.);
#9937 = EDGE_CURVE('',#9930,#9938,#9940,.T.);
#9938 = VERTEX_POINT('',#9939);
#9939 = CARTESIAN_POINT('',(0.65,0.375277674973,4.39));
#9940 = LINE('',#9941,#9942);
#9941 = CARTESIAN_POINT('',(0.65,-0.375277674973,4.39));
#9942 = VECTOR('',#9943,1.);
#9943 = DIRECTION('',(0.,1.,0.));
#9944 = ORIENTED_EDGE('',*,*,#9945,.T.);
#9945 = EDGE_CURVE('',#9938,#9946,#9948,.T.);
#9946 = VERTEX_POINT('',#9947);
#9947 = CARTESIAN_POINT('',(1.316172156827E-16,0.750555349947,4.39));
#9948 = LINE('',#9949,#9950);
#9949 = CARTESIAN_POINT('',(0.65,0.375277674973,4.39));
#9950 = VECTOR('',#9951,1.);
#9951 = DIRECTION('',(-0.866025403784,0.5,0.));
#9952 = ORIENTED_EDGE('',*,*,#9953,.T.);
#9953 = EDGE_CURVE('',#9946,#9954,#9956,.T.);
#9954 = VERTEX_POINT('',#9955);
#9955 = CARTESIAN_POINT('',(-0.65,0.375277674973,4.39));
#9956 = LINE('',#9957,#9958);
#9957 = CARTESIAN_POINT('',(1.316172156827E-16,0.750555349947,4.39));
#9958 = VECTOR('',#9959,1.);
#9959 = DIRECTION('',(-0.866025403784,-0.5,0.));
#9960 = ORIENTED_EDGE('',*,*,#9961,.T.);
#9961 = EDGE_CURVE('',#9954,#9962,#9964,.T.);
#9962 = VERTEX_POINT('',#9963);
#9963 = CARTESIAN_POINT('',(-0.65,-0.375277674973,4.39));
#9964 = LINE('',#9965,#9966);
#9965 = CARTESIAN_POINT('',(-0.65,0.375277674973,4.39));
#9966 = VECTOR('',#9967,1.);
#9967 = DIRECTION('',(2.889066536033E-16,-1.,0.));
#9968 = ORIENTED_EDGE('',*,*,#9969,.T.);
#9969 = EDGE_CURVE('',#9962,#9928,#9970,.T.);
#9970 = LINE('',#9971,#9972);
#9971 = CARTESIAN_POINT('',(-0.65,-0.375277674973,4.39));
#9972 = VECTOR('',#9973,1.);
#9973 = DIRECTION('',(0.866025403784,-0.5,0.));
#9974 = PLANE('',#9975);
#9975 = AXIS2_PLACEMENT_3D('',#9976,#9977,#9978);
#9976 = CARTESIAN_POINT('',(0.65,-0.375277674973,4.39));
#9977 = DIRECTION('',(0.,0.,1.));
#9978 = DIRECTION('',(1.,0.,-0.));
#9979 = ADVANCED_FACE('',(#9980),#10008,.F.);
#9980 = FACE_BOUND('',#9981,.T.);
#9981 = EDGE_LOOP('',(#9982,#9990,#10001,#10007));
#9982 = ORIENTED_EDGE('',*,*,#9983,.T.);
#9983 = EDGE_CURVE('',#9954,#9984,#9986,.T.);
#9984 = VERTEX_POINT('',#9985);
#9985 = CARTESIAN_POINT('',(-0.65,0.375277674973,5.3));
#9986 = LINE('',#9987,#9988);
#9987 = CARTESIAN_POINT('',(-0.65,0.375277674973,4.39));
#9988 = VECTOR('',#9989,1.);
#9989 = DIRECTION('',(-0.,-0.,1.));
#9990 = ORIENTED_EDGE('',*,*,#9991,.T.);
#9991 = EDGE_CURVE('',#9984,#9992,#9994,.T.);
#9992 = VERTEX_POINT('',#9993);
#9993 = CARTESIAN_POINT('',(-0.65,-0.375277674973,5.3));
#9994 = B_SPLINE_CURVE_WITH_KNOTS('',3,(#9995,#9996,#9997,#9998,#9999,
    #10000),.UNSPECIFIED.,.F.,.F.,(4,2,4),(4.074939972192E-04,
    7.962192141148E-04,1.184944431011E-03),.UNSPECIFIED.);
#9995 = CARTESIAN_POINT('',(-0.65,0.375277674973,5.3));
#9996 = CARTESIAN_POINT('',(-0.65,0.259161396479,5.241941860753));
#9997 = CARTESIAN_POINT('',(-0.65,0.132210800171,5.199452971109));
#9998 = CARTESIAN_POINT('',(-0.65,-0.132128968385,5.199436331574));
#9999 = CARTESIAN_POINT('',(-0.65,-0.258988504188,5.241855414607));
#10000 = CARTESIAN_POINT('',(-0.65,-0.375277674973,5.3));
#10001 = ORIENTED_EDGE('',*,*,#10002,.F.);
#10002 = EDGE_CURVE('',#9962,#9992,#10003,.T.);
#10003 = LINE('',#10004,#10005);
#10004 = CARTESIAN_POINT('',(-0.65,-0.375277674973,4.39));
#10005 = VECTOR('',#10006,1.);
#10006 = DIRECTION('',(-0.,-0.,1.));
#10007 = ORIENTED_EDGE('',*,*,#9961,.F.);
#10008 = PLANE('',#10009);
#10009 = AXIS2_PLACEMENT_3D('',#10010,#10011,#10012);
#10010 = CARTESIAN_POINT('',(-0.65,0.375277674973,4.39));
#10011 = DIRECTION('',(-1.,-2.889066536033E-16,0.));
#10012 = DIRECTION('',(2.889066536033E-16,-1.,0.));
#10013 = ADVANCED_FACE('',(#10014),#10037,.F.);
#10014 = FACE_BOUND('',#10015,.T.);
#10015 = EDGE_LOOP('',(#10016,#10017,#10030,#10036));
#10016 = ORIENTED_EDGE('',*,*,#10002,.T.);
#10017 = ORIENTED_EDGE('',*,*,#10018,.T.);
#10018 = EDGE_CURVE('',#9992,#10019,#10021,.T.);
#10019 = VERTEX_POINT('',#10020);
#10020 = CARTESIAN_POINT('',(-2.710505431214E-16,-0.750555349947,5.3));
#10021 = B_SPLINE_CURVE_WITH_KNOTS('',3,(#10022,#10023,#10024,#10025,
    #10026,#10027,#10028,#10029),.UNSPECIFIED.,.F.,.F.,(4,2,2,4),(
    2.54444765767E-07,1.94076489333E-04,3.878985339002E-04,
    7.755426230347E-04),.UNSPECIFIED.);
#10022 = CARTESIAN_POINT('',(-0.65,-0.375277674973,5.3));
#10023 = CARTESIAN_POINT('',(-0.599215461147,-0.404598142151,
    5.270679532823));
#10024 = CARTESIAN_POINT('',(-0.54728495587,-0.434580233352,
    5.245749438421));
#10025 = CARTESIAN_POINT('',(-0.439707230207,-0.496690262222,
    5.210128554084));
#10026 = CARTESIAN_POINT('',(-0.382942093057,-0.529463629436,
    5.199585623991));
#10027 = CARTESIAN_POINT('',(-0.212711290195,-0.627746429293,
    5.199167121815));
#10028 = CARTESIAN_POINT('',(-0.102169656735,-0.691567671128,
    5.24101232118));
#10029 = CARTESIAN_POINT('',(-2.710505431214E-16,-0.750555349947,5.3));
#10030 = ORIENTED_EDGE('',*,*,#10031,.F.);
#10031 = EDGE_CURVE('',#9928,#10019,#10032,.T.);
#10032 = LINE('',#10033,#10034);
#10033 = CARTESIAN_POINT('',(5.470055265963E-16,-0.750555349947,4.39));
#10034 = VECTOR('',#10035,1.);
#10035 = DIRECTION('',(-0.,-0.,1.));
#10036 = ORIENTED_EDGE('',*,*,#9969,.F.);
#10037 = PLANE('',#10038);
#10038 = AXIS2_PLACEMENT_3D('',#10039,#10040,#10041);
#10039 = CARTESIAN_POINT('',(-0.65,-0.375277674973,4.39));
#10040 = DIRECTION('',(-0.5,-0.866025403784,0.));
#10041 = DIRECTION('',(0.866025403784,-0.5,0.));
#10042 = ADVANCED_FACE('',(#10043),#10066,.F.);
#10043 = FACE_BOUND('',#10044,.T.);
#10044 = EDGE_LOOP('',(#10045,#10046,#10059,#10065));
#10045 = ORIENTED_EDGE('',*,*,#10031,.T.);
#10046 = ORIENTED_EDGE('',*,*,#10047,.T.);
#10047 = EDGE_CURVE('',#10019,#10048,#10050,.T.);
#10048 = VERTEX_POINT('',#10049);
#10049 = CARTESIAN_POINT('',(0.65,-0.375277674973,5.3));
#10050 = B_SPLINE_CURVE_WITH_KNOTS('',3,(#10051,#10052,#10053,#10054,
    #10055,#10056,#10057,#10058),.UNSPECIFIED.,.F.,.F.,(4,2,2,4),(
    2.544447657665E-07,1.94076489333E-04,3.878985339002E-04,
    7.755426230347E-04),.UNSPECIFIED.);
#10051 = CARTESIAN_POINT('',(-2.710505431214E-16,-0.750555349947,5.3));
#10052 = CARTESIAN_POINT('',(5.078453885288E-02,-0.721234882769,
    5.270679532823));
#10053 = CARTESIAN_POINT('',(0.10271504413,-0.691252791568,
    5.245749438421));
#10054 = CARTESIAN_POINT('',(0.210292769793,-0.629142762698,
    5.210128554084));
#10055 = CARTESIAN_POINT('',(0.267057906943,-0.596369395484,
    5.199585623991));
#10056 = CARTESIAN_POINT('',(0.437288709805,-0.498086595627,
    5.199167121815));
#10057 = CARTESIAN_POINT('',(0.547830343265,-0.434265353792,
    5.24101232118));
#10058 = CARTESIAN_POINT('',(0.65,-0.375277674973,5.3));
#10059 = ORIENTED_EDGE('',*,*,#10060,.F.);
#10060 = EDGE_CURVE('',#9930,#10048,#10061,.T.);
#10061 = LINE('',#10062,#10063);
#10062 = CARTESIAN_POINT('',(0.65,-0.375277674973,4.39));
#10063 = VECTOR('',#10064,1.);
#10064 = DIRECTION('',(-0.,-0.,1.));
#10065 = ORIENTED_EDGE('',*,*,#9927,.F.);
#10066 = PLANE('',#10067);
#10067 = AXIS2_PLACEMENT_3D('',#10068,#10069,#10070);
#10068 = CARTESIAN_POINT('',(5.470055265963E-16,-0.750555349947,4.39));
#10069 = DIRECTION('',(0.5,-0.866025403784,0.));
#10070 = DIRECTION('',(0.866025403784,0.5,0.));
#10071 = ADVANCED_FACE('',(#10072),#10090,.F.);
#10072 = FACE_BOUND('',#10073,.T.);
#10073 = EDGE_LOOP('',(#10074,#10075,#10082,#10083,#10089));
#10074 = ORIENTED_EDGE('',*,*,#10060,.T.);
#10075 = ORIENTED_EDGE('',*,*,#10076,.T.);
#10076 = EDGE_CURVE('',#10048,#9905,#10077,.T.);
#10077 = B_SPLINE_CURVE_WITH_KNOTS('',3,(#10078,#10079,#10080,#10081),
  .UNSPECIFIED.,.F.,.F.,(4,4),(4.438411722177E-04,8.327430616189E-04),
  .PIECEWISE_BEZIER_KNOTS.);
#10078 = CARTESIAN_POINT('',(0.65,-0.375277674973,5.3));
#10079 = CARTESIAN_POINT('',(0.65,-0.259000504018,5.241861414522));
#10080 = CARTESIAN_POINT('',(0.65,-0.132157733301,5.199444650053));
#10081 = CARTESIAN_POINT('',(0.65,3.208933164996E-17,5.199444650053));
#10082 = ORIENTED_EDGE('',*,*,#9912,.T.);
#10083 = ORIENTED_EDGE('',*,*,#10084,.F.);
#10084 = EDGE_CURVE('',#9938,#9896,#10085,.T.);
#10085 = LINE('',#10086,#10087);
#10086 = CARTESIAN_POINT('',(0.65,0.375277674973,4.39));
#10087 = VECTOR('',#10088,1.);
#10088 = DIRECTION('',(-0.,-0.,1.));
#10089 = ORIENTED_EDGE('',*,*,#9937,.F.);
#10090 = PLANE('',#10091);
#10091 = AXIS2_PLACEMENT_3D('',#10092,#10093,#10094);
#10092 = CARTESIAN_POINT('',(0.65,-0.375277674973,4.39));
#10093 = DIRECTION('',(1.,-0.,0.));
#10094 = DIRECTION('',(0.,0.,-1.));
#10095 = ADVANCED_FACE('',(#10096),#10119,.F.);
#10096 = FACE_BOUND('',#10097,.T.);
#10097 = EDGE_LOOP('',(#10098,#10099,#10112,#10118));
#10098 = ORIENTED_EDGE('',*,*,#10084,.T.);
#10099 = ORIENTED_EDGE('',*,*,#10100,.T.);
#10100 = EDGE_CURVE('',#9896,#10101,#10103,.T.);
#10101 = VERTEX_POINT('',#10102);
#10102 = CARTESIAN_POINT('',(1.316172156827E-16,0.750555349947,5.3));
#10103 = B_SPLINE_CURVE_WITH_KNOTS('',3,(#10104,#10105,#10106,#10107,
    #10108,#10109,#10110,#10111),.UNSPECIFIED.,.F.,.F.,(4,2,2,4),(
    2.54444765767E-07,1.94076489333E-04,3.878985339002E-04,
    7.755426230347E-04),.UNSPECIFIED.);
#10104 = CARTESIAN_POINT('',(0.65,0.375277674973,5.3));
#10105 = CARTESIAN_POINT('',(0.599215461147,0.404598142151,
    5.270679532823));
#10106 = CARTESIAN_POINT('',(0.54728495587,0.434580233352,5.245749438421
    ));
#10107 = CARTESIAN_POINT('',(0.439707230207,0.496690262222,
    5.210128554084));
#10108 = CARTESIAN_POINT('',(0.382942093057,0.529463629436,
    5.199585623991));
#10109 = CARTESIAN_POINT('',(0.212711290195,0.627746429293,
    5.199167121815));
#10110 = CARTESIAN_POINT('',(0.102169656735,0.691567671128,5.24101232118
    ));
#10111 = CARTESIAN_POINT('',(1.316172156827E-16,0.750555349947,5.3));
#10112 = ORIENTED_EDGE('',*,*,#10113,.F.);
#10113 = EDGE_CURVE('',#9946,#10101,#10114,.T.);
#10114 = LINE('',#10115,#10116);
#10115 = CARTESIAN_POINT('',(1.316172156827E-16,0.750555349947,4.39));
#10116 = VECTOR('',#10117,1.);
#10117 = DIRECTION('',(-0.,-0.,1.));
#10118 = ORIENTED_EDGE('',*,*,#9945,.F.);
#10119 = PLANE('',#10120);
#10120 = AXIS2_PLACEMENT_3D('',#10121,#10122,#10123);
#10121 = CARTESIAN_POINT('',(0.65,0.375277674973,4.39));
#10122 = DIRECTION('',(0.5,0.866025403784,0.));
#10123 = DIRECTION('',(-0.866025403784,0.5,0.));
#10124 = ADVANCED_FACE('',(#10125),#10141,.F.);
#10125 = FACE_BOUND('',#10126,.T.);
#10126 = EDGE_LOOP('',(#10127,#10128,#10139,#10140));
#10127 = ORIENTED_EDGE('',*,*,#10113,.T.);
#10128 = ORIENTED_EDGE('',*,*,#10129,.T.);
#10129 = EDGE_CURVE('',#10101,#9984,#10130,.T.);
#10130 = B_SPLINE_CURVE_WITH_KNOTS('',3,(#10131,#10132,#10133,#10134,
    #10135,#10136,#10137,#10138),.UNSPECIFIED.,.F.,.F.,(4,2,2,4),(
    2.544447657668E-07,1.94076489333E-04,3.878985339002E-04,
    7.755426230347E-04),.UNSPECIFIED.);
#10131 = CARTESIAN_POINT('',(1.316172156827E-16,0.750555349947,5.3));
#10132 = CARTESIAN_POINT('',(-5.078453885288E-02,0.721234882769,
    5.270679532823));
#10133 = CARTESIAN_POINT('',(-0.10271504413,0.691252791568,
    5.245749438421));
#10134 = CARTESIAN_POINT('',(-0.210292769793,0.629142762698,
    5.210128554084));
#10135 = CARTESIAN_POINT('',(-0.267057906943,0.596369395484,
    5.199585623991));
#10136 = CARTESIAN_POINT('',(-0.437288709805,0.498086595627,
    5.199167121815));
#10137 = CARTESIAN_POINT('',(-0.547830343265,0.434265353792,
    5.24101232118));
#10138 = CARTESIAN_POINT('',(-0.65,0.375277674973,5.3));
#10139 = ORIENTED_EDGE('',*,*,#9983,.F.);
#10140 = ORIENTED_EDGE('',*,*,#9953,.F.);
#10141 = PLANE('',#10142);
#10142 = AXIS2_PLACEMENT_3D('',#10143,#10144,#10145);
#10143 = CARTESIAN_POINT('',(1.316172156827E-16,0.750555349947,4.39));
#10144 = DIRECTION('',(-0.5,0.866025403784,0.));
#10145 = DIRECTION('',(-0.866025403784,-0.5,0.));
#10146 = ADVANCED_FACE('',(#10147),#10157,.F.);
#10147 = FACE_BOUND('',#10148,.F.);
#10148 = EDGE_LOOP('',(#10149,#10150));
#10149 = ORIENTED_EDGE('',*,*,#9991,.T.);
#10150 = ORIENTED_EDGE('',*,*,#10151,.F.);
#10151 = EDGE_CURVE('',#9984,#9992,#10152,.T.);
#10152 = CIRCLE('',#10153,0.750555349947);
#10153 = AXIS2_PLACEMENT_3D('',#10154,#10155,#10156);
#10154 = CARTESIAN_POINT('',(0.,3.20893317368E-17,5.3));
#10155 = DIRECTION('',(0.,0.,1.));
#10156 = DIRECTION('',(1.,0.,-0.));
#10157 = CONICAL_SURFACE('',#10158,0.750555349947,0.785398163397);
#10158 = AXIS2_PLACEMENT_3D('',#10159,#10160,#10161);
#10159 = CARTESIAN_POINT('',(0.,3.20893317368E-17,5.3));
#10160 = DIRECTION('',(-0.,-0.,1.));
#10161 = DIRECTION('',(1.,0.,0.));
#10162 = ADVANCED_FACE('',(#10163),#10173,.F.);
#10163 = FACE_BOUND('',#10164,.F.);
#10164 = EDGE_LOOP('',(#10165,#10166));
#10165 = ORIENTED_EDGE('',*,*,#10018,.T.);
#10166 = ORIENTED_EDGE('',*,*,#10167,.F.);
#10167 = EDGE_CURVE('',#9992,#10019,#10168,.T.);
#10168 = CIRCLE('',#10169,0.750555349947);
#10169 = AXIS2_PLACEMENT_3D('',#10170,#10171,#10172);
#10170 = CARTESIAN_POINT('',(0.,3.20893317368E-17,5.3));
#10171 = DIRECTION('',(0.,0.,1.));
#10172 = DIRECTION('',(1.,0.,-0.));
#10173 = CONICAL_SURFACE('',#10174,0.750555349947,0.785398163397);
#10174 = AXIS2_PLACEMENT_3D('',#10175,#10176,#10177);
#10175 = CARTESIAN_POINT('',(0.,3.20893317368E-17,5.3));
#10176 = DIRECTION('',(-0.,-0.,1.));
#10177 = DIRECTION('',(1.,0.,0.));
#10178 = ADVANCED_FACE('',(#10179),#10189,.F.);
#10179 = FACE_BOUND('',#10180,.F.);
#10180 = EDGE_LOOP('',(#10181,#10182));
#10181 = ORIENTED_EDGE('',*,*,#10047,.T.);
#10182 = ORIENTED_EDGE('',*,*,#10183,.F.);
#10183 = EDGE_CURVE('',#10019,#10048,#10184,.T.);
#10184 = CIRCLE('',#10185,0.750555349947);
#10185 = AXIS2_PLACEMENT_3D('',#10186,#10187,#10188);
#10186 = CARTESIAN_POINT('',(0.,3.20893317368E-17,5.3));
#10187 = DIRECTION('',(0.,0.,1.));
#10188 = DIRECTION('',(1.,0.,-0.));
#10189 = CONICAL_SURFACE('',#10190,0.750555349947,0.785398163397);
#10190 = AXIS2_PLACEMENT_3D('',#10191,#10192,#10193);
#10191 = CARTESIAN_POINT('',(0.,3.20893317368E-17,5.3));
#10192 = DIRECTION('',(-0.,-0.,1.));
#10193 = DIRECTION('',(1.,0.,0.));
#10194 = ADVANCED_FACE('',(#10195),#10206,.F.);
#10195 = FACE_BOUND('',#10196,.F.);
#10196 = EDGE_LOOP('',(#10197,#10204,#10205));
#10197 = ORIENTED_EDGE('',*,*,#10198,.F.);
#10198 = EDGE_CURVE('',#10048,#9894,#10199,.T.);
#10199 = CIRCLE('',#10200,0.750555349947);
#10200 = AXIS2_PLACEMENT_3D('',#10201,#10202,#10203);
#10201 = CARTESIAN_POINT('',(0.,3.20893317368E-17,5.3));
#10202 = DIRECTION('',(0.,0.,1.));
#10203 = DIRECTION('',(1.,0.,-0.));
#10204 = ORIENTED_EDGE('',*,*,#10076,.T.);
#10205 = ORIENTED_EDGE('',*,*,#9904,.T.);
#10206 = CONICAL_SURFACE('',#10207,0.750555349947,0.785398163397);
#10207 = AXIS2_PLACEMENT_3D('',#10208,#10209,#10210);
#10208 = CARTESIAN_POINT('',(0.,3.20893317368E-17,5.3));
#10209 = DIRECTION('',(-0.,-0.,1.));
#10210 = DIRECTION('',(1.,0.,0.));
#10211 = ADVANCED_FACE('',(#10212),#10222,.F.);
#10212 = FACE_BOUND('',#10213,.F.);
#10213 = EDGE_LOOP('',(#10214,#10215));
#10214 = ORIENTED_EDGE('',*,*,#10100,.T.);
#10215 = ORIENTED_EDGE('',*,*,#10216,.F.);
#10216 = EDGE_CURVE('',#9896,#10101,#10217,.T.);
#10217 = CIRCLE('',#10218,0.750555349947);
#10218 = AXIS2_PLACEMENT_3D('',#10219,#10220,#10221);
#10219 = CARTESIAN_POINT('',(0.,3.20893317368E-17,5.3));
#10220 = DIRECTION('',(0.,0.,1.));
#10221 = DIRECTION('',(1.,0.,-0.));
#10222 = CONICAL_SURFACE('',#10223,0.750555349947,0.785398163397);
#10223 = AXIS2_PLACEMENT_3D('',#10224,#10225,#10226);
#10224 = CARTESIAN_POINT('',(0.,3.20893317368E-17,5.3));
#10225 = DIRECTION('',(-0.,-0.,1.));
#10226 = DIRECTION('',(1.,0.,0.));
#10227 = ADVANCED_FACE('',(#10228),#10238,.F.);
#10228 = FACE_BOUND('',#10229,.F.);
#10229 = EDGE_LOOP('',(#10230,#10231));
#10230 = ORIENTED_EDGE('',*,*,#10129,.T.);
#10231 = ORIENTED_EDGE('',*,*,#10232,.F.);
#10232 = EDGE_CURVE('',#10101,#9984,#10233,.T.);
#10233 = CIRCLE('',#10234,0.750555349947);
#10234 = AXIS2_PLACEMENT_3D('',#10235,#10236,#10237);
#10235 = CARTESIAN_POINT('',(0.,3.20893317368E-17,5.3));
#10236 = DIRECTION('',(0.,0.,1.));
#10237 = DIRECTION('',(1.,0.,-0.));
#10238 = CONICAL_SURFACE('',#10239,0.750555349947,0.785398163397);
#10239 = AXIS2_PLACEMENT_3D('',#10240,#10241,#10242);
#10240 = CARTESIAN_POINT('',(0.,3.20893317368E-17,5.3));
#10241 = DIRECTION('',(-0.,-0.,1.));
#10242 = DIRECTION('',(1.,0.,0.));
#10243 = ADVANCED_FACE('',(#10244,#10253),#10263,.F.);
#10244 = FACE_BOUND('',#10245,.T.);
#10245 = EDGE_LOOP('',(#10246,#10247,#10248,#10249,#10250,#10251,#10252)
  );
#10246 = ORIENTED_EDGE('',*,*,#10232,.F.);
#10247 = ORIENTED_EDGE('',*,*,#10216,.F.);
#10248 = ORIENTED_EDGE('',*,*,#9893,.F.);
#10249 = ORIENTED_EDGE('',*,*,#10198,.F.);
#10250 = ORIENTED_EDGE('',*,*,#10183,.F.);
#10251 = ORIENTED_EDGE('',*,*,#10167,.F.);
#10252 = ORIENTED_EDGE('',*,*,#10151,.F.);
#10253 = FACE_BOUND('',#10254,.T.);
#10254 = EDGE_LOOP('',(#10255,#10256));
#10255 = ORIENTED_EDGE('',*,*,#9869,.T.);
#10256 = ORIENTED_EDGE('',*,*,#10257,.T.);
#10257 = EDGE_CURVE('',#9861,#9870,#10258,.T.);
#10258 = CIRCLE('',#10259,1.);
#10259 = AXIS2_PLACEMENT_3D('',#10260,#10261,#10262);
#10260 = CARTESIAN_POINT('',(0.,-1.951563910474E-15,5.3));
#10261 = DIRECTION('',(-0.,6.054590893736E-18,1.));
#10262 = DIRECTION('',(0.,-1.,6.054590893736E-18));
#10263 = PLANE('',#10264);
#10264 = AXIS2_PLACEMENT_3D('',#10265,#10266,#10267);
#10265 = CARTESIAN_POINT('',(6.982962677686E-15,-1.,5.3));
#10266 = DIRECTION('',(0.,-6.054590893736E-18,-1.));
#10267 = DIRECTION('',(0.,1.,-6.054590893736E-18));
#10268 = ADVANCED_FACE('',(#10269),#10281,.T.);
#10269 = FACE_BOUND('',#10270,.T.);
#10270 = EDGE_LOOP('',(#10271,#10272,#10279,#10280));
#10271 = ORIENTED_EDGE('',*,*,#9860,.F.);
#10272 = ORIENTED_EDGE('',*,*,#10273,.T.);
#10273 = EDGE_CURVE('',#9829,#9837,#10274,.T.);
#10274 = CIRCLE('',#10275,1.75);
#10275 = AXIS2_PLACEMENT_3D('',#10276,#10277,#10278);
#10276 = CARTESIAN_POINT('',(0.,-1.958254233411E-15,4.195));
#10277 = DIRECTION('',(-0.,6.054590893736E-18,1.));
#10278 = DIRECTION('',(0.,-1.,6.054590893736E-18));
#10279 = ORIENTED_EDGE('',*,*,#9878,.T.);
#10280 = ORIENTED_EDGE('',*,*,#10257,.F.);
#10281 = SPHERICAL_SURFACE('',#10282,1.790942933915);
#10282 = AXIS2_PLACEMENT_3D('',#10283,#10284,#10285);
#10283 = CARTESIAN_POINT('',(-9.246394239858E-30,1.347229957728E-15,
    3.814242081448));
#10284 = DIRECTION('',(1.,6.982962677686E-15,-4.227898223962E-32));
#10285 = DIRECTION('',(6.982962677686E-15,-1.,0.));
#10286 = ADVANCED_FACE('',(#10287),#10299,.T.);
#10287 = FACE_BOUND('',#10288,.T.);
#10288 = EDGE_LOOP('',(#10289,#10290,#10297,#10298));
#10289 = ORIENTED_EDGE('',*,*,#9828,.F.);
#10290 = ORIENTED_EDGE('',*,*,#10291,.T.);
#10291 = EDGE_CURVE('',#9820,#9818,#10292,.T.);
#10292 = CIRCLE('',#10293,1.75);
#10293 = AXIS2_PLACEMENT_3D('',#10294,#10295,#10296);
#10294 = CARTESIAN_POINT('',(0.,-1.959434878636E-15,4.));
#10295 = DIRECTION('',(-0.,6.054590893736E-18,1.));
#10296 = DIRECTION('',(0.,-1.,6.054590893736E-18));
#10297 = ORIENTED_EDGE('',*,*,#9845,.T.);
#10298 = ORIENTED_EDGE('',*,*,#10273,.F.);
#10299 = CYLINDRICAL_SURFACE('',#10300,1.75);
#10300 = AXIS2_PLACEMENT_3D('',#10301,#10302,#10303);
#10301 = CARTESIAN_POINT('',(0.,-1.951563910474E-15,5.3));
#10302 = DIRECTION('',(-0.,6.054590893736E-18,1.));
#10303 = DIRECTION('',(0.,-1.,6.054590893736E-18));
#10304 = ADVANCED_FACE('',(#10305,#10325),#10329,.T.);
#10305 = FACE_BOUND('',#10306,.T.);
#10306 = EDGE_LOOP('',(#10307,#10316,#10317,#10318));
#10307 = ORIENTED_EDGE('',*,*,#10308,.F.);
#10308 = EDGE_CURVE('',#9790,#10309,#10311,.T.);
#10309 = VERTEX_POINT('',#10310);
#10310 = CARTESIAN_POINT('',(0.700629269222,0.713525491563,4.));
#10311 = CIRCLE('',#10312,1.);
#10312 = AXIS2_PLACEMENT_3D('',#10313,#10314,#10315);
#10313 = CARTESIAN_POINT('',(0.,-2.006055228518E-15,4.));
#10314 = DIRECTION('',(0.,0.,-1.));
#10315 = DIRECTION('',(-1.,0.,0.));
#10316 = ORIENTED_EDGE('',*,*,#9789,.F.);
#10317 = ORIENTED_EDGE('',*,*,#9718,.F.);
#10318 = ORIENTED_EDGE('',*,*,#10319,.F.);
#10319 = EDGE_CURVE('',#10309,#9711,#10320,.T.);
#10320 = CIRCLE('',#10321,1.);
#10321 = AXIS2_PLACEMENT_3D('',#10322,#10323,#10324);
#10322 = CARTESIAN_POINT('',(0.,-2.006055228518E-15,4.));
#10323 = DIRECTION('',(0.,0.,-1.));
#10324 = DIRECTION('',(-1.,0.,0.));
#10325 = FACE_BOUND('',#10326,.T.);
#10326 = EDGE_LOOP('',(#10327,#10328));
#10327 = ORIENTED_EDGE('',*,*,#9817,.F.);
#10328 = ORIENTED_EDGE('',*,*,#10291,.F.);
#10329 = PLANE('',#10330);
#10330 = AXIS2_PLACEMENT_3D('',#10331,#10332,#10333);
#10331 = CARTESIAN_POINT('',(0.,-1.75,4.));
#10332 = DIRECTION('',(0.,-6.054590893736E-18,-1.));
#10333 = DIRECTION('',(0.,1.,-6.054590893736E-18));
#10334 = ADVANCED_FACE('',(#10335),#10348,.T.);
#10335 = FACE_BOUND('',#10336,.T.);
#10336 = EDGE_LOOP('',(#10337,#10338,#10347));
#10337 = ORIENTED_EDGE('',*,*,#9710,.F.);
#10338 = ORIENTED_EDGE('',*,*,#10339,.T.);
#10339 = EDGE_CURVE('',#9688,#10309,#10340,.T.);
#10340 = B_SPLINE_CURVE_WITH_KNOTS('',3,(#10341,#10342,#10343,#10344,
    #10345,#10346),.UNSPECIFIED.,.F.,.F.,(4,2,4),(4.813338429654E-03,
    5.203454151198E-03,5.593569872742E-03),.UNSPECIFIED.);
#10341 = CARTESIAN_POINT('',(0.968301270189,7.493878991044E-13,
    3.968301270189));
#10342 = CARTESIAN_POINT('',(0.974033084321,0.131317317854,
    3.974033084321));
#10343 = CARTESIAN_POINT('',(0.952988065829,0.261618098555,
    3.979615724567));
#10344 = CARTESIAN_POINT('',(0.860935628205,0.505679058133,
    3.989918254434));
#10345 = CARTESIAN_POINT('',(0.790586704497,0.617660456238,
    3.994624665684));
#10346 = CARTESIAN_POINT('',(0.700629269222,0.713525491563,4.));
#10347 = ORIENTED_EDGE('',*,*,#10319,.T.);
#10348 = CONICAL_SURFACE('',#10349,1.,0.785398163397);
#10349 = AXIS2_PLACEMENT_3D('',#10350,#10351,#10352);
#10350 = CARTESIAN_POINT('',(0.,-2.006055228518E-15,4.));
#10351 = DIRECTION('',(-0.,-0.,1.));
#10352 = DIRECTION('',(-1.,0.,0.));
#10353 = ADVANCED_FACE('',(#10354),#10366,.T.);
#10354 = FACE_BOUND('',#10355,.T.);
#10355 = EDGE_LOOP('',(#10356,#10357,#10365));
#10356 = ORIENTED_EDGE('',*,*,#9648,.F.);
#10357 = ORIENTED_EDGE('',*,*,#10358,.T.);
#10358 = EDGE_CURVE('',#9635,#9767,#10359,.T.);
#10359 = ( BOUNDED_CURVE() B_SPLINE_CURVE(2,(#10360,#10361,#10362,#10363
,#10364),.UNSPECIFIED.,.F.,.F.) B_SPLINE_CURVE_WITH_KNOTS((3,2,3),(0.79,
0.793333333333,0.794090668743),.UNSPECIFIED.) CURVE() 
GEOMETRIC_REPRESENTATION_ITEM() RATIONAL_B_SPLINE_CURVE((0.933012701892,
    0.933012701892,1.,0.984780444153,0.973018780873)) 
REPRESENTATION_ITEM('') );
#10360 = CARTESIAN_POINT('',(0.740192378865,-5.519710834442E-15,3.7));
#10361 = CARTESIAN_POINT('',(0.740192378865,0.19833395016,3.717863279495
    ));
#10362 = CARTESIAN_POINT('',(0.641025403784,0.370096189432,
    3.733333333333));
#10363 = CARTESIAN_POINT('',(0.619678999818,0.407069245662,
    3.736663373585));
#10364 = CARTESIAN_POINT('',(0.59422323193,0.441342846734,3.740192378865
    ));
#10365 = ORIENTED_EDGE('',*,*,#9766,.F.);
#10366 = CYLINDRICAL_SURFACE('',#10367,0.740192378865);
#10367 = AXIS2_PLACEMENT_3D('',#10368,#10369,#10370);
#10368 = CARTESIAN_POINT('',(0.,-2.006055228518E-15,-4.));
#10369 = DIRECTION('',(-0.,-0.,1.));
#10370 = DIRECTION('',(1.,0.,0.));
#10371 = ADVANCED_FACE('',(#10372),#10474,.T.);
#10372 = FACE_BOUND('',#10373,.T.);
#10373 = EDGE_LOOP('',(#10374,#10375,#10376,#10377,#10378,#10379,#10380,
    #10381,#10382,#10383,#10384,#10385,#10386,#10387,#10388,#10389,
    #10390,#10391,#10392,#10393,#10394,#10395,#10396,#10397,#10398,
    #10399,#10400,#10401,#10402,#10403,#10404,#10405,#10406,#10407,
    #10408,#10409,#10410,#10411,#10412,#10413,#10414,#10415,#10416,
    #10417,#10424,#10425,#10426,#10427,#10428,#10429,#10430,#10431,
    #10432,#10433,#10434,#10435,#10436,#10437,#10438,#10439,#10440,
    #10441,#10442,#10443,#10444,#10445,#10446,#10447,#10448,#10449,
    #10450,#10451,#10452,#10453,#10454,#10455,#10456,#10457,#10458,
    #10459,#10460,#10461,#10462,#10472,#10473));
#10374 = ORIENTED_EDGE('',*,*,#9775,.F.);
#10375 = ORIENTED_EDGE('',*,*,#10358,.F.);
#10376 = ORIENTED_EDGE('',*,*,#9634,.F.);
#10377 = ORIENTED_EDGE('',*,*,#8940,.F.);
#10378 = ORIENTED_EDGE('',*,*,#9600,.F.);
#10379 = ORIENTED_EDGE('',*,*,#8888,.F.);
#10380 = ORIENTED_EDGE('',*,*,#9566,.F.);
#10381 = ORIENTED_EDGE('',*,*,#8836,.F.);
#10382 = ORIENTED_EDGE('',*,*,#9532,.F.);
#10383 = ORIENTED_EDGE('',*,*,#8784,.F.);
#10384 = ORIENTED_EDGE('',*,*,#9498,.F.);
#10385 = ORIENTED_EDGE('',*,*,#8732,.F.);
#10386 = ORIENTED_EDGE('',*,*,#9464,.F.);
#10387 = ORIENTED_EDGE('',*,*,#8680,.F.);
#10388 = ORIENTED_EDGE('',*,*,#9430,.F.);
#10389 = ORIENTED_EDGE('',*,*,#8628,.F.);
#10390 = ORIENTED_EDGE('',*,*,#9396,.F.);
#10391 = ORIENTED_EDGE('',*,*,#8576,.F.);
#10392 = ORIENTED_EDGE('',*,*,#9362,.F.);
#10393 = ORIENTED_EDGE('',*,*,#8524,.F.);
#10394 = ORIENTED_EDGE('',*,*,#9328,.F.);
#10395 = ORIENTED_EDGE('',*,*,#8472,.F.);
#10396 = ORIENTED_EDGE('',*,*,#9294,.F.);
#10397 = ORIENTED_EDGE('',*,*,#8420,.F.);
#10398 = ORIENTED_EDGE('',*,*,#9260,.F.);
#10399 = ORIENTED_EDGE('',*,*,#8368,.F.);
#10400 = ORIENTED_EDGE('',*,*,#9226,.F.);
#10401 = ORIENTED_EDGE('',*,*,#8316,.F.);
#10402 = ORIENTED_EDGE('',*,*,#9192,.F.);
#10403 = ORIENTED_EDGE('',*,*,#8264,.F.);
#10404 = ORIENTED_EDGE('',*,*,#9158,.F.);
#10405 = ORIENTED_EDGE('',*,*,#8212,.F.);
#10406 = ORIENTED_EDGE('',*,*,#9124,.F.);
#10407 = ORIENTED_EDGE('',*,*,#8160,.F.);
#10408 = ORIENTED_EDGE('',*,*,#9090,.F.);
#10409 = ORIENTED_EDGE('',*,*,#8108,.F.);
#10410 = ORIENTED_EDGE('',*,*,#9056,.F.);
#10411 = ORIENTED_EDGE('',*,*,#8056,.F.);
#10412 = ORIENTED_EDGE('',*,*,#9022,.F.);
#10413 = ORIENTED_EDGE('',*,*,#8004,.F.);
#10414 = ORIENTED_EDGE('',*,*,#8992,.F.);
#10415 = ORIENTED_EDGE('',*,*,#7904,.T.);
#10416 = ORIENTED_EDGE('',*,*,#7977,.T.);
#10417 = ORIENTED_EDGE('',*,*,#10418,.T.);
#10418 = EDGE_CURVE('',#7970,#6416,#10419,.T.);
#10419 = B_SPLINE_CURVE_WITH_KNOTS('',3,(#10420,#10421,#10422,#10423),
  .UNSPECIFIED.,.F.,.F.,(4,4),(4.826357599475E-03,5.588754383915E-03),
  .PIECEWISE_BEZIER_KNOTS.);
#10420 = CARTESIAN_POINT('',(-1.185827051148E-16,-0.968301270189,
    -3.731698729811));
#10421 = CARTESIAN_POINT('',(0.255920746626,-0.977975273261,
    -3.722024726739));
#10422 = CARTESIAN_POINT('',(0.510150147667,-0.885842684249,
    -3.71050253812));
#10423 = CARTESIAN_POINT('',(0.700629269222,-0.713525491562,-3.7));
#10424 = ORIENTED_EDGE('',*,*,#6415,.T.);
#10425 = ORIENTED_EDGE('',*,*,#7318,.T.);
#10426 = ORIENTED_EDGE('',*,*,#6464,.T.);
#10427 = ORIENTED_EDGE('',*,*,#7348,.T.);
#10428 = ORIENTED_EDGE('',*,*,#6512,.T.);
#10429 = ORIENTED_EDGE('',*,*,#7378,.T.);
#10430 = ORIENTED_EDGE('',*,*,#6560,.T.);
#10431 = ORIENTED_EDGE('',*,*,#7408,.T.);
#10432 = ORIENTED_EDGE('',*,*,#6608,.T.);
#10433 = ORIENTED_EDGE('',*,*,#7438,.T.);
#10434 = ORIENTED_EDGE('',*,*,#6656,.T.);
#10435 = ORIENTED_EDGE('',*,*,#7468,.T.);
#10436 = ORIENTED_EDGE('',*,*,#6704,.T.);
#10437 = ORIENTED_EDGE('',*,*,#7498,.T.);
#10438 = ORIENTED_EDGE('',*,*,#6752,.T.);
#10439 = ORIENTED_EDGE('',*,*,#7528,.T.);
#10440 = ORIENTED_EDGE('',*,*,#6800,.T.);
#10441 = ORIENTED_EDGE('',*,*,#7558,.T.);
#10442 = ORIENTED_EDGE('',*,*,#6848,.T.);
#10443 = ORIENTED_EDGE('',*,*,#7588,.T.);
#10444 = ORIENTED_EDGE('',*,*,#6896,.T.);
#10445 = ORIENTED_EDGE('',*,*,#7618,.T.);
#10446 = ORIENTED_EDGE('',*,*,#6944,.T.);
#10447 = ORIENTED_EDGE('',*,*,#7648,.T.);
#10448 = ORIENTED_EDGE('',*,*,#6992,.T.);
#10449 = ORIENTED_EDGE('',*,*,#7678,.T.);
#10450 = ORIENTED_EDGE('',*,*,#7040,.T.);
#10451 = ORIENTED_EDGE('',*,*,#7708,.T.);
#10452 = ORIENTED_EDGE('',*,*,#7088,.T.);
#10453 = ORIENTED_EDGE('',*,*,#7738,.T.);
#10454 = ORIENTED_EDGE('',*,*,#7136,.T.);
#10455 = ORIENTED_EDGE('',*,*,#7768,.T.);
#10456 = ORIENTED_EDGE('',*,*,#7184,.T.);
#10457 = ORIENTED_EDGE('',*,*,#7798,.T.);
#10458 = ORIENTED_EDGE('',*,*,#7232,.T.);
#10459 = ORIENTED_EDGE('',*,*,#7828,.T.);
#10460 = ORIENTED_EDGE('',*,*,#7280,.T.);
#10461 = ORIENTED_EDGE('',*,*,#7867,.T.);
#10462 = ORIENTED_EDGE('',*,*,#10463,.T.);
#10463 = EDGE_CURVE('',#7860,#10309,#10464,.T.);
#10464 = ( BOUNDED_CURVE() B_SPLINE_CURVE(2,(#10465,#10466,#10467,#10468
    ,#10469,#10470,#10471),.UNSPECIFIED.,.F.,.F.) 
B_SPLINE_CURVE_WITH_KNOTS((3,2,2,3),(0.82,0.826666666667,0.833333333333,
0.835086557982),.UNSPECIFIED.) CURVE() GEOMETRIC_REPRESENTATION_ITEM() 
RATIONAL_B_SPLINE_CURVE((1.,0.866025403784,1.,0.866025403784,1.,
0.96476686534,0.948065210723)) REPRESENTATION_ITEM('') );
#10465 = CARTESIAN_POINT('',(-1.224646799147E-16,-1.,3.85));
#10466 = CARTESIAN_POINT('',(0.57735026919,-1.,3.883333333333));
#10467 = CARTESIAN_POINT('',(0.866025403784,-0.5,3.916666666667));
#10468 = CARTESIAN_POINT('',(1.154700538379,-2.218170276263E-15,3.95));
#10469 = CARTESIAN_POINT('',(0.866025403784,0.5,3.983333333333));
#10470 = CARTESIAN_POINT('',(0.797878448606,0.61803398875,3.991202265917
    ));
#10471 = CARTESIAN_POINT('',(0.700629269222,0.713525491563,4.));
#10472 = ORIENTED_EDGE('',*,*,#10339,.F.);
#10473 = ORIENTED_EDGE('',*,*,#9685,.F.);
#10474 = ( BOUNDED_SURFACE() B_SPLINE_SURFACE(1,2,(
    (#10475,#10476,#10477,#10478,#10479,#10480,#10481,#10482,#10483
      ,#10484,#10485,#10486,#10487,#10488,#10489,#10490,#10491,#10492
      ,#10493,#10494,#10495,#10496,#10497,#10498,#10499,#10500,#10501
      ,#10502,#10503,#10504,#10505,#10506,#10507,#10508,#10509,#10510
      ,#10511,#10512,#10513,#10514,#10515,#10516,#10517,#10518,#10519
      ,#10520,#10521,#10522,#10523,#10524,#10525,#10526,#10527,#10528
      ,#10529,#10530,#10531,#10532,#10533,#10534,#10535,#10536,#10537
      ,#10538,#10539,#10540,#10541,#10542,#10543,#10544,#10545,#10546
      ,#10547,#10548,#10549,#10550,#10551,#10552,#10553,#10554,#10555
      ,#10556,#10557,#10558,#10559,#10560,#10561,#10562,#10563,#10564
      ,#10565,#10566,#10567,#10568,#10569,#10570,#10571,#10572,#10573
      ,#10574,#10575,#10576,#10577,#10578,#10579,#10580,#10581,#10582
      ,#10583,#10584,#10585,#10586,#10587,#10588,#10589,#10590,#10591
      ,#10592,#10593,#10594,#10595,#10596,#10597,#10598,#10599,#10600
      ,#10601,#10602,#10603,#10604,#10605,#10606,#10607,#10608,#10609
      ,#10610,#10611,#10612,#10613,#10614,#10615,#10616,#10617,#10618
      ,#10619,#10620,#10621,#10622,#10623,#10624,#10625,#10626,#10627
      ,#10628,#10629,#10630,#10631,#10632,#10633,#10634,#10635,#10636
      ,#10637,#10638,#10639,#10640,#10641,#10642,#10643,#10644,#10645
      ,#10646,#10647,#10648,#10649,#10650,#10651,#10652,#10653,#10654
      ,#10655,#10656,#10657,#10658,#10659,#10660,#10661,#10662,#10663
      ,#10664,#10665,#10666,#10667,#10668,#10669,#10670,#10671,#10672
      ,#10673,#10674,#10675,#10676,#10677,#10678,#10679,#10680,#10681
      ,#10682,#10683,#10684,#10685,#10686,#10687,#10688,#10689,#10690
      ,#10691,#10692,#10693,#10694,#10695,#10696,#10697,#10698,#10699
      ,#10700,#10701,#10702,#10703,#10704,#10705,#10706,#10707,#10708
      ,#10709,#10710,#10711,#10712,#10713,#10714,#10715,#10716,#10717
      ,#10718,#10719,#10720,#10721,#10722,#10723,#10724,#10725,#10726
      ,#10727,#10728,#10729,#10730,#10731,#10732,#10733,#10734,#10735
      ,#10736,#10737,#10738,#10739,#10740,#10741,#10742,#10743,#10744
      ,#10745,#10746,#10747,#10748,#10749,#10750,#10751,#10752,#10753
      ,#10754,#10755,#10756,#10757,#10758,#10759,#10760,#10761,#10762
      ,#10763,#10764,#10765,#10766,#10767,#10768,#10769,#10770,#10771
      ,#10772,#10773,#10774,#10775)
    ,(#10776,#10777,#10778,#10779,#10780,#10781,#10782,#10783,#10784
      ,#10785,#10786,#10787,#10788,#10789,#10790,#10791,#10792,#10793
      ,#10794,#10795,#10796,#10797,#10798,#10799,#10800,#10801,#10802
      ,#10803,#10804,#10805,#10806,#10807,#10808,#10809,#10810,#10811
      ,#10812,#10813,#10814,#10815,#10816,#10817,#10818,#10819,#10820
      ,#10821,#10822,#10823,#10824,#10825,#10826,#10827,#10828,#10829
      ,#10830,#10831,#10832,#10833,#10834,#10835,#10836,#10837,#10838
      ,#10839,#10840,#10841,#10842,#10843,#10844,#10845,#10846,#10847
      ,#10848,#10849,#10850,#10851,#10852,#10853,#10854,#10855,#10856
      ,#10857,#10858,#10859,#10860,#10861,#10862,#10863,#10864,#10865
      ,#10866,#10867,#10868,#10869,#10870,#10871,#10872,#10873,#10874
      ,#10875,#10876,#10877,#10878,#10879,#10880,#10881,#10882,#10883
      ,#10884,#10885,#10886,#10887,#10888,#10889,#10890,#10891,#10892
      ,#10893,#10894,#10895,#10896,#10897,#10898,#10899,#10900,#10901
      ,#10902,#10903,#10904,#10905,#10906,#10907,#10908,#10909,#10910
      ,#10911,#10912,#10913,#10914,#10915,#10916,#10917,#10918,#10919
      ,#10920,#10921,#10922,#10923,#10924,#10925,#10926,#10927,#10928
      ,#10929,#10930,#10931,#10932,#10933,#10934,#10935,#10936,#10937
      ,#10938,#10939,#10940,#10941,#10942,#10943,#10944,#10945,#10946
      ,#10947,#10948,#10949,#10950,#10951,#10952,#10953,#10954,#10955
      ,#10956,#10957,#10958,#10959,#10960,#10961,#10962,#10963,#10964
      ,#10965,#10966,#10967,#10968,#10969,#10970,#10971,#10972,#10973
      ,#10974,#10975,#10976,#10977,#10978,#10979,#10980,#10981,#10982
      ,#10983,#10984,#10985,#10986,#10987,#10988,#10989,#10990,#10991
      ,#10992,#10993,#10994,#10995,#10996,#10997,#10998,#10999,#11000
      ,#11001,#11002,#11003,#11004,#11005,#11006,#11007,#11008,#11009
      ,#11010,#11011,#11012,#11013,#11014,#11015,#11016,#11017,#11018
      ,#11019,#11020,#11021,#11022,#11023,#11024,#11025,#11026,#11027
      ,#11028,#11029,#11030,#11031,#11032,#11033,#11034,#11035,#11036
      ,#11037,#11038,#11039,#11040,#11041,#11042,#11043,#11044,#11045
      ,#11046,#11047,#11048,#11049,#11050,#11051,#11052,#11053,#11054
      ,#11055,#11056,#11057,#11058,#11059,#11060,#11061,#11062,#11063
      ,#11064,#11065,#11066,#11067,#11068,#11069,#11070,#11071,#11072
      ,#11073,#11074,#11075,#11076
)),.UNSPECIFIED.,.F.,.F.,.F.) B_SPLINE_SURFACE_WITH_KNOTS((2,2),(3,2,2,2
    ,2,2,2,2,2,2,2,2,2,2,2,2,2,2,2,2,2,2,2,2,2,2,2,2,2,2,2,2,2,2,2,2,2,2
    ,2,2,2,2,2,2,2,2,2,2,2,2,2,2,2,2,2,2,2,2,2,2,2,2,2,2,2,2,2,2,2,2,2,2
    ,2,2,2,2,2,2,2,2,2,2,2,2,2,2,2,2,2,2,2,2,2,2,2,2,2,2,2,2,2,2,2,2,2,2
    ,2,2,2,2,2,2,2,2,2,2,2,2,2,2,2,2,2,2,2,2,2,2,2,2,2,2,2,2,2,2,2,2,2,2
    ,2,2,2,2,2,2,2,2,2,2,3),(0.,1.),(0.,6.666666666667E-03,
    1.333333333333E-02,2.E-02,2.666666666667E-02,3.333333333333E-02,
    4.E-02,4.666666666667E-02,5.333333333333E-02,6.E-02,
    6.666666666667E-02,7.333333333333E-02,8.E-02,8.666666666667E-02,
    9.333333333333E-02,0.1,0.106666666667,0.113333333333,0.12,
    0.126666666667,0.133333333333,0.14,0.146666666667,0.153333333333,
    0.16,0.166666666667,0.173333333333,0.18,0.186666666667,
    0.193333333333,0.2,0.206666666667,0.213333333333,0.22,0.226666666667
    ,0.233333333333,0.24,0.246666666667,0.253333333333,0.26,
    0.266666666667,0.273333333333,0.28,0.286666666667,0.293333333333,0.3
    ,0.306666666667,0.313333333333,0.32,0.326666666667,0.333333333333,
    0.34,0.346666666667,0.353333333333,0.36,0.366666666667,
    0.373333333333,0.38,0.386666666667,0.393333333333,0.4,0.406666666667
    ,0.413333333333,0.42,0.426666666667,0.433333333333,0.44,
    0.446666666667,0.453333333333,0.46,0.466666666667,0.473333333333,
    0.48,0.486666666667,0.493333333333,0.5,0.506666666667,0.513333333333
    ,0.52,0.526666666667,0.533333333333,0.54,0.546666666667,
    0.553333333333,0.56,0.566666666667,0.573333333333,0.58,
    0.586666666667,0.593333333333,0.6,0.606666666667,0.613333333333,0.62
    ,0.626666666667,0.633333333333,0.64,0.646666666667,0.653333333333,
    0.66,0.666666666667,0.673333333333,0.68,0.686666666667,
    0.693333333333,0.7,0.706666666667,0.713333333333,0.72,0.726666666667
    ,0.733333333333,0.74,0.746666666667,0.753333333333,0.76,
    0.766666666667,0.773333333333,0.78,0.786666666667,0.793333333333,0.8
    ,0.806666666667,0.813333333333,0.82,0.826666666667,0.833333333333,
    0.84,0.846666666667,0.853333333333,0.86,0.866666666667,
    0.873333333333,0.88,0.886666666667,0.893333333333,0.9,0.906666666667
    ,0.913333333333,0.92,0.926666666667,0.933333333333,0.94,
    0.946666666667,0.953333333333,0.96,0.966666666667,0.973333333333,
    0.98,0.986666666667,0.993333333333,1.),.PIECEWISE_BEZIER_KNOTS.) 
GEOMETRIC_REPRESENTATION_ITEM() RATIONAL_B_SPLINE_SURFACE((
    (1.,0.866025403784,1.,0.866025403784,1.,0.866025403784,1.
      ,0.866025403784,1.,0.866025403784,1.,0.866025403784,1.
      ,0.866025403784,1.,0.866025403784,1.,0.866025403784,1.
      ,0.866025403784,1.,0.866025403784,1.,0.866025403784,1.
      ,0.866025403784,1.,0.866025403784,1.,0.866025403784,1.
      ,0.866025403784,1.,0.866025403784,1.,0.866025403784,1.
      ,0.866025403784,1.,0.866025403784,1.,0.866025403784,1.
      ,0.866025403784,1.,0.866025403784,1.,0.866025403784,1.
      ,0.866025403784,1.,0.866025403784,1.,0.866025403784,1.
      ,0.866025403784,1.,0.866025403784,1.,0.866025403784,1.
      ,0.866025403784,1.,0.866025403784,1.,0.866025403784,1.
      ,0.866025403784,1.,0.866025403784,1.,0.866025403784,1.
      ,0.866025403784,1.,0.866025403784,1.,0.866025403784,1.
      ,0.866025403784,1.,0.866025403784,1.,0.866025403784,1.
      ,0.866025403784,1.,0.866025403784,1.,0.866025403784,1.
      ,0.866025403784,1.,0.866025403784,1.,0.866025403784,1.
      ,0.866025403784,1.,0.866025403784,1.,0.866025403784,1.
      ,0.866025403784,1.,0.866025403784,1.,0.866025403784,1.
      ,0.866025403784,1.,0.866025403784,1.,0.866025403784,1.
      ,0.866025403784,1.,0.866025403784,1.,0.866025403784,1.
      ,0.866025403784,1.,0.866025403784,1.,0.866025403784,1.
      ,0.866025403784,1.,0.866025403784,1.,0.866025403784,1.
      ,0.866025403784,1.,0.866025403784,1.,0.866025403784,1.
      ,0.866025403784,1.,0.866025403784,1.,0.866025403784,1.
      ,0.866025403784,1.,0.866025403784,1.,0.866025403784,1.
      ,0.866025403784,1.,0.866025403784,1.,0.866025403784,1.
      ,0.866025403784,1.,0.866025403784,1.,0.866025403784,1.
      ,0.866025403784,1.,0.866025403784,1.,0.866025403784,1.
      ,0.866025403784,1.,0.866025403784,1.,0.866025403784,1.
      ,0.866025403784,1.,0.866025403784,1.,0.866025403784,1.
      ,0.866025403784,1.,0.866025403784,1.,0.866025403784,1.
      ,0.866025403784,1.,0.866025403784,1.,0.866025403784,1.
      ,0.866025403784,1.,0.866025403784,1.,0.866025403784,1.
      ,0.866025403784,1.,0.866025403784,1.,0.866025403784,1.
      ,0.866025403784,1.,0.866025403784,1.,0.866025403784,1.
      ,0.866025403784,1.,0.866025403784,1.,0.866025403784,1.
      ,0.866025403784,1.,0.866025403784,1.,0.866025403784,1.
      ,0.866025403784,1.,0.866025403784,1.,0.866025403784,1.
      ,0.866025403784,1.,0.866025403784,1.,0.866025403784,1.
      ,0.866025403784,1.,0.866025403784,1.,0.866025403784,1.
      ,0.866025403784,1.,0.866025403784,1.,0.866025403784,1.
      ,0.866025403784,1.,0.866025403784,1.,0.866025403784,1.
      ,0.866025403784,1.,0.866025403784,1.,0.866025403784,1.
      ,0.866025403784,1.,0.866025403784,1.,0.866025403784,1.
      ,0.866025403784,1.,0.866025403784,1.,0.866025403784,1.
      ,0.866025403784,1.,0.866025403784,1.,0.866025403784,1.
      ,0.866025403784,1.,0.866025403784,1.,0.866025403784,1.
      ,0.866025403784,1.,0.866025403784,1.,0.866025403784,1.
      ,0.866025403784,1.,0.866025403784,1.,0.866025403784,1.
      ,0.866025403784,1.,0.866025403784,1.,0.866025403784,1.)
    ,(1.,0.866025403784,1.,0.866025403784,1.,0.866025403784,1.
      ,0.866025403784,1.,0.866025403784,1.,0.866025403784,1.
      ,0.866025403784,1.,0.866025403784,1.,0.866025403784,1.
      ,0.866025403784,1.,0.866025403784,1.,0.866025403784,1.
      ,0.866025403784,1.,0.866025403784,1.,0.866025403784,1.
      ,0.866025403784,1.,0.866025403784,1.,0.866025403784,1.
      ,0.866025403784,1.,0.866025403784,1.,0.866025403784,1.
      ,0.866025403784,1.,0.866025403784,1.,0.866025403784,1.
      ,0.866025403784,1.,0.866025403784,1.,0.866025403784,1.
      ,0.866025403784,1.,0.866025403784,1.,0.866025403784,1.
      ,0.866025403784,1.,0.866025403784,1.,0.866025403784,1.
      ,0.866025403784,1.,0.866025403784,1.,0.866025403784,1.
      ,0.866025403784,1.,0.866025403784,1.,0.866025403784,1.
      ,0.866025403784,1.,0.866025403784,1.,0.866025403784,1.
      ,0.866025403784,1.,0.866025403784,1.,0.866025403784,1.
      ,0.866025403784,1.,0.866025403784,1.,0.866025403784,1.
      ,0.866025403784,1.,0.866025403784,1.,0.866025403784,1.
      ,0.866025403784,1.,0.866025403784,1.,0.866025403784,1.
      ,0.866025403784,1.,0.866025403784,1.,0.866025403784,1.
      ,0.866025403784,1.,0.866025403784,1.,0.866025403784,1.
      ,0.866025403784,1.,0.866025403784,1.,0.866025403784,1.
      ,0.866025403784,1.,0.866025403784,1.,0.866025403784,1.
      ,0.866025403784,1.,0.866025403784,1.,0.866025403784,1.
      ,0.866025403784,1.,0.866025403784,1.,0.866025403784,1.
      ,0.866025403784,1.,0.866025403784,1.,0.866025403784,1.
      ,0.866025403784,1.,0.866025403784,1.,0.866025403784,1.
      ,0.866025403784,1.,0.866025403784,1.,0.866025403784,1.
      ,0.866025403784,1.,0.866025403784,1.,0.866025403784,1.
      ,0.866025403784,1.,0.866025403784,1.,0.866025403784,1.
      ,0.866025403784,1.,0.866025403784,1.,0.866025403784,1.
      ,0.866025403784,1.,0.866025403784,1.,0.866025403784,1.
      ,0.866025403784,1.,0.866025403784,1.,0.866025403784,1.
      ,0.866025403784,1.,0.866025403784,1.,0.866025403784,1.
      ,0.866025403784,1.,0.866025403784,1.,0.866025403784,1.
      ,0.866025403784,1.,0.866025403784,1.,0.866025403784,1.
      ,0.866025403784,1.,0.866025403784,1.,0.866025403784,1.
      ,0.866025403784,1.,0.866025403784,1.,0.866025403784,1.
      ,0.866025403784,1.,0.866025403784,1.,0.866025403784,1.
      ,0.866025403784,1.,0.866025403784,1.,0.866025403784,1.
      ,0.866025403784,1.,0.866025403784,1.,0.866025403784,1.
      ,0.866025403784,1.,0.866025403784,1.,0.866025403784,1.
      ,0.866025403784,1.,0.866025403784,1.,0.866025403784,1.
      ,0.866025403784,1.,0.866025403784,1.,0.866025403784,1.
      ,0.866025403784,1.,0.866025403784,1.,0.866025403784,1.
      ,0.866025403784,1.,0.866025403784,1.,0.866025403784,1.
      ,0.866025403784,1.,0.866025403784,1.,0.866025403784,1.
      ,0.866025403784,1.,0.866025403784,1.,0.866025403784,1.
      ,0.866025403784,1.,0.866025403784,1.,0.866025403784,1.
      ,0.866025403784,1.,0.866025403784,1.,0.866025403784,1.
      ,0.866025403784,1.,0.866025403784,1.,0.866025403784,1.
))) REPRESENTATION_ITEM('') SURFACE() );
#10475 = CARTESIAN_POINT('',(0.,0.740192378865,-4.2));
#10476 = CARTESIAN_POINT('',(-0.42735026919,0.740192378865,
    -4.166666666667));
#10477 = CARTESIAN_POINT('',(-0.641025403784,0.370096189432,
    -4.133333333333));
#10478 = CARTESIAN_POINT('',(-0.854700538379,-1.95371991459E-15,-4.1));
#10479 = CARTESIAN_POINT('',(-0.641025403784,-0.370096189432,
    -4.066666666667));
#10480 = CARTESIAN_POINT('',(-0.42735026919,-0.740192378865,
    -4.033333333333));
#10481 = CARTESIAN_POINT('',(-9.064742275299E-17,-0.740192378865,-4.));
#10482 = CARTESIAN_POINT('',(0.42735026919,-0.740192378865,
    -3.966666666667));
#10483 = CARTESIAN_POINT('',(0.641025403784,-0.370096189432,
    -3.933333333333));
#10484 = CARTESIAN_POINT('',(0.854700538379,-2.163061170301E-15,-3.9));
#10485 = CARTESIAN_POINT('',(0.641025403784,0.370096189432,
    -3.866666666667));
#10486 = CARTESIAN_POINT('',(0.42735026919,0.740192378865,
    -3.833333333333));
#10487 = CARTESIAN_POINT('',(0.,0.740192378865,-3.8));
#10488 = CARTESIAN_POINT('',(-0.42735026919,0.740192378865,
    -3.766666666667));
#10489 = CARTESIAN_POINT('',(-0.641025403784,0.370096189432,
    -3.733333333333));
#10490 = CARTESIAN_POINT('',(-0.854700538379,-1.95371991459E-15,-3.7));
#10491 = CARTESIAN_POINT('',(-0.641025403784,-0.370096189432,
    -3.666666666667));
#10492 = CARTESIAN_POINT('',(-0.42735026919,-0.740192378865,
    -3.633333333333));
#10493 = CARTESIAN_POINT('',(-9.064742275299E-17,-0.740192378865,-3.6));
#10494 = CARTESIAN_POINT('',(0.42735026919,-0.740192378865,
    -3.566666666667));
#10495 = CARTESIAN_POINT('',(0.641025403784,-0.370096189432,
    -3.533333333333));
#10496 = CARTESIAN_POINT('',(0.854700538379,-2.163061170301E-15,-3.5));
#10497 = CARTESIAN_POINT('',(0.641025403784,0.370096189432,
    -3.466666666667));
#10498 = CARTESIAN_POINT('',(0.42735026919,0.740192378865,
    -3.433333333333));
#10499 = CARTESIAN_POINT('',(0.,0.740192378865,-3.4));
#10500 = CARTESIAN_POINT('',(-0.42735026919,0.740192378865,
    -3.366666666667));
#10501 = CARTESIAN_POINT('',(-0.641025403784,0.370096189432,
    -3.333333333333));
#10502 = CARTESIAN_POINT('',(-0.854700538379,-1.95371991459E-15,-3.3));
#10503 = CARTESIAN_POINT('',(-0.641025403784,-0.370096189432,
    -3.266666666667));
#10504 = CARTESIAN_POINT('',(-0.42735026919,-0.740192378865,
    -3.233333333333));
#10505 = CARTESIAN_POINT('',(-9.064742275299E-17,-0.740192378865,-3.2));
#10506 = CARTESIAN_POINT('',(0.42735026919,-0.740192378865,
    -3.166666666667));
#10507 = CARTESIAN_POINT('',(0.641025403784,-0.370096189432,
    -3.133333333333));
#10508 = CARTESIAN_POINT('',(0.854700538379,-2.163061170301E-15,-3.1));
#10509 = CARTESIAN_POINT('',(0.641025403784,0.370096189432,
    -3.066666666667));
#10510 = CARTESIAN_POINT('',(0.42735026919,0.740192378865,
    -3.033333333333));
#10511 = CARTESIAN_POINT('',(0.,0.740192378865,-3.));
#10512 = CARTESIAN_POINT('',(-0.42735026919,0.740192378865,
    -2.966666666667));
#10513 = CARTESIAN_POINT('',(-0.641025403784,0.370096189432,
    -2.933333333333));
#10514 = CARTESIAN_POINT('',(-0.854700538379,-1.95371991459E-15,-2.9));
#10515 = CARTESIAN_POINT('',(-0.641025403784,-0.370096189432,
    -2.866666666667));
#10516 = CARTESIAN_POINT('',(-0.42735026919,-0.740192378865,
    -2.833333333333));
#10517 = CARTESIAN_POINT('',(-9.064742275299E-17,-0.740192378865,-2.8));
#10518 = CARTESIAN_POINT('',(0.42735026919,-0.740192378865,
    -2.766666666667));
#10519 = CARTESIAN_POINT('',(0.641025403784,-0.370096189432,
    -2.733333333333));
#10520 = CARTESIAN_POINT('',(0.854700538379,-2.163061170301E-15,-2.7));
#10521 = CARTESIAN_POINT('',(0.641025403784,0.370096189432,
    -2.666666666667));
#10522 = CARTESIAN_POINT('',(0.42735026919,0.740192378865,
    -2.633333333333));
#10523 = CARTESIAN_POINT('',(0.,0.740192378865,-2.6));
#10524 = CARTESIAN_POINT('',(-0.42735026919,0.740192378865,
    -2.566666666667));
#10525 = CARTESIAN_POINT('',(-0.641025403784,0.370096189432,
    -2.533333333333));
#10526 = CARTESIAN_POINT('',(-0.854700538379,-1.95371991459E-15,-2.5));
#10527 = CARTESIAN_POINT('',(-0.641025403784,-0.370096189432,
    -2.466666666667));
#10528 = CARTESIAN_POINT('',(-0.42735026919,-0.740192378865,
    -2.433333333333));
#10529 = CARTESIAN_POINT('',(-9.064742275299E-17,-0.740192378865,-2.4));
#10530 = CARTESIAN_POINT('',(0.42735026919,-0.740192378865,
    -2.366666666667));
#10531 = CARTESIAN_POINT('',(0.641025403784,-0.370096189432,
    -2.333333333333));
#10532 = CARTESIAN_POINT('',(0.854700538379,-2.163061170301E-15,-2.3));
#10533 = CARTESIAN_POINT('',(0.641025403784,0.370096189432,
    -2.266666666667));
#10534 = CARTESIAN_POINT('',(0.42735026919,0.740192378865,
    -2.233333333333));
#10535 = CARTESIAN_POINT('',(0.,0.740192378865,-2.2));
#10536 = CARTESIAN_POINT('',(-0.42735026919,0.740192378865,
    -2.166666666667));
#10537 = CARTESIAN_POINT('',(-0.641025403784,0.370096189432,
    -2.133333333333));
#10538 = CARTESIAN_POINT('',(-0.854700538379,-1.95371991459E-15,-2.1));
#10539 = CARTESIAN_POINT('',(-0.641025403784,-0.370096189432,
    -2.066666666667));
#10540 = CARTESIAN_POINT('',(-0.42735026919,-0.740192378865,
    -2.033333333333));
#10541 = CARTESIAN_POINT('',(-9.064742275299E-17,-0.740192378865,-2.));
#10542 = CARTESIAN_POINT('',(0.42735026919,-0.740192378865,
    -1.966666666667));
#10543 = CARTESIAN_POINT('',(0.641025403784,-0.370096189432,
    -1.933333333333));
#10544 = CARTESIAN_POINT('',(0.854700538379,-2.163061170301E-15,-1.9));
#10545 = CARTESIAN_POINT('',(0.641025403784,0.370096189432,
    -1.866666666667));
#10546 = CARTESIAN_POINT('',(0.42735026919,0.740192378865,
    -1.833333333333));
#10547 = CARTESIAN_POINT('',(0.,0.740192378865,-1.8));
#10548 = CARTESIAN_POINT('',(-0.42735026919,0.740192378865,
    -1.766666666667));
#10549 = CARTESIAN_POINT('',(-0.641025403784,0.370096189432,
    -1.733333333333));
#10550 = CARTESIAN_POINT('',(-0.854700538379,-1.95371991459E-15,-1.7));
#10551 = CARTESIAN_POINT('',(-0.641025403784,-0.370096189432,
    -1.666666666667));
#10552 = CARTESIAN_POINT('',(-0.42735026919,-0.740192378865,
    -1.633333333333));
#10553 = CARTESIAN_POINT('',(-9.064742275299E-17,-0.740192378865,-1.6));
#10554 = CARTESIAN_POINT('',(0.42735026919,-0.740192378865,
    -1.566666666667));
#10555 = CARTESIAN_POINT('',(0.641025403784,-0.370096189432,
    -1.533333333333));
#10556 = CARTESIAN_POINT('',(0.854700538379,-2.163061170301E-15,-1.5));
#10557 = CARTESIAN_POINT('',(0.641025403784,0.370096189432,
    -1.466666666667));
#10558 = CARTESIAN_POINT('',(0.42735026919,0.740192378865,
    -1.433333333333));
#10559 = CARTESIAN_POINT('',(0.,0.740192378865,-1.4));
#10560 = CARTESIAN_POINT('',(-0.42735026919,0.740192378865,
    -1.366666666667));
#10561 = CARTESIAN_POINT('',(-0.641025403784,0.370096189432,
    -1.333333333333));
#10562 = CARTESIAN_POINT('',(-0.854700538379,-1.95371991459E-15,-1.3));
#10563 = CARTESIAN_POINT('',(-0.641025403784,-0.370096189432,
    -1.266666666667));
#10564 = CARTESIAN_POINT('',(-0.42735026919,-0.740192378865,
    -1.233333333333));
#10565 = CARTESIAN_POINT('',(-9.064742275299E-17,-0.740192378865,-1.2));
#10566 = CARTESIAN_POINT('',(0.42735026919,-0.740192378865,
    -1.166666666667));
#10567 = CARTESIAN_POINT('',(0.641025403784,-0.370096189432,
    -1.133333333333));
#10568 = CARTESIAN_POINT('',(0.854700538379,-2.163061170301E-15,-1.1));
#10569 = CARTESIAN_POINT('',(0.641025403784,0.370096189432,
    -1.066666666667));
#10570 = CARTESIAN_POINT('',(0.42735026919,0.740192378865,
    -1.033333333333));
#10571 = CARTESIAN_POINT('',(0.,0.740192378865,-1.));
#10572 = CARTESIAN_POINT('',(-0.42735026919,0.740192378865,
    -0.966666666667));
#10573 = CARTESIAN_POINT('',(-0.641025403784,0.370096189432,
    -0.933333333333));
#10574 = CARTESIAN_POINT('',(-0.854700538379,-1.95371991459E-15,-0.9));
#10575 = CARTESIAN_POINT('',(-0.641025403784,-0.370096189432,
    -0.866666666667));
#10576 = CARTESIAN_POINT('',(-0.42735026919,-0.740192378865,
    -0.833333333333));
#10577 = CARTESIAN_POINT('',(-9.064742275299E-17,-0.740192378865,-0.8));
#10578 = CARTESIAN_POINT('',(0.42735026919,-0.740192378865,
    -0.766666666667));
#10579 = CARTESIAN_POINT('',(0.641025403784,-0.370096189432,
    -0.733333333333));
#10580 = CARTESIAN_POINT('',(0.854700538379,-2.163061170301E-15,-0.7));
#10581 = CARTESIAN_POINT('',(0.641025403784,0.370096189432,
    -0.666666666667));
#10582 = CARTESIAN_POINT('',(0.42735026919,0.740192378865,
    -0.633333333333));
#10583 = CARTESIAN_POINT('',(0.,0.740192378865,-0.6));
#10584 = CARTESIAN_POINT('',(-0.42735026919,0.740192378865,
    -0.566666666667));
#10585 = CARTESIAN_POINT('',(-0.641025403784,0.370096189432,
    -0.533333333333));
#10586 = CARTESIAN_POINT('',(-0.854700538379,-1.95371991459E-15,-0.5));
#10587 = CARTESIAN_POINT('',(-0.641025403784,-0.370096189432,
    -0.466666666667));
#10588 = CARTESIAN_POINT('',(-0.42735026919,-0.740192378865,
    -0.433333333333));
#10589 = CARTESIAN_POINT('',(-9.064742275299E-17,-0.740192378865,-0.4));
#10590 = CARTESIAN_POINT('',(0.42735026919,-0.740192378865,
    -0.366666666667));
#10591 = CARTESIAN_POINT('',(0.641025403784,-0.370096189432,
    -0.333333333333));
#10592 = CARTESIAN_POINT('',(0.854700538379,-2.163061170301E-15,-0.3));
#10593 = CARTESIAN_POINT('',(0.641025403784,0.370096189432,
    -0.266666666667));
#10594 = CARTESIAN_POINT('',(0.42735026919,0.740192378865,
    -0.233333333333));
#10595 = CARTESIAN_POINT('',(0.,0.740192378865,-0.2));
#10596 = CARTESIAN_POINT('',(-0.42735026919,0.740192378865,
    -0.166666666667));
#10597 = CARTESIAN_POINT('',(-0.641025403784,0.370096189432,
    -0.133333333333));
#10598 = CARTESIAN_POINT('',(-0.854700538379,-1.95371991459E-15,-0.1));
#10599 = CARTESIAN_POINT('',(-0.641025403784,-0.370096189432,
    -6.666666666668E-02));
#10600 = CARTESIAN_POINT('',(-0.42735026919,-0.740192378865,
    -3.333333333335E-02));
#10601 = CARTESIAN_POINT('',(-9.064742275299E-17,-0.740192378865,
    -1.47451495458E-14));
#10602 = CARTESIAN_POINT('',(0.42735026919,-0.740192378865,
    3.333333333332E-02));
#10603 = CARTESIAN_POINT('',(0.641025403784,-0.370096189432,
    6.666666666665E-02));
#10604 = CARTESIAN_POINT('',(0.854700538379,-2.163061170301E-15,
    9.999999999998E-02));
#10605 = CARTESIAN_POINT('',(0.641025403784,0.370096189432,
    0.133333333333));
#10606 = CARTESIAN_POINT('',(0.42735026919,0.740192378865,0.166666666667
    ));
#10607 = CARTESIAN_POINT('',(0.,0.740192378865,0.2));
#10608 = CARTESIAN_POINT('',(-0.42735026919,0.740192378865,
    0.233333333333));
#10609 = CARTESIAN_POINT('',(-0.641025403784,0.370096189432,
    0.266666666667));
#10610 = CARTESIAN_POINT('',(-0.854700538379,-1.95371991459E-15,0.3));
#10611 = CARTESIAN_POINT('',(-0.641025403784,-0.370096189432,
    0.333333333333));
#10612 = CARTESIAN_POINT('',(-0.42735026919,-0.740192378865,
    0.366666666667));
#10613 = CARTESIAN_POINT('',(-9.064742275299E-17,-0.740192378865,0.4));
#10614 = CARTESIAN_POINT('',(0.42735026919,-0.740192378865,
    0.433333333333));
#10615 = CARTESIAN_POINT('',(0.641025403784,-0.370096189432,
    0.466666666667));
#10616 = CARTESIAN_POINT('',(0.854700538379,-2.163061170301E-15,0.5));
#10617 = CARTESIAN_POINT('',(0.641025403784,0.370096189432,
    0.533333333333));
#10618 = CARTESIAN_POINT('',(0.42735026919,0.740192378865,0.566666666667
    ));
#10619 = CARTESIAN_POINT('',(0.,0.740192378865,0.6));
#10620 = CARTESIAN_POINT('',(-0.42735026919,0.740192378865,
    0.633333333333));
#10621 = CARTESIAN_POINT('',(-0.641025403784,0.370096189432,
    0.666666666667));
#10622 = CARTESIAN_POINT('',(-0.854700538379,-1.95371991459E-15,0.7));
#10623 = CARTESIAN_POINT('',(-0.641025403784,-0.370096189432,
    0.733333333333));
#10624 = CARTESIAN_POINT('',(-0.42735026919,-0.740192378865,
    0.766666666667));
#10625 = CARTESIAN_POINT('',(-9.064742275299E-17,-0.740192378865,0.8));
#10626 = CARTESIAN_POINT('',(0.42735026919,-0.740192378865,
    0.833333333333));
#10627 = CARTESIAN_POINT('',(0.641025403784,-0.370096189432,
    0.866666666667));
#10628 = CARTESIAN_POINT('',(0.854700538379,-2.163061170301E-15,0.9));
#10629 = CARTESIAN_POINT('',(0.641025403784,0.370096189432,
    0.933333333333));
#10630 = CARTESIAN_POINT('',(0.42735026919,0.740192378865,0.966666666667
    ));
#10631 = CARTESIAN_POINT('',(0.,0.740192378865,1.));
#10632 = CARTESIAN_POINT('',(-0.42735026919,0.740192378865,
    1.033333333333));
#10633 = CARTESIAN_POINT('',(-0.641025403784,0.370096189432,
    1.066666666667));
#10634 = CARTESIAN_POINT('',(-0.854700538379,-1.95371991459E-15,1.1));
#10635 = CARTESIAN_POINT('',(-0.641025403784,-0.370096189432,
    1.133333333333));
#10636 = CARTESIAN_POINT('',(-0.42735026919,-0.740192378865,
    1.166666666667));
#10637 = CARTESIAN_POINT('',(-9.064742275299E-17,-0.740192378865,1.2));
#10638 = CARTESIAN_POINT('',(0.42735026919,-0.740192378865,
    1.233333333333));
#10639 = CARTESIAN_POINT('',(0.641025403784,-0.370096189432,
    1.266666666667));
#10640 = CARTESIAN_POINT('',(0.854700538379,-2.163061170301E-15,1.3));
#10641 = CARTESIAN_POINT('',(0.641025403784,0.370096189432,
    1.333333333333));
#10642 = CARTESIAN_POINT('',(0.42735026919,0.740192378865,1.366666666667
    ));
#10643 = CARTESIAN_POINT('',(0.,0.740192378865,1.4));
#10644 = CARTESIAN_POINT('',(-0.42735026919,0.740192378865,
    1.433333333333));
#10645 = CARTESIAN_POINT('',(-0.641025403784,0.370096189432,
    1.466666666667));
#10646 = CARTESIAN_POINT('',(-0.854700538379,-1.95371991459E-15,1.5));
#10647 = CARTESIAN_POINT('',(-0.641025403784,-0.370096189432,
    1.533333333333));
#10648 = CARTESIAN_POINT('',(-0.42735026919,-0.740192378865,
    1.566666666667));
#10649 = CARTESIAN_POINT('',(-9.064742275299E-17,-0.740192378865,1.6));
#10650 = CARTESIAN_POINT('',(0.42735026919,-0.740192378865,
    1.633333333333));
#10651 = CARTESIAN_POINT('',(0.641025403784,-0.370096189432,
    1.666666666667));
#10652 = CARTESIAN_POINT('',(0.854700538379,-2.163061170301E-15,1.7));
#10653 = CARTESIAN_POINT('',(0.641025403784,0.370096189432,
    1.733333333333));
#10654 = CARTESIAN_POINT('',(0.42735026919,0.740192378865,1.766666666667
    ));
#10655 = CARTESIAN_POINT('',(0.,0.740192378865,1.8));
#10656 = CARTESIAN_POINT('',(-0.42735026919,0.740192378865,
    1.833333333333));
#10657 = CARTESIAN_POINT('',(-0.641025403784,0.370096189432,
    1.866666666667));
#10658 = CARTESIAN_POINT('',(-0.854700538379,-1.95371991459E-15,1.9));
#10659 = CARTESIAN_POINT('',(-0.641025403784,-0.370096189432,
    1.933333333333));
#10660 = CARTESIAN_POINT('',(-0.42735026919,-0.740192378865,
    1.966666666667));
#10661 = CARTESIAN_POINT('',(-9.064742275299E-17,-0.740192378865,2.));
#10662 = CARTESIAN_POINT('',(0.42735026919,-0.740192378865,
    2.033333333333));
#10663 = CARTESIAN_POINT('',(0.641025403784,-0.370096189432,
    2.066666666667));
#10664 = CARTESIAN_POINT('',(0.854700538379,-2.163061170301E-15,2.1));
#10665 = CARTESIAN_POINT('',(0.641025403784,0.370096189432,
    2.133333333333));
#10666 = CARTESIAN_POINT('',(0.42735026919,0.740192378865,2.166666666667
    ));
#10667 = CARTESIAN_POINT('',(0.,0.740192378865,2.2));
#10668 = CARTESIAN_POINT('',(-0.42735026919,0.740192378865,
    2.233333333333));
#10669 = CARTESIAN_POINT('',(-0.641025403784,0.370096189432,
    2.266666666667));
#10670 = CARTESIAN_POINT('',(-0.854700538379,-1.95371991459E-15,2.3));
#10671 = CARTESIAN_POINT('',(-0.641025403784,-0.370096189432,
    2.333333333333));
#10672 = CARTESIAN_POINT('',(-0.42735026919,-0.740192378865,
    2.366666666667));
#10673 = CARTESIAN_POINT('',(-9.064742275299E-17,-0.740192378865,2.4));
#10674 = CARTESIAN_POINT('',(0.42735026919,-0.740192378865,
    2.433333333333));
#10675 = CARTESIAN_POINT('',(0.641025403784,-0.370096189432,
    2.466666666667));
#10676 = CARTESIAN_POINT('',(0.854700538379,-2.163061170301E-15,2.5));
#10677 = CARTESIAN_POINT('',(0.641025403784,0.370096189432,
    2.533333333333));
#10678 = CARTESIAN_POINT('',(0.42735026919,0.740192378865,2.566666666667
    ));
#10679 = CARTESIAN_POINT('',(0.,0.740192378865,2.6));
#10680 = CARTESIAN_POINT('',(-0.42735026919,0.740192378865,
    2.633333333333));
#10681 = CARTESIAN_POINT('',(-0.641025403784,0.370096189432,
    2.666666666667));
#10682 = CARTESIAN_POINT('',(-0.854700538379,-1.95371991459E-15,2.7));
#10683 = CARTESIAN_POINT('',(-0.641025403784,-0.370096189432,
    2.733333333333));
#10684 = CARTESIAN_POINT('',(-0.42735026919,-0.740192378865,
    2.766666666667));
#10685 = CARTESIAN_POINT('',(-9.064742275299E-17,-0.740192378865,2.8));
#10686 = CARTESIAN_POINT('',(0.42735026919,-0.740192378865,
    2.833333333333));
#10687 = CARTESIAN_POINT('',(0.641025403784,-0.370096189432,
    2.866666666667));
#10688 = CARTESIAN_POINT('',(0.854700538379,-2.163061170301E-15,2.9));
#10689 = CARTESIAN_POINT('',(0.641025403784,0.370096189432,
    2.933333333333));
#10690 = CARTESIAN_POINT('',(0.42735026919,0.740192378865,2.966666666667
    ));
#10691 = CARTESIAN_POINT('',(0.,0.740192378865,3.));
#10692 = CARTESIAN_POINT('',(-0.42735026919,0.740192378865,
    3.033333333333));
#10693 = CARTESIAN_POINT('',(-0.641025403784,0.370096189432,
    3.066666666667));
#10694 = CARTESIAN_POINT('',(-0.854700538379,-1.95371991459E-15,3.1));
#10695 = CARTESIAN_POINT('',(-0.641025403784,-0.370096189432,
    3.133333333333));
#10696 = CARTESIAN_POINT('',(-0.42735026919,-0.740192378865,
    3.166666666667));
#10697 = CARTESIAN_POINT('',(-9.064742275299E-17,-0.740192378865,3.2));
#10698 = CARTESIAN_POINT('',(0.42735026919,-0.740192378865,
    3.233333333333));
#10699 = CARTESIAN_POINT('',(0.641025403784,-0.370096189432,
    3.266666666667));
#10700 = CARTESIAN_POINT('',(0.854700538379,-2.163061170301E-15,3.3));
#10701 = CARTESIAN_POINT('',(0.641025403784,0.370096189432,
    3.333333333333));
#10702 = CARTESIAN_POINT('',(0.42735026919,0.740192378865,3.366666666667
    ));
#10703 = CARTESIAN_POINT('',(0.,0.740192378865,3.4));
#10704 = CARTESIAN_POINT('',(-0.42735026919,0.740192378865,
    3.433333333333));
#10705 = CARTESIAN_POINT('',(-0.641025403784,0.370096189432,
    3.466666666667));
#10706 = CARTESIAN_POINT('',(-0.854700538379,-1.95371991459E-15,3.5));
#10707 = CARTESIAN_POINT('',(-0.641025403784,-0.370096189432,
    3.533333333333));
#10708 = CARTESIAN_POINT('',(-0.42735026919,-0.740192378865,
    3.566666666667));
#10709 = CARTESIAN_POINT('',(-9.064742275299E-17,-0.740192378865,3.6));
#10710 = CARTESIAN_POINT('',(0.42735026919,-0.740192378865,
    3.633333333333));
#10711 = CARTESIAN_POINT('',(0.641025403784,-0.370096189432,
    3.666666666667));
#10712 = CARTESIAN_POINT('',(0.854700538379,-2.163061170301E-15,3.7));
#10713 = CARTESIAN_POINT('',(0.641025403784,0.370096189432,
    3.733333333333));
#10714 = CARTESIAN_POINT('',(0.42735026919,0.740192378865,3.766666666667
    ));
#10715 = CARTESIAN_POINT('',(0.,0.740192378865,3.8));
#10716 = CARTESIAN_POINT('',(-0.42735026919,0.740192378865,
    3.833333333333));
#10717 = CARTESIAN_POINT('',(-0.641025403784,0.370096189432,
    3.866666666667));
#10718 = CARTESIAN_POINT('',(-0.854700538379,-1.95371991459E-15,3.9));
#10719 = CARTESIAN_POINT('',(-0.641025403784,-0.370096189432,
    3.933333333333));
#10720 = CARTESIAN_POINT('',(-0.42735026919,-0.740192378865,
    3.966666666667));
#10721 = CARTESIAN_POINT('',(-9.064742275299E-17,-0.740192378865,4.));
#10722 = CARTESIAN_POINT('',(0.42735026919,-0.740192378865,
    4.033333333333));
#10723 = CARTESIAN_POINT('',(0.641025403784,-0.370096189432,
    4.066666666667));
#10724 = CARTESIAN_POINT('',(0.854700538379,-2.163061170301E-15,4.1));
#10725 = CARTESIAN_POINT('',(0.641025403784,0.370096189432,
    4.133333333333));
#10726 = CARTESIAN_POINT('',(0.42735026919,0.740192378865,4.166666666667
    ));
#10727 = CARTESIAN_POINT('',(0.,0.740192378865,4.2));
#10728 = CARTESIAN_POINT('',(-0.42735026919,0.740192378865,
    4.233333333333));
#10729 = CARTESIAN_POINT('',(-0.641025403784,0.370096189432,
    4.266666666667));
#10730 = CARTESIAN_POINT('',(-0.854700538379,-1.95371991459E-15,4.3));
#10731 = CARTESIAN_POINT('',(-0.641025403784,-0.370096189432,
    4.333333333333));
#10732 = CARTESIAN_POINT('',(-0.42735026919,-0.740192378865,
    4.366666666667));
#10733 = CARTESIAN_POINT('',(-9.064742275299E-17,-0.740192378865,4.4));
#10734 = CARTESIAN_POINT('',(0.42735026919,-0.740192378865,
    4.433333333333));
#10735 = CARTESIAN_POINT('',(0.641025403784,-0.370096189432,
    4.466666666667));
#10736 = CARTESIAN_POINT('',(0.854700538379,-2.163061170301E-15,4.5));
#10737 = CARTESIAN_POINT('',(0.641025403784,0.370096189432,
    4.533333333333));
#10738 = CARTESIAN_POINT('',(0.42735026919,0.740192378865,4.566666666667
    ));
#10739 = CARTESIAN_POINT('',(0.,0.740192378865,4.6));
#10740 = CARTESIAN_POINT('',(-0.42735026919,0.740192378865,
    4.633333333333));
#10741 = CARTESIAN_POINT('',(-0.641025403784,0.370096189432,
    4.666666666667));
#10742 = CARTESIAN_POINT('',(-0.854700538379,-1.95371991459E-15,4.7));
#10743 = CARTESIAN_POINT('',(-0.641025403784,-0.370096189432,
    4.733333333333));
#10744 = CARTESIAN_POINT('',(-0.42735026919,-0.740192378865,
    4.766666666667));
#10745 = CARTESIAN_POINT('',(-9.064742275299E-17,-0.740192378865,4.8));
#10746 = CARTESIAN_POINT('',(0.42735026919,-0.740192378865,
    4.833333333333));
#10747 = CARTESIAN_POINT('',(0.641025403784,-0.370096189432,
    4.866666666667));
#10748 = CARTESIAN_POINT('',(0.854700538379,-2.163061170301E-15,4.9));
#10749 = CARTESIAN_POINT('',(0.641025403784,0.370096189432,
    4.933333333333));
#10750 = CARTESIAN_POINT('',(0.42735026919,0.740192378865,4.966666666667
    ));
#10751 = CARTESIAN_POINT('',(0.,0.740192378865,5.));
#10752 = CARTESIAN_POINT('',(-0.42735026919,0.740192378865,
    5.033333333333));
#10753 = CARTESIAN_POINT('',(-0.641025403784,0.370096189432,
    5.066666666667));
#10754 = CARTESIAN_POINT('',(-0.854700538379,-1.95371991459E-15,5.1));
#10755 = CARTESIAN_POINT('',(-0.641025403784,-0.370096189432,
    5.133333333333));
#10756 = CARTESIAN_POINT('',(-0.42735026919,-0.740192378865,
    5.166666666667));
#10757 = CARTESIAN_POINT('',(-9.064742275299E-17,-0.740192378865,5.2));
#10758 = CARTESIAN_POINT('',(0.42735026919,-0.740192378865,
    5.233333333333));
#10759 = CARTESIAN_POINT('',(0.641025403784,-0.370096189432,
    5.266666666667));
#10760 = CARTESIAN_POINT('',(0.854700538379,-2.163061170301E-15,5.3));
#10761 = CARTESIAN_POINT('',(0.641025403784,0.370096189432,
    5.333333333333));
#10762 = CARTESIAN_POINT('',(0.42735026919,0.740192378865,5.366666666667
    ));
#10763 = CARTESIAN_POINT('',(0.,0.740192378865,5.4));
#10764 = CARTESIAN_POINT('',(-0.42735026919,0.740192378865,
    5.433333333333));
#10765 = CARTESIAN_POINT('',(-0.641025403784,0.370096189432,
    5.466666666667));
#10766 = CARTESIAN_POINT('',(-0.854700538379,-1.95371991459E-15,5.5));
#10767 = CARTESIAN_POINT('',(-0.641025403784,-0.370096189432,
    5.533333333333));
#10768 = CARTESIAN_POINT('',(-0.42735026919,-0.740192378865,
    5.566666666667));
#10769 = CARTESIAN_POINT('',(-9.064742275299E-17,-0.740192378865,5.6));
#10770 = CARTESIAN_POINT('',(0.42735026919,-0.740192378865,
    5.633333333333));
#10771 = CARTESIAN_POINT('',(0.641025403784,-0.370096189432,
    5.666666666667));
#10772 = CARTESIAN_POINT('',(0.854700538379,-2.163061170301E-15,5.7));
#10773 = CARTESIAN_POINT('',(0.641025403784,0.370096189432,
    5.733333333333));
#10774 = CARTESIAN_POINT('',(0.42735026919,0.740192378865,5.766666666667
    ));
#10775 = CARTESIAN_POINT('',(0.,0.740192378865,5.8));
#10776 = CARTESIAN_POINT('',(0.,1.021650635095,-4.3625));
#10777 = CARTESIAN_POINT('',(-0.58985026919,1.021650635095,
    -4.329166666667));
#10778 = CARTESIAN_POINT('',(-0.884775403784,0.510825317547,
    -4.295833333333));
#10779 = CARTESIAN_POINT('',(-1.179700538379,-1.933819404104E-15,-4.2625
    ));
#10780 = CARTESIAN_POINT('',(-0.884775403784,-0.510825317547,
    -4.229166666667));
#10781 = CARTESIAN_POINT('',(-0.58985026919,-1.021650635095,
    -4.195833333333));
#10782 = CARTESIAN_POINT('',(-1.251161180115E-16,-1.021650635095,-4.1625
    ));
#10783 = CARTESIAN_POINT('',(0.58985026919,-1.021650635095,
    -4.129166666667));
#10784 = CARTESIAN_POINT('',(0.884775403784,-0.510825317547,
    -4.095833333333));
#10785 = CARTESIAN_POINT('',(1.179700538379,-2.222762701759E-15,-4.0625)
  );
#10786 = CARTESIAN_POINT('',(0.884775403784,0.510825317547,
    -4.029166666667));
#10787 = CARTESIAN_POINT('',(0.58985026919,1.021650635095,
    -3.995833333333));
#10788 = CARTESIAN_POINT('',(0.,1.021650635095,-3.9625));
#10789 = CARTESIAN_POINT('',(-0.58985026919,1.021650635095,
    -3.929166666667));
#10790 = CARTESIAN_POINT('',(-0.884775403784,0.510825317547,
    -3.895833333333));
#10791 = CARTESIAN_POINT('',(-1.179700538379,-1.933819404104E-15,-3.8625
    ));
#10792 = CARTESIAN_POINT('',(-0.884775403784,-0.510825317547,
    -3.829166666667));
#10793 = CARTESIAN_POINT('',(-0.58985026919,-1.021650635095,
    -3.795833333333));
#10794 = CARTESIAN_POINT('',(-1.251161180115E-16,-1.021650635095,-3.7625
    ));
#10795 = CARTESIAN_POINT('',(0.58985026919,-1.021650635095,
    -3.729166666667));
#10796 = CARTESIAN_POINT('',(0.884775403784,-0.510825317547,
    -3.695833333333));
#10797 = CARTESIAN_POINT('',(1.179700538379,-2.222762701759E-15,-3.6625)
  );
#10798 = CARTESIAN_POINT('',(0.884775403784,0.510825317547,
    -3.629166666667));
#10799 = CARTESIAN_POINT('',(0.58985026919,1.021650635095,
    -3.595833333333));
#10800 = CARTESIAN_POINT('',(0.,1.021650635095,-3.5625));
#10801 = CARTESIAN_POINT('',(-0.58985026919,1.021650635095,
    -3.529166666667));
#10802 = CARTESIAN_POINT('',(-0.884775403784,0.510825317547,
    -3.495833333333));
#10803 = CARTESIAN_POINT('',(-1.179700538379,-1.933819404104E-15,-3.4625
    ));
#10804 = CARTESIAN_POINT('',(-0.884775403784,-0.510825317547,
    -3.429166666667));
#10805 = CARTESIAN_POINT('',(-0.58985026919,-1.021650635095,
    -3.395833333333));
#10806 = CARTESIAN_POINT('',(-1.251161180115E-16,-1.021650635095,-3.3625
    ));
#10807 = CARTESIAN_POINT('',(0.58985026919,-1.021650635095,
    -3.329166666667));
#10808 = CARTESIAN_POINT('',(0.884775403784,-0.510825317547,
    -3.295833333333));
#10809 = CARTESIAN_POINT('',(1.179700538379,-2.222762701759E-15,-3.2625)
  );
#10810 = CARTESIAN_POINT('',(0.884775403784,0.510825317547,
    -3.229166666667));
#10811 = CARTESIAN_POINT('',(0.58985026919,1.021650635095,
    -3.195833333333));
#10812 = CARTESIAN_POINT('',(0.,1.021650635095,-3.1625));
#10813 = CARTESIAN_POINT('',(-0.58985026919,1.021650635095,
    -3.129166666667));
#10814 = CARTESIAN_POINT('',(-0.884775403784,0.510825317547,
    -3.095833333333));
#10815 = CARTESIAN_POINT('',(-1.179700538379,-1.933819404104E-15,-3.0625
    ));
#10816 = CARTESIAN_POINT('',(-0.884775403784,-0.510825317547,
    -3.029166666667));
#10817 = CARTESIAN_POINT('',(-0.58985026919,-1.021650635095,
    -2.995833333333));
#10818 = CARTESIAN_POINT('',(-1.251161180115E-16,-1.021650635095,-2.9625
    ));
#10819 = CARTESIAN_POINT('',(0.58985026919,-1.021650635095,
    -2.929166666667));
#10820 = CARTESIAN_POINT('',(0.884775403784,-0.510825317547,
    -2.895833333333));
#10821 = CARTESIAN_POINT('',(1.179700538379,-2.222762701759E-15,-2.8625)
  );
#10822 = CARTESIAN_POINT('',(0.884775403784,0.510825317547,
    -2.829166666667));
#10823 = CARTESIAN_POINT('',(0.58985026919,1.021650635095,
    -2.795833333333));
#10824 = CARTESIAN_POINT('',(0.,1.021650635095,-2.7625));
#10825 = CARTESIAN_POINT('',(-0.58985026919,1.021650635095,
    -2.729166666667));
#10826 = CARTESIAN_POINT('',(-0.884775403784,0.510825317547,
    -2.695833333333));
#10827 = CARTESIAN_POINT('',(-1.179700538379,-1.933819404104E-15,-2.6625
    ));
#10828 = CARTESIAN_POINT('',(-0.884775403784,-0.510825317547,
    -2.629166666667));
#10829 = CARTESIAN_POINT('',(-0.58985026919,-1.021650635095,
    -2.595833333333));
#10830 = CARTESIAN_POINT('',(-1.251161180115E-16,-1.021650635095,-2.5625
    ));
#10831 = CARTESIAN_POINT('',(0.58985026919,-1.021650635095,
    -2.529166666667));
#10832 = CARTESIAN_POINT('',(0.884775403784,-0.510825317547,
    -2.495833333333));
#10833 = CARTESIAN_POINT('',(1.179700538379,-2.222762701759E-15,-2.4625)
  );
#10834 = CARTESIAN_POINT('',(0.884775403784,0.510825317547,
    -2.429166666667));
#10835 = CARTESIAN_POINT('',(0.58985026919,1.021650635095,
    -2.395833333333));
#10836 = CARTESIAN_POINT('',(0.,1.021650635095,-2.3625));
#10837 = CARTESIAN_POINT('',(-0.58985026919,1.021650635095,
    -2.329166666667));
#10838 = CARTESIAN_POINT('',(-0.884775403784,0.510825317547,
    -2.295833333333));
#10839 = CARTESIAN_POINT('',(-1.179700538379,-1.933819404104E-15,-2.2625
    ));
#10840 = CARTESIAN_POINT('',(-0.884775403784,-0.510825317547,
    -2.229166666667));
#10841 = CARTESIAN_POINT('',(-0.58985026919,-1.021650635095,
    -2.195833333333));
#10842 = CARTESIAN_POINT('',(-1.251161180115E-16,-1.021650635095,-2.1625
    ));
#10843 = CARTESIAN_POINT('',(0.58985026919,-1.021650635095,
    -2.129166666667));
#10844 = CARTESIAN_POINT('',(0.884775403784,-0.510825317547,
    -2.095833333333));
#10845 = CARTESIAN_POINT('',(1.179700538379,-2.222762701759E-15,-2.0625)
  );
#10846 = CARTESIAN_POINT('',(0.884775403784,0.510825317547,
    -2.029166666667));
#10847 = CARTESIAN_POINT('',(0.58985026919,1.021650635095,
    -1.995833333333));
#10848 = CARTESIAN_POINT('',(0.,1.021650635095,-1.9625));
#10849 = CARTESIAN_POINT('',(-0.58985026919,1.021650635095,
    -1.929166666667));
#10850 = CARTESIAN_POINT('',(-0.884775403784,0.510825317547,
    -1.895833333333));
#10851 = CARTESIAN_POINT('',(-1.179700538379,-1.933819404104E-15,-1.8625
    ));
#10852 = CARTESIAN_POINT('',(-0.884775403784,-0.510825317547,
    -1.829166666667));
#10853 = CARTESIAN_POINT('',(-0.58985026919,-1.021650635095,
    -1.795833333333));
#10854 = CARTESIAN_POINT('',(-1.251161180115E-16,-1.021650635095,-1.7625
    ));
#10855 = CARTESIAN_POINT('',(0.58985026919,-1.021650635095,
    -1.729166666667));
#10856 = CARTESIAN_POINT('',(0.884775403784,-0.510825317547,
    -1.695833333333));
#10857 = CARTESIAN_POINT('',(1.179700538379,-2.222762701759E-15,-1.6625)
  );
#10858 = CARTESIAN_POINT('',(0.884775403784,0.510825317547,
    -1.629166666667));
#10859 = CARTESIAN_POINT('',(0.58985026919,1.021650635095,
    -1.595833333333));
#10860 = CARTESIAN_POINT('',(0.,1.021650635095,-1.5625));
#10861 = CARTESIAN_POINT('',(-0.58985026919,1.021650635095,
    -1.529166666667));
#10862 = CARTESIAN_POINT('',(-0.884775403784,0.510825317547,
    -1.495833333333));
#10863 = CARTESIAN_POINT('',(-1.179700538379,-1.933819404104E-15,-1.4625
    ));
#10864 = CARTESIAN_POINT('',(-0.884775403784,-0.510825317547,
    -1.429166666667));
#10865 = CARTESIAN_POINT('',(-0.58985026919,-1.021650635095,
    -1.395833333333));
#10866 = CARTESIAN_POINT('',(-1.251161180115E-16,-1.021650635095,-1.3625
    ));
#10867 = CARTESIAN_POINT('',(0.58985026919,-1.021650635095,
    -1.329166666667));
#10868 = CARTESIAN_POINT('',(0.884775403784,-0.510825317547,
    -1.295833333333));
#10869 = CARTESIAN_POINT('',(1.179700538379,-2.222762701759E-15,-1.2625)
  );
#10870 = CARTESIAN_POINT('',(0.884775403784,0.510825317547,
    -1.229166666667));
#10871 = CARTESIAN_POINT('',(0.58985026919,1.021650635095,
    -1.195833333333));
#10872 = CARTESIAN_POINT('',(0.,1.021650635095,-1.1625));
#10873 = CARTESIAN_POINT('',(-0.58985026919,1.021650635095,
    -1.129166666667));
#10874 = CARTESIAN_POINT('',(-0.884775403784,0.510825317547,
    -1.095833333333));
#10875 = CARTESIAN_POINT('',(-1.179700538379,-1.933819404104E-15,-1.0625
    ));
#10876 = CARTESIAN_POINT('',(-0.884775403784,-0.510825317547,
    -1.029166666667));
#10877 = CARTESIAN_POINT('',(-0.58985026919,-1.021650635095,
    -0.995833333333));
#10878 = CARTESIAN_POINT('',(-1.251161180115E-16,-1.021650635095,-0.9625
    ));
#10879 = CARTESIAN_POINT('',(0.58985026919,-1.021650635095,
    -0.929166666667));
#10880 = CARTESIAN_POINT('',(0.884775403784,-0.510825317547,
    -0.895833333333));
#10881 = CARTESIAN_POINT('',(1.179700538379,-2.222762701759E-15,-0.8625)
  );
#10882 = CARTESIAN_POINT('',(0.884775403784,0.510825317547,
    -0.829166666667));
#10883 = CARTESIAN_POINT('',(0.58985026919,1.021650635095,
    -0.795833333333));
#10884 = CARTESIAN_POINT('',(0.,1.021650635095,-0.7625));
#10885 = CARTESIAN_POINT('',(-0.58985026919,1.021650635095,
    -0.729166666667));
#10886 = CARTESIAN_POINT('',(-0.884775403784,0.510825317547,
    -0.695833333333));
#10887 = CARTESIAN_POINT('',(-1.179700538379,-1.933819404104E-15,-0.6625
    ));
#10888 = CARTESIAN_POINT('',(-0.884775403784,-0.510825317547,
    -0.629166666667));
#10889 = CARTESIAN_POINT('',(-0.58985026919,-1.021650635095,
    -0.595833333333));
#10890 = CARTESIAN_POINT('',(-1.251161180115E-16,-1.021650635095,-0.5625
    ));
#10891 = CARTESIAN_POINT('',(0.58985026919,-1.021650635095,
    -0.529166666667));
#10892 = CARTESIAN_POINT('',(0.884775403784,-0.510825317547,
    -0.495833333333));
#10893 = CARTESIAN_POINT('',(1.179700538379,-2.222762701759E-15,-0.4625)
  );
#10894 = CARTESIAN_POINT('',(0.884775403784,0.510825317547,
    -0.429166666667));
#10895 = CARTESIAN_POINT('',(0.58985026919,1.021650635095,
    -0.395833333333));
#10896 = CARTESIAN_POINT('',(0.,1.021650635095,-0.3625));
#10897 = CARTESIAN_POINT('',(-0.58985026919,1.021650635095,
    -0.329166666667));
#10898 = CARTESIAN_POINT('',(-0.884775403784,0.510825317547,
    -0.295833333333));
#10899 = CARTESIAN_POINT('',(-1.179700538379,-1.933819404104E-15,-0.2625
    ));
#10900 = CARTESIAN_POINT('',(-0.884775403784,-0.510825317547,
    -0.229166666667));
#10901 = CARTESIAN_POINT('',(-0.58985026919,-1.021650635095,
    -0.195833333333));
#10902 = CARTESIAN_POINT('',(-1.251161180115E-16,-1.021650635095,-0.1625
    ));
#10903 = CARTESIAN_POINT('',(0.58985026919,-1.021650635095,
    -0.129166666667));
#10904 = CARTESIAN_POINT('',(0.884775403784,-0.510825317547,
    -9.583333333335E-02));
#10905 = CARTESIAN_POINT('',(1.179700538379,-2.222762701759E-15,
    -6.250000000002E-02));
#10906 = CARTESIAN_POINT('',(0.884775403784,0.510825317547,
    -2.916666666669E-02));
#10907 = CARTESIAN_POINT('',(0.58985026919,1.021650635095,
    4.166666666648E-03));
#10908 = CARTESIAN_POINT('',(0.,1.021650635095,3.749999999998E-02));
#10909 = CARTESIAN_POINT('',(-0.58985026919,1.021650635095,
    7.083333333332E-02));
#10910 = CARTESIAN_POINT('',(-0.884775403784,0.510825317547,
    0.104166666667));
#10911 = CARTESIAN_POINT('',(-1.179700538379,-1.933819404104E-15,0.1375)
  );
#10912 = CARTESIAN_POINT('',(-0.884775403784,-0.510825317547,
    0.170833333333));
#10913 = CARTESIAN_POINT('',(-0.58985026919,-1.021650635095,
    0.204166666667));
#10914 = CARTESIAN_POINT('',(-1.251161180115E-16,-1.021650635095,0.2375)
  );
#10915 = CARTESIAN_POINT('',(0.58985026919,-1.021650635095,
    0.270833333333));
#10916 = CARTESIAN_POINT('',(0.884775403784,-0.510825317547,
    0.304166666667));
#10917 = CARTESIAN_POINT('',(1.179700538379,-2.222762701759E-15,0.3375)
  );
#10918 = CARTESIAN_POINT('',(0.884775403784,0.510825317547,
    0.370833333333));
#10919 = CARTESIAN_POINT('',(0.58985026919,1.021650635095,0.404166666667
    ));
#10920 = CARTESIAN_POINT('',(0.,1.021650635095,0.4375));
#10921 = CARTESIAN_POINT('',(-0.58985026919,1.021650635095,
    0.470833333333));
#10922 = CARTESIAN_POINT('',(-0.884775403784,0.510825317547,
    0.504166666667));
#10923 = CARTESIAN_POINT('',(-1.179700538379,-1.933819404104E-15,0.5375)
  );
#10924 = CARTESIAN_POINT('',(-0.884775403784,-0.510825317547,
    0.570833333333));
#10925 = CARTESIAN_POINT('',(-0.58985026919,-1.021650635095,
    0.604166666667));
#10926 = CARTESIAN_POINT('',(-1.251161180115E-16,-1.021650635095,0.6375)
  );
#10927 = CARTESIAN_POINT('',(0.58985026919,-1.021650635095,
    0.670833333333));
#10928 = CARTESIAN_POINT('',(0.884775403784,-0.510825317547,
    0.704166666667));
#10929 = CARTESIAN_POINT('',(1.179700538379,-2.222762701759E-15,0.7375)
  );
#10930 = CARTESIAN_POINT('',(0.884775403784,0.510825317547,
    0.770833333333));
#10931 = CARTESIAN_POINT('',(0.58985026919,1.021650635095,0.804166666667
    ));
#10932 = CARTESIAN_POINT('',(0.,1.021650635095,0.8375));
#10933 = CARTESIAN_POINT('',(-0.58985026919,1.021650635095,
    0.870833333333));
#10934 = CARTESIAN_POINT('',(-0.884775403784,0.510825317547,
    0.904166666667));
#10935 = CARTESIAN_POINT('',(-1.179700538379,-1.933819404104E-15,0.9375)
  );
#10936 = CARTESIAN_POINT('',(-0.884775403784,-0.510825317547,
    0.970833333333));
#10937 = CARTESIAN_POINT('',(-0.58985026919,-1.021650635095,
    1.004166666667));
#10938 = CARTESIAN_POINT('',(-1.251161180115E-16,-1.021650635095,1.0375)
  );
#10939 = CARTESIAN_POINT('',(0.58985026919,-1.021650635095,
    1.070833333333));
#10940 = CARTESIAN_POINT('',(0.884775403784,-0.510825317547,
    1.104166666667));
#10941 = CARTESIAN_POINT('',(1.179700538379,-2.222762701759E-15,1.1375)
  );
#10942 = CARTESIAN_POINT('',(0.884775403784,0.510825317547,
    1.170833333333));
#10943 = CARTESIAN_POINT('',(0.58985026919,1.021650635095,1.204166666667
    ));
#10944 = CARTESIAN_POINT('',(0.,1.021650635095,1.2375));
#10945 = CARTESIAN_POINT('',(-0.58985026919,1.021650635095,
    1.270833333333));
#10946 = CARTESIAN_POINT('',(-0.884775403784,0.510825317547,
    1.304166666667));
#10947 = CARTESIAN_POINT('',(-1.179700538379,-1.933819404104E-15,1.3375)
  );
#10948 = CARTESIAN_POINT('',(-0.884775403784,-0.510825317547,
    1.370833333333));
#10949 = CARTESIAN_POINT('',(-0.58985026919,-1.021650635095,
    1.404166666667));
#10950 = CARTESIAN_POINT('',(-1.251161180115E-16,-1.021650635095,1.4375)
  );
#10951 = CARTESIAN_POINT('',(0.58985026919,-1.021650635095,
    1.470833333333));
#10952 = CARTESIAN_POINT('',(0.884775403784,-0.510825317547,
    1.504166666667));
#10953 = CARTESIAN_POINT('',(1.179700538379,-2.222762701759E-15,1.5375)
  );
#10954 = CARTESIAN_POINT('',(0.884775403784,0.510825317547,
    1.570833333333));
#10955 = CARTESIAN_POINT('',(0.58985026919,1.021650635095,1.604166666667
    ));
#10956 = CARTESIAN_POINT('',(0.,1.021650635095,1.6375));
#10957 = CARTESIAN_POINT('',(-0.58985026919,1.021650635095,
    1.670833333333));
#10958 = CARTESIAN_POINT('',(-0.884775403784,0.510825317547,
    1.704166666667));
#10959 = CARTESIAN_POINT('',(-1.179700538379,-1.933819404104E-15,1.7375)
  );
#10960 = CARTESIAN_POINT('',(-0.884775403784,-0.510825317547,
    1.770833333333));
#10961 = CARTESIAN_POINT('',(-0.58985026919,-1.021650635095,
    1.804166666667));
#10962 = CARTESIAN_POINT('',(-1.251161180115E-16,-1.021650635095,1.8375)
  );
#10963 = CARTESIAN_POINT('',(0.58985026919,-1.021650635095,
    1.870833333333));
#10964 = CARTESIAN_POINT('',(0.884775403784,-0.510825317547,
    1.904166666667));
#10965 = CARTESIAN_POINT('',(1.179700538379,-2.222762701759E-15,1.9375)
  );
#10966 = CARTESIAN_POINT('',(0.884775403784,0.510825317547,
    1.970833333333));
#10967 = CARTESIAN_POINT('',(0.58985026919,1.021650635095,2.004166666667
    ));
#10968 = CARTESIAN_POINT('',(0.,1.021650635095,2.0375));
#10969 = CARTESIAN_POINT('',(-0.58985026919,1.021650635095,
    2.070833333333));
#10970 = CARTESIAN_POINT('',(-0.884775403784,0.510825317547,
    2.104166666667));
#10971 = CARTESIAN_POINT('',(-1.179700538379,-1.933819404104E-15,2.1375)
  );
#10972 = CARTESIAN_POINT('',(-0.884775403784,-0.510825317547,
    2.170833333333));
#10973 = CARTESIAN_POINT('',(-0.58985026919,-1.021650635095,
    2.204166666667));
#10974 = CARTESIAN_POINT('',(-1.251161180115E-16,-1.021650635095,2.2375)
  );
#10975 = CARTESIAN_POINT('',(0.58985026919,-1.021650635095,
    2.270833333333));
#10976 = CARTESIAN_POINT('',(0.884775403784,-0.510825317547,
    2.304166666667));
#10977 = CARTESIAN_POINT('',(1.179700538379,-2.222762701759E-15,2.3375)
  );
#10978 = CARTESIAN_POINT('',(0.884775403784,0.510825317547,
    2.370833333333));
#10979 = CARTESIAN_POINT('',(0.58985026919,1.021650635095,2.404166666667
    ));
#10980 = CARTESIAN_POINT('',(0.,1.021650635095,2.4375));
#10981 = CARTESIAN_POINT('',(-0.58985026919,1.021650635095,
    2.470833333333));
#10982 = CARTESIAN_POINT('',(-0.884775403784,0.510825317547,
    2.504166666667));
#10983 = CARTESIAN_POINT('',(-1.179700538379,-1.933819404104E-15,2.5375)
  );
#10984 = CARTESIAN_POINT('',(-0.884775403784,-0.510825317547,
    2.570833333333));
#10985 = CARTESIAN_POINT('',(-0.58985026919,-1.021650635095,
    2.604166666667));
#10986 = CARTESIAN_POINT('',(-1.251161180115E-16,-1.021650635095,2.6375)
  );
#10987 = CARTESIAN_POINT('',(0.58985026919,-1.021650635095,
    2.670833333333));
#10988 = CARTESIAN_POINT('',(0.884775403784,-0.510825317547,
    2.704166666667));
#10989 = CARTESIAN_POINT('',(1.179700538379,-2.222762701759E-15,2.7375)
  );
#10990 = CARTESIAN_POINT('',(0.884775403784,0.510825317547,
    2.770833333333));
#10991 = CARTESIAN_POINT('',(0.58985026919,1.021650635095,2.804166666667
    ));
#10992 = CARTESIAN_POINT('',(0.,1.021650635095,2.8375));
#10993 = CARTESIAN_POINT('',(-0.58985026919,1.021650635095,
    2.870833333333));
#10994 = CARTESIAN_POINT('',(-0.884775403784,0.510825317547,
    2.904166666667));
#10995 = CARTESIAN_POINT('',(-1.179700538379,-1.933819404104E-15,2.9375)
  );
#10996 = CARTESIAN_POINT('',(-0.884775403784,-0.510825317547,
    2.970833333333));
#10997 = CARTESIAN_POINT('',(-0.58985026919,-1.021650635095,
    3.004166666667));
#10998 = CARTESIAN_POINT('',(-1.251161180115E-16,-1.021650635095,3.0375)
  );
#10999 = CARTESIAN_POINT('',(0.58985026919,-1.021650635095,
    3.070833333333));
#11000 = CARTESIAN_POINT('',(0.884775403784,-0.510825317547,
    3.104166666667));
#11001 = CARTESIAN_POINT('',(1.179700538379,-2.222762701759E-15,3.1375)
  );
#11002 = CARTESIAN_POINT('',(0.884775403784,0.510825317547,
    3.170833333333));
#11003 = CARTESIAN_POINT('',(0.58985026919,1.021650635095,3.204166666667
    ));
#11004 = CARTESIAN_POINT('',(0.,1.021650635095,3.2375));
#11005 = CARTESIAN_POINT('',(-0.58985026919,1.021650635095,
    3.270833333333));
#11006 = CARTESIAN_POINT('',(-0.884775403784,0.510825317547,
    3.304166666667));
#11007 = CARTESIAN_POINT('',(-1.179700538379,-1.933819404104E-15,3.3375)
  );
#11008 = CARTESIAN_POINT('',(-0.884775403784,-0.510825317547,
    3.370833333333));
#11009 = CARTESIAN_POINT('',(-0.58985026919,-1.021650635095,
    3.404166666667));
#11010 = CARTESIAN_POINT('',(-1.251161180115E-16,-1.021650635095,3.4375)
  );
#11011 = CARTESIAN_POINT('',(0.58985026919,-1.021650635095,
    3.470833333333));
#11012 = CARTESIAN_POINT('',(0.884775403784,-0.510825317547,
    3.504166666667));
#11013 = CARTESIAN_POINT('',(1.179700538379,-2.222762701759E-15,3.5375)
  );
#11014 = CARTESIAN_POINT('',(0.884775403784,0.510825317547,
    3.570833333333));
#11015 = CARTESIAN_POINT('',(0.58985026919,1.021650635095,3.604166666667
    ));
#11016 = CARTESIAN_POINT('',(0.,1.021650635095,3.6375));
#11017 = CARTESIAN_POINT('',(-0.58985026919,1.021650635095,
    3.670833333333));
#11018 = CARTESIAN_POINT('',(-0.884775403784,0.510825317547,
    3.704166666667));
#11019 = CARTESIAN_POINT('',(-1.179700538379,-1.933819404104E-15,3.7375)
  );
#11020 = CARTESIAN_POINT('',(-0.884775403784,-0.510825317547,
    3.770833333333));
#11021 = CARTESIAN_POINT('',(-0.58985026919,-1.021650635095,
    3.804166666667));
#11022 = CARTESIAN_POINT('',(-1.251161180115E-16,-1.021650635095,3.8375)
  );
#11023 = CARTESIAN_POINT('',(0.58985026919,-1.021650635095,
    3.870833333333));
#11024 = CARTESIAN_POINT('',(0.884775403784,-0.510825317547,
    3.904166666667));
#11025 = CARTESIAN_POINT('',(1.179700538379,-2.222762701759E-15,3.9375)
  );
#11026 = CARTESIAN_POINT('',(0.884775403784,0.510825317547,
    3.970833333333));
#11027 = CARTESIAN_POINT('',(0.58985026919,1.021650635095,4.004166666667
    ));
#11028 = CARTESIAN_POINT('',(0.,1.021650635095,4.0375));
#11029 = CARTESIAN_POINT('',(-0.58985026919,1.021650635095,
    4.070833333333));
#11030 = CARTESIAN_POINT('',(-0.884775403784,0.510825317547,
    4.104166666667));
#11031 = CARTESIAN_POINT('',(-1.179700538379,-1.933819404104E-15,4.1375)
  );
#11032 = CARTESIAN_POINT('',(-0.884775403784,-0.510825317547,
    4.170833333333));
#11033 = CARTESIAN_POINT('',(-0.58985026919,-1.021650635095,
    4.204166666667));
#11034 = CARTESIAN_POINT('',(-1.251161180115E-16,-1.021650635095,4.2375)
  );
#11035 = CARTESIAN_POINT('',(0.58985026919,-1.021650635095,
    4.270833333333));
#11036 = CARTESIAN_POINT('',(0.884775403784,-0.510825317547,
    4.304166666667));
#11037 = CARTESIAN_POINT('',(1.179700538379,-2.222762701759E-15,4.3375)
  );
#11038 = CARTESIAN_POINT('',(0.884775403784,0.510825317547,
    4.370833333333));
#11039 = CARTESIAN_POINT('',(0.58985026919,1.021650635095,4.404166666667
    ));
#11040 = CARTESIAN_POINT('',(0.,1.021650635095,4.4375));
#11041 = CARTESIAN_POINT('',(-0.58985026919,1.021650635095,
    4.470833333333));
#11042 = CARTESIAN_POINT('',(-0.884775403784,0.510825317547,
    4.504166666667));
#11043 = CARTESIAN_POINT('',(-1.179700538379,-1.933819404104E-15,4.5375)
  );
#11044 = CARTESIAN_POINT('',(-0.884775403784,-0.510825317547,
    4.570833333333));
#11045 = CARTESIAN_POINT('',(-0.58985026919,-1.021650635095,
    4.604166666667));
#11046 = CARTESIAN_POINT('',(-1.251161180115E-16,-1.021650635095,4.6375)
  );
#11047 = CARTESIAN_POINT('',(0.58985026919,-1.021650635095,
    4.670833333333));
#11048 = CARTESIAN_POINT('',(0.884775403784,-0.510825317547,
    4.704166666667));
#11049 = CARTESIAN_POINT('',(1.179700538379,-2.222762701759E-15,4.7375)
  );
#11050 = CARTESIAN_POINT('',(0.884775403784,0.510825317547,
    4.770833333333));
#11051 = CARTESIAN_POINT('',(0.58985026919,1.021650635095,4.804166666667
    ));
#11052 = CARTESIAN_POINT('',(0.,1.021650635095,4.8375));
#11053 = CARTESIAN_POINT('',(-0.58985026919,1.021650635095,
    4.870833333333));
#11054 = CARTESIAN_POINT('',(-0.884775403784,0.510825317547,
    4.904166666667));
#11055 = CARTESIAN_POINT('',(-1.179700538379,-1.933819404104E-15,4.9375)
  );
#11056 = CARTESIAN_POINT('',(-0.884775403784,-0.510825317547,
    4.970833333333));
#11057 = CARTESIAN_POINT('',(-0.58985026919,-1.021650635095,
    5.004166666667));
#11058 = CARTESIAN_POINT('',(-1.251161180115E-16,-1.021650635095,5.0375)
  );
#11059 = CARTESIAN_POINT('',(0.58985026919,-1.021650635095,
    5.070833333333));
#11060 = CARTESIAN_POINT('',(0.884775403784,-0.510825317547,
    5.104166666667));
#11061 = CARTESIAN_POINT('',(1.179700538379,-2.222762701759E-15,5.1375)
  );
#11062 = CARTESIAN_POINT('',(0.884775403784,0.510825317547,
    5.170833333333));
#11063 = CARTESIAN_POINT('',(0.58985026919,1.021650635095,5.204166666667
    ));
#11064 = CARTESIAN_POINT('',(0.,1.021650635095,5.2375));
#11065 = CARTESIAN_POINT('',(-0.58985026919,1.021650635095,
    5.270833333333));
#11066 = CARTESIAN_POINT('',(-0.884775403784,0.510825317547,
    5.304166666667));
#11067 = CARTESIAN_POINT('',(-1.179700538379,-1.933819404104E-15,5.3375)
  );
#11068 = CARTESIAN_POINT('',(-0.884775403784,-0.510825317547,
    5.370833333333));
#11069 = CARTESIAN_POINT('',(-0.58985026919,-1.021650635095,
    5.404166666667));
#11070 = CARTESIAN_POINT('',(-1.251161180115E-16,-1.021650635095,5.4375)
  );
#11071 = CARTESIAN_POINT('',(0.58985026919,-1.021650635095,
    5.470833333333));
#11072 = CARTESIAN_POINT('',(0.884775403784,-0.510825317547,
    5.504166666667));
#11073 = CARTESIAN_POINT('',(1.179700538379,-2.222762701759E-15,5.5375)
  );
#11074 = CARTESIAN_POINT('',(0.884775403784,0.510825317547,
    5.570833333333));
#11075 = CARTESIAN_POINT('',(0.58985026919,1.021650635095,5.604166666667
    ));
#11076 = CARTESIAN_POINT('',(0.,1.021650635095,5.6375));
#11077 = ADVANCED_FACE('',(#11078),#11183,.T.);
#11078 = FACE_BOUND('',#11079,.T.);
#11079 = EDGE_LOOP('',(#11080,#11081,#11091,#11092,#11093,#11094,#11095,
    #11096,#11097,#11098,#11099,#11100,#11101,#11102,#11103,#11104,
    #11105,#11106,#11107,#11108,#11109,#11110,#11111,#11112,#11113,
    #11114,#11115,#11116,#11117,#11118,#11119,#11120,#11121,#11122,
    #11123,#11124,#11125,#11126,#11127,#11128,#11129,#11142,#11143,
    #11144,#11145,#11146,#11147,#11148,#11149,#11150,#11151,#11152,
    #11153,#11154,#11155,#11156,#11157,#11158,#11159,#11160,#11161,
    #11162,#11163,#11164,#11165,#11166,#11167,#11168,#11169,#11170,
    #11171,#11172,#11173,#11174,#11175,#11176,#11177,#11178,#11179,
    #11180,#11181,#11182));
#11080 = ORIENTED_EDGE('',*,*,#9798,.F.);
#11081 = ORIENTED_EDGE('',*,*,#11082,.T.);
#11082 = EDGE_CURVE('',#9790,#7848,#11083,.T.);
#11083 = ( BOUNDED_CURVE() B_SPLINE_CURVE(2,(#11084,#11085,#11086,#11087
    ,#11088,#11089,#11090),.UNSPECIFIED.,.F.,.F.) 
B_SPLINE_CURVE_WITH_KNOTS((3,2,2,3),(0.2,0.206666666667,0.213333333333,
0.22),.UNSPECIFIED.) CURVE() GEOMETRIC_REPRESENTATION_ITEM() 
RATIONAL_B_SPLINE_CURVE((1.,0.866025403784,1.,0.866025403784,1.,
0.866025403784,1.)) REPRESENTATION_ITEM('') );
#11084 = CARTESIAN_POINT('',(0.,1.,4.));
#11085 = CARTESIAN_POINT('',(0.57735026919,1.,3.966666666667));
#11086 = CARTESIAN_POINT('',(0.866025403784,0.5,3.933333333333));
#11087 = CARTESIAN_POINT('',(1.154700538379,-2.218170276263E-15,3.9));
#11088 = CARTESIAN_POINT('',(0.866025403784,-0.5,3.866666666667));
#11089 = CARTESIAN_POINT('',(0.57735026919,-1.,3.833333333333));
#11090 = CARTESIAN_POINT('',(-1.224646799147E-16,-1.,3.8));
#11091 = ORIENTED_EDGE('',*,*,#7847,.T.);
#11092 = ORIENTED_EDGE('',*,*,#7258,.T.);
#11093 = ORIENTED_EDGE('',*,*,#7817,.T.);
#11094 = ORIENTED_EDGE('',*,*,#7210,.T.);
#11095 = ORIENTED_EDGE('',*,*,#7787,.T.);
#11096 = ORIENTED_EDGE('',*,*,#7162,.T.);
#11097 = ORIENTED_EDGE('',*,*,#7757,.T.);
#11098 = ORIENTED_EDGE('',*,*,#7114,.T.);
#11099 = ORIENTED_EDGE('',*,*,#7727,.T.);
#11100 = ORIENTED_EDGE('',*,*,#7066,.T.);
#11101 = ORIENTED_EDGE('',*,*,#7697,.T.);
#11102 = ORIENTED_EDGE('',*,*,#7018,.T.);
#11103 = ORIENTED_EDGE('',*,*,#7667,.T.);
#11104 = ORIENTED_EDGE('',*,*,#6970,.T.);
#11105 = ORIENTED_EDGE('',*,*,#7637,.T.);
#11106 = ORIENTED_EDGE('',*,*,#6922,.T.);
#11107 = ORIENTED_EDGE('',*,*,#7607,.T.);
#11108 = ORIENTED_EDGE('',*,*,#6874,.T.);
#11109 = ORIENTED_EDGE('',*,*,#7577,.T.);
#11110 = ORIENTED_EDGE('',*,*,#6826,.T.);
#11111 = ORIENTED_EDGE('',*,*,#7547,.T.);
#11112 = ORIENTED_EDGE('',*,*,#6778,.T.);
#11113 = ORIENTED_EDGE('',*,*,#7517,.T.);
#11114 = ORIENTED_EDGE('',*,*,#6730,.T.);
#11115 = ORIENTED_EDGE('',*,*,#7487,.T.);
#11116 = ORIENTED_EDGE('',*,*,#6682,.T.);
#11117 = ORIENTED_EDGE('',*,*,#7457,.T.);
#11118 = ORIENTED_EDGE('',*,*,#6634,.T.);
#11119 = ORIENTED_EDGE('',*,*,#7427,.T.);
#11120 = ORIENTED_EDGE('',*,*,#6586,.T.);
#11121 = ORIENTED_EDGE('',*,*,#7397,.T.);
#11122 = ORIENTED_EDGE('',*,*,#6538,.T.);
#11123 = ORIENTED_EDGE('',*,*,#7367,.T.);
#11124 = ORIENTED_EDGE('',*,*,#6490,.T.);
#11125 = ORIENTED_EDGE('',*,*,#7337,.T.);
#11126 = ORIENTED_EDGE('',*,*,#6442,.T.);
#11127 = ORIENTED_EDGE('',*,*,#7307,.T.);
#11128 = ORIENTED_EDGE('',*,*,#6395,.T.);
#11129 = ORIENTED_EDGE('',*,*,#11130,.T.);
#11130 = EDGE_CURVE('',#6398,#7961,#11131,.T.);
#11131 = B_SPLINE_CURVE_WITH_KNOTS('',3,(#11132,#11133,#11134,#11135,
    #11136,#11137,#11138,#11139,#11140,#11141),.UNSPECIFIED.,.F.,.F.,(4,
    2,2,2,4),(3.01611850616E-18,3.540880937547E-04,7.081761875094E-04,
    1.062264281264E-03,1.416352375019E-03),.UNSPECIFIED.);
#11132 = CARTESIAN_POINT('',(1.,6.68175522064E-16,-3.7));
#11133 = CARTESIAN_POINT('',(0.981567621868,-0.116856594837,
    -3.718432378132));
#11134 = CARTESIAN_POINT('',(0.943074220165,-0.227484684135,
    -3.736912117195));
#11135 = CARTESIAN_POINT('',(0.827345733371,-0.43324586184,
    -3.773391699218));
#11136 = CARTESIAN_POINT('',(0.752731959859,-0.524720998111,
    -3.789809586206));
#11137 = CARTESIAN_POINT('',(0.567800439565,-0.670658663154,
    -3.828972192325));
#11138 = CARTESIAN_POINT('',(0.461220771439,-0.722991114926,
    -3.85013672497));
#11139 = CARTESIAN_POINT('',(0.234618909915,-0.779917921456,
    -3.893684409754));
#11140 = CARTESIAN_POINT('',(0.114904044688,-0.783958419324,
    -3.916041580676));
#11141 = CARTESIAN_POINT('',(-9.348922554028E-17,-0.763397459622,
    -3.936602540378));
#11142 = ORIENTED_EDGE('',*,*,#7960,.T.);
#11143 = ORIENTED_EDGE('',*,*,#9001,.T.);
#11144 = ORIENTED_EDGE('',*,*,#8028,.T.);
#11145 = ORIENTED_EDGE('',*,*,#9035,.T.);
#11146 = ORIENTED_EDGE('',*,*,#8080,.T.);
#11147 = ORIENTED_EDGE('',*,*,#9069,.T.);
#11148 = ORIENTED_EDGE('',*,*,#8132,.T.);
#11149 = ORIENTED_EDGE('',*,*,#9103,.T.);
#11150 = ORIENTED_EDGE('',*,*,#8184,.T.);
#11151 = ORIENTED_EDGE('',*,*,#9137,.T.);
#11152 = ORIENTED_EDGE('',*,*,#8236,.T.);
#11153 = ORIENTED_EDGE('',*,*,#9171,.T.);
#11154 = ORIENTED_EDGE('',*,*,#8288,.T.);
#11155 = ORIENTED_EDGE('',*,*,#9205,.T.);
#11156 = ORIENTED_EDGE('',*,*,#8340,.T.);
#11157 = ORIENTED_EDGE('',*,*,#9239,.T.);
#11158 = ORIENTED_EDGE('',*,*,#8392,.T.);
#11159 = ORIENTED_EDGE('',*,*,#9273,.T.);
#11160 = ORIENTED_EDGE('',*,*,#8444,.T.);
#11161 = ORIENTED_EDGE('',*,*,#9307,.T.);
#11162 = ORIENTED_EDGE('',*,*,#8496,.T.);
#11163 = ORIENTED_EDGE('',*,*,#9341,.T.);
#11164 = ORIENTED_EDGE('',*,*,#8548,.T.);
#11165 = ORIENTED_EDGE('',*,*,#9375,.T.);
#11166 = ORIENTED_EDGE('',*,*,#8600,.T.);
#11167 = ORIENTED_EDGE('',*,*,#9409,.T.);
#11168 = ORIENTED_EDGE('',*,*,#8652,.T.);
#11169 = ORIENTED_EDGE('',*,*,#9443,.T.);
#11170 = ORIENTED_EDGE('',*,*,#8704,.T.);
#11171 = ORIENTED_EDGE('',*,*,#9477,.T.);
#11172 = ORIENTED_EDGE('',*,*,#8756,.T.);
#11173 = ORIENTED_EDGE('',*,*,#9511,.T.);
#11174 = ORIENTED_EDGE('',*,*,#8808,.T.);
#11175 = ORIENTED_EDGE('',*,*,#9545,.T.);
#11176 = ORIENTED_EDGE('',*,*,#8860,.T.);
#11177 = ORIENTED_EDGE('',*,*,#9579,.T.);
#11178 = ORIENTED_EDGE('',*,*,#8912,.T.);
#11179 = ORIENTED_EDGE('',*,*,#9613,.T.);
#11180 = ORIENTED_EDGE('',*,*,#8964,.T.);
#11181 = ORIENTED_EDGE('',*,*,#9665,.T.);
#11182 = ORIENTED_EDGE('',*,*,#9750,.F.);
#11183 = ( BOUNDED_SURFACE() B_SPLINE_SURFACE(1,2,(
    (#11184,#11185,#11186,#11187,#11188,#11189,#11190,#11191,#11192
      ,#11193,#11194,#11195,#11196,#11197,#11198,#11199,#11200,#11201
      ,#11202,#11203,#11204,#11205,#11206,#11207,#11208,#11209,#11210
      ,#11211,#11212,#11213,#11214,#11215,#11216,#11217,#11218,#11219
      ,#11220,#11221,#11222,#11223,#11224,#11225,#11226,#11227,#11228
      ,#11229,#11230,#11231,#11232,#11233,#11234,#11235,#11236,#11237
      ,#11238,#11239,#11240,#11241,#11242,#11243,#11244,#11245,#11246
      ,#11247,#11248,#11249,#11250,#11251,#11252,#11253,#11254,#11255
      ,#11256,#11257,#11258,#11259,#11260,#11261,#11262,#11263,#11264
      ,#11265,#11266,#11267,#11268,#11269,#11270,#11271,#11272,#11273
      ,#11274,#11275,#11276,#11277,#11278,#11279,#11280,#11281,#11282
      ,#11283,#11284,#11285,#11286,#11287,#11288,#11289,#11290,#11291
      ,#11292,#11293,#11294,#11295,#11296,#11297,#11298,#11299,#11300
      ,#11301,#11302,#11303,#11304,#11305,#11306,#11307,#11308,#11309
      ,#11310,#11311,#11312,#11313,#11314,#11315,#11316,#11317,#11318
      ,#11319,#11320,#11321,#11322,#11323,#11324,#11325,#11326,#11327
      ,#11328,#11329,#11330,#11331,#11332,#11333,#11334,#11335,#11336
      ,#11337,#11338,#11339,#11340,#11341,#11342,#11343,#11344,#11345
      ,#11346,#11347,#11348,#11349,#11350,#11351,#11352,#11353,#11354
      ,#11355,#11356,#11357,#11358,#11359,#11360,#11361,#11362,#11363
      ,#11364,#11365,#11366,#11367,#11368,#11369,#11370,#11371,#11372
      ,#11373,#11374,#11375,#11376,#11377,#11378,#11379,#11380,#11381
      ,#11382,#11383,#11384,#11385,#11386,#11387,#11388,#11389,#11390
      ,#11391,#11392,#11393,#11394,#11395,#11396,#11397,#11398,#11399
      ,#11400,#11401,#11402,#11403,#11404,#11405,#11406,#11407,#11408
      ,#11409,#11410,#11411,#11412,#11413,#11414,#11415,#11416,#11417
      ,#11418,#11419,#11420,#11421,#11422,#11423,#11424,#11425,#11426
      ,#11427,#11428,#11429,#11430,#11431,#11432,#11433,#11434,#11435
      ,#11436,#11437,#11438,#11439,#11440,#11441,#11442,#11443,#11444
      ,#11445,#11446,#11447,#11448,#11449,#11450,#11451,#11452,#11453
      ,#11454,#11455,#11456,#11457,#11458,#11459,#11460,#11461,#11462
      ,#11463,#11464,#11465,#11466,#11467,#11468,#11469,#11470,#11471
      ,#11472,#11473,#11474,#11475,#11476,#11477,#11478,#11479,#11480
      ,#11481,#11482,#11483,#11484)
    ,(#11485,#11486,#11487,#11488,#11489,#11490,#11491,#11492,#11493
      ,#11494,#11495,#11496,#11497,#11498,#11499,#11500,#11501,#11502
      ,#11503,#11504,#11505,#11506,#11507,#11508,#11509,#11510,#11511
      ,#11512,#11513,#11514,#11515,#11516,#11517,#11518,#11519,#11520
      ,#11521,#11522,#11523,#11524,#11525,#11526,#11527,#11528,#11529
      ,#11530,#11531,#11532,#11533,#11534,#11535,#11536,#11537,#11538
      ,#11539,#11540,#11541,#11542,#11543,#11544,#11545,#11546,#11547
      ,#11548,#11549,#11550,#11551,#11552,#11553,#11554,#11555,#11556
      ,#11557,#11558,#11559,#11560,#11561,#11562,#11563,#11564,#11565
      ,#11566,#11567,#11568,#11569,#11570,#11571,#11572,#11573,#11574
      ,#11575,#11576,#11577,#11578,#11579,#11580,#11581,#11582,#11583
      ,#11584,#11585,#11586,#11587,#11588,#11589,#11590,#11591,#11592
      ,#11593,#11594,#11595,#11596,#11597,#11598,#11599,#11600,#11601
      ,#11602,#11603,#11604,#11605,#11606,#11607,#11608,#11609,#11610
      ,#11611,#11612,#11613,#11614,#11615,#11616,#11617,#11618,#11619
      ,#11620,#11621,#11622,#11623,#11624,#11625,#11626,#11627,#11628
      ,#11629,#11630,#11631,#11632,#11633,#11634,#11635,#11636,#11637
      ,#11638,#11639,#11640,#11641,#11642,#11643,#11644,#11645,#11646
      ,#11647,#11648,#11649,#11650,#11651,#11652,#11653,#11654,#11655
      ,#11656,#11657,#11658,#11659,#11660,#11661,#11662,#11663,#11664
      ,#11665,#11666,#11667,#11668,#11669,#11670,#11671,#11672,#11673
      ,#11674,#11675,#11676,#11677,#11678,#11679,#11680,#11681,#11682
      ,#11683,#11684,#11685,#11686,#11687,#11688,#11689,#11690,#11691
      ,#11692,#11693,#11694,#11695,#11696,#11697,#11698,#11699,#11700
      ,#11701,#11702,#11703,#11704,#11705,#11706,#11707,#11708,#11709
      ,#11710,#11711,#11712,#11713,#11714,#11715,#11716,#11717,#11718
      ,#11719,#11720,#11721,#11722,#11723,#11724,#11725,#11726,#11727
      ,#11728,#11729,#11730,#11731,#11732,#11733,#11734,#11735,#11736
      ,#11737,#11738,#11739,#11740,#11741,#11742,#11743,#11744,#11745
      ,#11746,#11747,#11748,#11749,#11750,#11751,#11752,#11753,#11754
      ,#11755,#11756,#11757,#11758,#11759,#11760,#11761,#11762,#11763
      ,#11764,#11765,#11766,#11767,#11768,#11769,#11770,#11771,#11772
      ,#11773,#11774,#11775,#11776,#11777,#11778,#11779,#11780,#11781
      ,#11782,#11783,#11784,#11785
)),.UNSPECIFIED.,.F.,.F.,.F.) B_SPLINE_SURFACE_WITH_KNOTS((2,2),(3,2,2,2
    ,2,2,2,2,2,2,2,2,2,2,2,2,2,2,2,2,2,2,2,2,2,2,2,2,2,2,2,2,2,2,2,2,2,2
    ,2,2,2,2,2,2,2,2,2,2,2,2,2,2,2,2,2,2,2,2,2,2,2,2,2,2,2,2,2,2,2,2,2,2
    ,2,2,2,2,2,2,2,2,2,2,2,2,2,2,2,2,2,2,2,2,2,2,2,2,2,2,2,2,2,2,2,2,2,2
    ,2,2,2,2,2,2,2,2,2,2,2,2,2,2,2,2,2,2,2,2,2,2,2,2,2,2,2,2,2,2,2,2,2,2
    ,2,2,2,2,2,2,2,2,2,2,3),(0.,1.),(0.,6.666666666667E-03,
    1.333333333333E-02,2.E-02,2.666666666667E-02,3.333333333333E-02,
    4.E-02,4.666666666667E-02,5.333333333333E-02,6.E-02,
    6.666666666667E-02,7.333333333333E-02,8.E-02,8.666666666667E-02,
    9.333333333333E-02,0.1,0.106666666667,0.113333333333,0.12,
    0.126666666667,0.133333333333,0.14,0.146666666667,0.153333333333,
    0.16,0.166666666667,0.173333333333,0.18,0.186666666667,
    0.193333333333,0.2,0.206666666667,0.213333333333,0.22,0.226666666667
    ,0.233333333333,0.24,0.246666666667,0.253333333333,0.26,
    0.266666666667,0.273333333333,0.28,0.286666666667,0.293333333333,0.3
    ,0.306666666667,0.313333333333,0.32,0.326666666667,0.333333333333,
    0.34,0.346666666667,0.353333333333,0.36,0.366666666667,
    0.373333333333,0.38,0.386666666667,0.393333333333,0.4,0.406666666667
    ,0.413333333333,0.42,0.426666666667,0.433333333333,0.44,
    0.446666666667,0.453333333333,0.46,0.466666666667,0.473333333333,
    0.48,0.486666666667,0.493333333333,0.5,0.506666666667,0.513333333333
    ,0.52,0.526666666667,0.533333333333,0.54,0.546666666667,
    0.553333333333,0.56,0.566666666667,0.573333333333,0.58,
    0.586666666667,0.593333333333,0.6,0.606666666667,0.613333333333,0.62
    ,0.626666666667,0.633333333333,0.64,0.646666666667,0.653333333333,
    0.66,0.666666666667,0.673333333333,0.68,0.686666666667,
    0.693333333333,0.7,0.706666666667,0.713333333333,0.72,0.726666666667
    ,0.733333333333,0.74,0.746666666667,0.753333333333,0.76,
    0.766666666667,0.773333333333,0.78,0.786666666667,0.793333333333,0.8
    ,0.806666666667,0.813333333333,0.82,0.826666666667,0.833333333333,
    0.84,0.846666666667,0.853333333333,0.86,0.866666666667,
    0.873333333333,0.88,0.886666666667,0.893333333333,0.9,0.906666666667
    ,0.913333333333,0.92,0.926666666667,0.933333333333,0.94,
    0.946666666667,0.953333333333,0.96,0.966666666667,0.973333333333,
    0.98,0.986666666667,0.993333333333,1.),.PIECEWISE_BEZIER_KNOTS.) 
GEOMETRIC_REPRESENTATION_ITEM() RATIONAL_B_SPLINE_SURFACE((
    (1.,0.866025403784,1.,0.866025403784,1.,0.866025403784,1.
      ,0.866025403784,1.,0.866025403784,1.,0.866025403784,1.
      ,0.866025403784,1.,0.866025403784,1.,0.866025403784,1.
      ,0.866025403784,1.,0.866025403784,1.,0.866025403784,1.
      ,0.866025403784,1.,0.866025403784,1.,0.866025403784,1.
      ,0.866025403784,1.,0.866025403784,1.,0.866025403784,1.
      ,0.866025403784,1.,0.866025403784,1.,0.866025403784,1.
      ,0.866025403784,1.,0.866025403784,1.,0.866025403784,1.
      ,0.866025403784,1.,0.866025403784,1.,0.866025403784,1.
      ,0.866025403784,1.,0.866025403784,1.,0.866025403784,1.
      ,0.866025403784,1.,0.866025403784,1.,0.866025403784,1.
      ,0.866025403784,1.,0.866025403784,1.,0.866025403784,1.
      ,0.866025403784,1.,0.866025403784,1.,0.866025403784,1.
      ,0.866025403784,1.,0.866025403784,1.,0.866025403784,1.
      ,0.866025403784,1.,0.866025403784,1.,0.866025403784,1.
      ,0.866025403784,1.,0.866025403784,1.,0.866025403784,1.
      ,0.866025403784,1.,0.866025403784,1.,0.866025403784,1.
      ,0.866025403784,1.,0.866025403784,1.,0.866025403784,1.
      ,0.866025403784,1.,0.866025403784,1.,0.866025403784,1.
      ,0.866025403784,1.,0.866025403784,1.,0.866025403784,1.
      ,0.866025403784,1.,0.866025403784,1.,0.866025403784,1.
      ,0.866025403784,1.,0.866025403784,1.,0.866025403784,1.
      ,0.866025403784,1.,0.866025403784,1.,0.866025403784,1.
      ,0.866025403784,1.,0.866025403784,1.,0.866025403784,1.
      ,0.866025403784,1.,0.866025403784,1.,0.866025403784,1.
      ,0.866025403784,1.,0.866025403784,1.,0.866025403784,1.
      ,0.866025403784,1.,0.866025403784,1.,0.866025403784,1.
      ,0.866025403784,1.,0.866025403784,1.,0.866025403784,1.
      ,0.866025403784,1.,0.866025403784,1.,0.866025403784,1.
      ,0.866025403784,1.,0.866025403784,1.,0.866025403784,1.
      ,0.866025403784,1.,0.866025403784,1.,0.866025403784,1.
      ,0.866025403784,1.,0.866025403784,1.,0.866025403784,1.
      ,0.866025403784,1.,0.866025403784,1.,0.866025403784,1.
      ,0.866025403784,1.,0.866025403784,1.,0.866025403784,1.
      ,0.866025403784,1.,0.866025403784,1.,0.866025403784,1.
      ,0.866025403784,1.,0.866025403784,1.,0.866025403784,1.
      ,0.866025403784,1.,0.866025403784,1.,0.866025403784,1.
      ,0.866025403784,1.,0.866025403784,1.,0.866025403784,1.
      ,0.866025403784,1.,0.866025403784,1.,0.866025403784,1.
      ,0.866025403784,1.,0.866025403784,1.,0.866025403784,1.
      ,0.866025403784,1.,0.866025403784,1.,0.866025403784,1.
      ,0.866025403784,1.,0.866025403784,1.,0.866025403784,1.
      ,0.866025403784,1.,0.866025403784,1.,0.866025403784,1.
      ,0.866025403784,1.,0.866025403784,1.,0.866025403784,1.
      ,0.866025403784,1.,0.866025403784,1.,0.866025403784,1.
      ,0.866025403784,1.,0.866025403784,1.,0.866025403784,1.
      ,0.866025403784,1.,0.866025403784,1.,0.866025403784,1.
      ,0.866025403784,1.,0.866025403784,1.,0.866025403784,1.
      ,0.866025403784,1.,0.866025403784,1.,0.866025403784,1.
      ,0.866025403784,1.,0.866025403784,1.,0.866025403784,1.)
    ,(1.,0.866025403784,1.,0.866025403784,1.,0.866025403784,1.
      ,0.866025403784,1.,0.866025403784,1.,0.866025403784,1.
      ,0.866025403784,1.,0.866025403784,1.,0.866025403784,1.
      ,0.866025403784,1.,0.866025403784,1.,0.866025403784,1.
      ,0.866025403784,1.,0.866025403784,1.,0.866025403784,1.
      ,0.866025403784,1.,0.866025403784,1.,0.866025403784,1.
      ,0.866025403784,1.,0.866025403784,1.,0.866025403784,1.
      ,0.866025403784,1.,0.866025403784,1.,0.866025403784,1.
      ,0.866025403784,1.,0.866025403784,1.,0.866025403784,1.
      ,0.866025403784,1.,0.866025403784,1.,0.866025403784,1.
      ,0.866025403784,1.,0.866025403784,1.,0.866025403784,1.
      ,0.866025403784,1.,0.866025403784,1.,0.866025403784,1.
      ,0.866025403784,1.,0.866025403784,1.,0.866025403784,1.
      ,0.866025403784,1.,0.866025403784,1.,0.866025403784,1.
      ,0.866025403784,1.,0.866025403784,1.,0.866025403784,1.
      ,0.866025403784,1.,0.866025403784,1.,0.866025403784,1.
      ,0.866025403784,1.,0.866025403784,1.,0.866025403784,1.
      ,0.866025403784,1.,0.866025403784,1.,0.866025403784,1.
      ,0.866025403784,1.,0.866025403784,1.,0.866025403784,1.
      ,0.866025403784,1.,0.866025403784,1.,0.866025403784,1.
      ,0.866025403784,1.,0.866025403784,1.,0.866025403784,1.
      ,0.866025403784,1.,0.866025403784,1.,0.866025403784,1.
      ,0.866025403784,1.,0.866025403784,1.,0.866025403784,1.
      ,0.866025403784,1.,0.866025403784,1.,0.866025403784,1.
      ,0.866025403784,1.,0.866025403784,1.,0.866025403784,1.
      ,0.866025403784,1.,0.866025403784,1.,0.866025403784,1.
      ,0.866025403784,1.,0.866025403784,1.,0.866025403784,1.
      ,0.866025403784,1.,0.866025403784,1.,0.866025403784,1.
      ,0.866025403784,1.,0.866025403784,1.,0.866025403784,1.
      ,0.866025403784,1.,0.866025403784,1.,0.866025403784,1.
      ,0.866025403784,1.,0.866025403784,1.,0.866025403784,1.
      ,0.866025403784,1.,0.866025403784,1.,0.866025403784,1.
      ,0.866025403784,1.,0.866025403784,1.,0.866025403784,1.
      ,0.866025403784,1.,0.866025403784,1.,0.866025403784,1.
      ,0.866025403784,1.,0.866025403784,1.,0.866025403784,1.
      ,0.866025403784,1.,0.866025403784,1.,0.866025403784,1.
      ,0.866025403784,1.,0.866025403784,1.,0.866025403784,1.
      ,0.866025403784,1.,0.866025403784,1.,0.866025403784,1.
      ,0.866025403784,1.,0.866025403784,1.,0.866025403784,1.
      ,0.866025403784,1.,0.866025403784,1.,0.866025403784,1.
      ,0.866025403784,1.,0.866025403784,1.,0.866025403784,1.
      ,0.866025403784,1.,0.866025403784,1.,0.866025403784,1.
      ,0.866025403784,1.,0.866025403784,1.,0.866025403784,1.
      ,0.866025403784,1.,0.866025403784,1.,0.866025403784,1.
      ,0.866025403784,1.,0.866025403784,1.,0.866025403784,1.
      ,0.866025403784,1.,0.866025403784,1.,0.866025403784,1.
      ,0.866025403784,1.,0.866025403784,1.,0.866025403784,1.
      ,0.866025403784,1.,0.866025403784,1.,0.866025403784,1.
      ,0.866025403784,1.,0.866025403784,1.,0.866025403784,1.
      ,0.866025403784,1.,0.866025403784,1.,0.866025403784,1.
))) REPRESENTATION_ITEM('') SURFACE() );
#11184 = CARTESIAN_POINT('',(0.,1.021650635095,-3.9875));
#11185 = CARTESIAN_POINT('',(-0.58985026919,1.021650635095,
    -3.954166666667));
#11186 = CARTESIAN_POINT('',(-0.884775403784,0.510825317547,
    -3.920833333333));
#11187 = CARTESIAN_POINT('',(-1.179700538379,-1.933819404104E-15,-3.8875
    ));
#11188 = CARTESIAN_POINT('',(-0.884775403784,-0.510825317547,
    -3.854166666667));
#11189 = CARTESIAN_POINT('',(-0.58985026919,-1.021650635095,
    -3.820833333333));
#11190 = CARTESIAN_POINT('',(-1.251161180115E-16,-1.021650635095,-3.7875
    ));
#11191 = CARTESIAN_POINT('',(0.58985026919,-1.021650635095,
    -3.754166666667));
#11192 = CARTESIAN_POINT('',(0.884775403784,-0.510825317547,
    -3.720833333333));
#11193 = CARTESIAN_POINT('',(1.179700538379,-2.222762701759E-15,-3.6875)
  );
#11194 = CARTESIAN_POINT('',(0.884775403784,0.510825317547,
    -3.654166666667));
#11195 = CARTESIAN_POINT('',(0.58985026919,1.021650635095,
    -3.620833333333));
#11196 = CARTESIAN_POINT('',(0.,1.021650635095,-3.5875));
#11197 = CARTESIAN_POINT('',(-0.58985026919,1.021650635095,
    -3.554166666667));
#11198 = CARTESIAN_POINT('',(-0.884775403784,0.510825317547,
    -3.520833333333));
#11199 = CARTESIAN_POINT('',(-1.179700538379,-1.933819404104E-15,-3.4875
    ));
#11200 = CARTESIAN_POINT('',(-0.884775403784,-0.510825317547,
    -3.454166666667));
#11201 = CARTESIAN_POINT('',(-0.58985026919,-1.021650635095,
    -3.420833333333));
#11202 = CARTESIAN_POINT('',(-1.251161180115E-16,-1.021650635095,-3.3875
    ));
#11203 = CARTESIAN_POINT('',(0.58985026919,-1.021650635095,
    -3.354166666667));
#11204 = CARTESIAN_POINT('',(0.884775403784,-0.510825317547,
    -3.320833333333));
#11205 = CARTESIAN_POINT('',(1.179700538379,-2.222762701759E-15,-3.2875)
  );
#11206 = CARTESIAN_POINT('',(0.884775403784,0.510825317547,
    -3.254166666667));
#11207 = CARTESIAN_POINT('',(0.58985026919,1.021650635095,
    -3.220833333333));
#11208 = CARTESIAN_POINT('',(0.,1.021650635095,-3.1875));
#11209 = CARTESIAN_POINT('',(-0.58985026919,1.021650635095,
    -3.154166666667));
#11210 = CARTESIAN_POINT('',(-0.884775403784,0.510825317547,
    -3.120833333333));
#11211 = CARTESIAN_POINT('',(-1.179700538379,-1.933819404104E-15,-3.0875
    ));
#11212 = CARTESIAN_POINT('',(-0.884775403784,-0.510825317547,
    -3.054166666667));
#11213 = CARTESIAN_POINT('',(-0.58985026919,-1.021650635095,
    -3.020833333333));
#11214 = CARTESIAN_POINT('',(-1.251161180115E-16,-1.021650635095,-2.9875
    ));
#11215 = CARTESIAN_POINT('',(0.58985026919,-1.021650635095,
    -2.954166666667));
#11216 = CARTESIAN_POINT('',(0.884775403784,-0.510825317547,
    -2.920833333333));
#11217 = CARTESIAN_POINT('',(1.179700538379,-2.222762701759E-15,-2.8875)
  );
#11218 = CARTESIAN_POINT('',(0.884775403784,0.510825317547,
    -2.854166666667));
#11219 = CARTESIAN_POINT('',(0.58985026919,1.021650635095,
    -2.820833333333));
#11220 = CARTESIAN_POINT('',(0.,1.021650635095,-2.7875));
#11221 = CARTESIAN_POINT('',(-0.58985026919,1.021650635095,
    -2.754166666667));
#11222 = CARTESIAN_POINT('',(-0.884775403784,0.510825317547,
    -2.720833333333));
#11223 = CARTESIAN_POINT('',(-1.179700538379,-1.933819404104E-15,-2.6875
    ));
#11224 = CARTESIAN_POINT('',(-0.884775403784,-0.510825317547,
    -2.654166666667));
#11225 = CARTESIAN_POINT('',(-0.58985026919,-1.021650635095,
    -2.620833333333));
#11226 = CARTESIAN_POINT('',(-1.251161180115E-16,-1.021650635095,-2.5875
    ));
#11227 = CARTESIAN_POINT('',(0.58985026919,-1.021650635095,
    -2.554166666667));
#11228 = CARTESIAN_POINT('',(0.884775403784,-0.510825317547,
    -2.520833333333));
#11229 = CARTESIAN_POINT('',(1.179700538379,-2.222762701759E-15,-2.4875)
  );
#11230 = CARTESIAN_POINT('',(0.884775403784,0.510825317547,
    -2.454166666667));
#11231 = CARTESIAN_POINT('',(0.58985026919,1.021650635095,
    -2.420833333333));
#11232 = CARTESIAN_POINT('',(0.,1.021650635095,-2.3875));
#11233 = CARTESIAN_POINT('',(-0.58985026919,1.021650635095,
    -2.354166666667));
#11234 = CARTESIAN_POINT('',(-0.884775403784,0.510825317547,
    -2.320833333333));
#11235 = CARTESIAN_POINT('',(-1.179700538379,-1.933819404104E-15,-2.2875
    ));
#11236 = CARTESIAN_POINT('',(-0.884775403784,-0.510825317547,
    -2.254166666667));
#11237 = CARTESIAN_POINT('',(-0.58985026919,-1.021650635095,
    -2.220833333333));
#11238 = CARTESIAN_POINT('',(-1.251161180115E-16,-1.021650635095,-2.1875
    ));
#11239 = CARTESIAN_POINT('',(0.58985026919,-1.021650635095,
    -2.154166666667));
#11240 = CARTESIAN_POINT('',(0.884775403784,-0.510825317547,
    -2.120833333333));
#11241 = CARTESIAN_POINT('',(1.179700538379,-2.222762701759E-15,-2.0875)
  );
#11242 = CARTESIAN_POINT('',(0.884775403784,0.510825317547,
    -2.054166666667));
#11243 = CARTESIAN_POINT('',(0.58985026919,1.021650635095,
    -2.020833333333));
#11244 = CARTESIAN_POINT('',(0.,1.021650635095,-1.9875));
#11245 = CARTESIAN_POINT('',(-0.58985026919,1.021650635095,
    -1.954166666667));
#11246 = CARTESIAN_POINT('',(-0.884775403784,0.510825317547,
    -1.920833333333));
#11247 = CARTESIAN_POINT('',(-1.179700538379,-1.933819404104E-15,-1.8875
    ));
#11248 = CARTESIAN_POINT('',(-0.884775403784,-0.510825317547,
    -1.854166666667));
#11249 = CARTESIAN_POINT('',(-0.58985026919,-1.021650635095,
    -1.820833333333));
#11250 = CARTESIAN_POINT('',(-1.251161180115E-16,-1.021650635095,-1.7875
    ));
#11251 = CARTESIAN_POINT('',(0.58985026919,-1.021650635095,
    -1.754166666667));
#11252 = CARTESIAN_POINT('',(0.884775403784,-0.510825317547,
    -1.720833333333));
#11253 = CARTESIAN_POINT('',(1.179700538379,-2.222762701759E-15,-1.6875)
  );
#11254 = CARTESIAN_POINT('',(0.884775403784,0.510825317547,
    -1.654166666667));
#11255 = CARTESIAN_POINT('',(0.58985026919,1.021650635095,
    -1.620833333333));
#11256 = CARTESIAN_POINT('',(0.,1.021650635095,-1.5875));
#11257 = CARTESIAN_POINT('',(-0.58985026919,1.021650635095,
    -1.554166666667));
#11258 = CARTESIAN_POINT('',(-0.884775403784,0.510825317547,
    -1.520833333333));
#11259 = CARTESIAN_POINT('',(-1.179700538379,-1.933819404104E-15,-1.4875
    ));
#11260 = CARTESIAN_POINT('',(-0.884775403784,-0.510825317547,
    -1.454166666667));
#11261 = CARTESIAN_POINT('',(-0.58985026919,-1.021650635095,
    -1.420833333333));
#11262 = CARTESIAN_POINT('',(-1.251161180115E-16,-1.021650635095,-1.3875
    ));
#11263 = CARTESIAN_POINT('',(0.58985026919,-1.021650635095,
    -1.354166666667));
#11264 = CARTESIAN_POINT('',(0.884775403784,-0.510825317547,
    -1.320833333333));
#11265 = CARTESIAN_POINT('',(1.179700538379,-2.222762701759E-15,-1.2875)
  );
#11266 = CARTESIAN_POINT('',(0.884775403784,0.510825317547,
    -1.254166666667));
#11267 = CARTESIAN_POINT('',(0.58985026919,1.021650635095,
    -1.220833333333));
#11268 = CARTESIAN_POINT('',(0.,1.021650635095,-1.1875));
#11269 = CARTESIAN_POINT('',(-0.58985026919,1.021650635095,
    -1.154166666667));
#11270 = CARTESIAN_POINT('',(-0.884775403784,0.510825317547,
    -1.120833333333));
#11271 = CARTESIAN_POINT('',(-1.179700538379,-1.933819404104E-15,-1.0875
    ));
#11272 = CARTESIAN_POINT('',(-0.884775403784,-0.510825317547,
    -1.054166666667));
#11273 = CARTESIAN_POINT('',(-0.58985026919,-1.021650635095,
    -1.020833333333));
#11274 = CARTESIAN_POINT('',(-1.251161180115E-16,-1.021650635095,-0.9875
    ));
#11275 = CARTESIAN_POINT('',(0.58985026919,-1.021650635095,
    -0.954166666667));
#11276 = CARTESIAN_POINT('',(0.884775403784,-0.510825317547,
    -0.920833333333));
#11277 = CARTESIAN_POINT('',(1.179700538379,-2.222762701759E-15,-0.8875)
  );
#11278 = CARTESIAN_POINT('',(0.884775403784,0.510825317547,
    -0.854166666667));
#11279 = CARTESIAN_POINT('',(0.58985026919,1.021650635095,
    -0.820833333333));
#11280 = CARTESIAN_POINT('',(0.,1.021650635095,-0.7875));
#11281 = CARTESIAN_POINT('',(-0.58985026919,1.021650635095,
    -0.754166666667));
#11282 = CARTESIAN_POINT('',(-0.884775403784,0.510825317547,
    -0.720833333333));
#11283 = CARTESIAN_POINT('',(-1.179700538379,-1.933819404104E-15,-0.6875
    ));
#11284 = CARTESIAN_POINT('',(-0.884775403784,-0.510825317547,
    -0.654166666667));
#11285 = CARTESIAN_POINT('',(-0.58985026919,-1.021650635095,
    -0.620833333333));
#11286 = CARTESIAN_POINT('',(-1.251161180115E-16,-1.021650635095,-0.5875
    ));
#11287 = CARTESIAN_POINT('',(0.58985026919,-1.021650635095,
    -0.554166666667));
#11288 = CARTESIAN_POINT('',(0.884775403784,-0.510825317547,
    -0.520833333333));
#11289 = CARTESIAN_POINT('',(1.179700538379,-2.222762701759E-15,-0.4875)
  );
#11290 = CARTESIAN_POINT('',(0.884775403784,0.510825317547,
    -0.454166666667));
#11291 = CARTESIAN_POINT('',(0.58985026919,1.021650635095,
    -0.420833333333));
#11292 = CARTESIAN_POINT('',(0.,1.021650635095,-0.3875));
#11293 = CARTESIAN_POINT('',(-0.58985026919,1.021650635095,
    -0.354166666667));
#11294 = CARTESIAN_POINT('',(-0.884775403784,0.510825317547,
    -0.320833333333));
#11295 = CARTESIAN_POINT('',(-1.179700538379,-1.933819404104E-15,-0.2875
    ));
#11296 = CARTESIAN_POINT('',(-0.884775403784,-0.510825317547,
    -0.254166666667));
#11297 = CARTESIAN_POINT('',(-0.58985026919,-1.021650635095,
    -0.220833333333));
#11298 = CARTESIAN_POINT('',(-1.251161180115E-16,-1.021650635095,-0.1875
    ));
#11299 = CARTESIAN_POINT('',(0.58985026919,-1.021650635095,
    -0.154166666667));
#11300 = CARTESIAN_POINT('',(0.884775403784,-0.510825317547,
    -0.120833333333));
#11301 = CARTESIAN_POINT('',(1.179700538379,-2.222762701759E-15,
    -8.750000000001E-02));
#11302 = CARTESIAN_POINT('',(0.884775403784,0.510825317547,
    -5.416666666668E-02));
#11303 = CARTESIAN_POINT('',(0.58985026919,1.021650635095,
    -2.083333333334E-02));
#11304 = CARTESIAN_POINT('',(0.,1.021650635095,1.249999999999E-02));
#11305 = CARTESIAN_POINT('',(-0.58985026919,1.021650635095,
    4.583333333332E-02));
#11306 = CARTESIAN_POINT('',(-0.884775403784,0.510825317547,
    7.916666666666E-02));
#11307 = CARTESIAN_POINT('',(-1.179700538379,-1.933819404104E-15,0.1125)
  );
#11308 = CARTESIAN_POINT('',(-0.884775403784,-0.510825317547,
    0.145833333333));
#11309 = CARTESIAN_POINT('',(-0.58985026919,-1.021650635095,
    0.179166666667));
#11310 = CARTESIAN_POINT('',(-1.251161180115E-16,-1.021650635095,0.2125)
  );
#11311 = CARTESIAN_POINT('',(0.58985026919,-1.021650635095,
    0.245833333333));
#11312 = CARTESIAN_POINT('',(0.884775403784,-0.510825317547,
    0.279166666667));
#11313 = CARTESIAN_POINT('',(1.179700538379,-2.222762701759E-15,0.3125)
  );
#11314 = CARTESIAN_POINT('',(0.884775403784,0.510825317547,
    0.345833333333));
#11315 = CARTESIAN_POINT('',(0.58985026919,1.021650635095,0.379166666667
    ));
#11316 = CARTESIAN_POINT('',(0.,1.021650635095,0.4125));
#11317 = CARTESIAN_POINT('',(-0.58985026919,1.021650635095,
    0.445833333333));
#11318 = CARTESIAN_POINT('',(-0.884775403784,0.510825317547,
    0.479166666667));
#11319 = CARTESIAN_POINT('',(-1.179700538379,-1.933819404104E-15,0.5125)
  );
#11320 = CARTESIAN_POINT('',(-0.884775403784,-0.510825317547,
    0.545833333333));
#11321 = CARTESIAN_POINT('',(-0.58985026919,-1.021650635095,
    0.579166666667));
#11322 = CARTESIAN_POINT('',(-1.251161180115E-16,-1.021650635095,0.6125)
  );
#11323 = CARTESIAN_POINT('',(0.58985026919,-1.021650635095,
    0.645833333333));
#11324 = CARTESIAN_POINT('',(0.884775403784,-0.510825317547,
    0.679166666667));
#11325 = CARTESIAN_POINT('',(1.179700538379,-2.222762701759E-15,0.7125)
  );
#11326 = CARTESIAN_POINT('',(0.884775403784,0.510825317547,
    0.745833333333));
#11327 = CARTESIAN_POINT('',(0.58985026919,1.021650635095,0.779166666667
    ));
#11328 = CARTESIAN_POINT('',(0.,1.021650635095,0.8125));
#11329 = CARTESIAN_POINT('',(-0.58985026919,1.021650635095,
    0.845833333333));
#11330 = CARTESIAN_POINT('',(-0.884775403784,0.510825317547,
    0.879166666667));
#11331 = CARTESIAN_POINT('',(-1.179700538379,-1.933819404104E-15,0.9125)
  );
#11332 = CARTESIAN_POINT('',(-0.884775403784,-0.510825317547,
    0.945833333333));
#11333 = CARTESIAN_POINT('',(-0.58985026919,-1.021650635095,
    0.979166666667));
#11334 = CARTESIAN_POINT('',(-1.251161180115E-16,-1.021650635095,1.0125)
  );
#11335 = CARTESIAN_POINT('',(0.58985026919,-1.021650635095,
    1.045833333333));
#11336 = CARTESIAN_POINT('',(0.884775403784,-0.510825317547,
    1.079166666667));
#11337 = CARTESIAN_POINT('',(1.179700538379,-2.222762701759E-15,1.1125)
  );
#11338 = CARTESIAN_POINT('',(0.884775403784,0.510825317547,
    1.145833333333));
#11339 = CARTESIAN_POINT('',(0.58985026919,1.021650635095,1.179166666667
    ));
#11340 = CARTESIAN_POINT('',(0.,1.021650635095,1.2125));
#11341 = CARTESIAN_POINT('',(-0.58985026919,1.021650635095,
    1.245833333333));
#11342 = CARTESIAN_POINT('',(-0.884775403784,0.510825317547,
    1.279166666667));
#11343 = CARTESIAN_POINT('',(-1.179700538379,-1.933819404104E-15,1.3125)
  );
#11344 = CARTESIAN_POINT('',(-0.884775403784,-0.510825317547,
    1.345833333333));
#11345 = CARTESIAN_POINT('',(-0.58985026919,-1.021650635095,
    1.379166666667));
#11346 = CARTESIAN_POINT('',(-1.251161180115E-16,-1.021650635095,1.4125)
  );
#11347 = CARTESIAN_POINT('',(0.58985026919,-1.021650635095,
    1.445833333333));
#11348 = CARTESIAN_POINT('',(0.884775403784,-0.510825317547,
    1.479166666667));
#11349 = CARTESIAN_POINT('',(1.179700538379,-2.222762701759E-15,1.5125)
  );
#11350 = CARTESIAN_POINT('',(0.884775403784,0.510825317547,
    1.545833333333));
#11351 = CARTESIAN_POINT('',(0.58985026919,1.021650635095,1.579166666667
    ));
#11352 = CARTESIAN_POINT('',(0.,1.021650635095,1.6125));
#11353 = CARTESIAN_POINT('',(-0.58985026919,1.021650635095,
    1.645833333333));
#11354 = CARTESIAN_POINT('',(-0.884775403784,0.510825317547,
    1.679166666667));
#11355 = CARTESIAN_POINT('',(-1.179700538379,-1.933819404104E-15,1.7125)
  );
#11356 = CARTESIAN_POINT('',(-0.884775403784,-0.510825317547,
    1.745833333333));
#11357 = CARTESIAN_POINT('',(-0.58985026919,-1.021650635095,
    1.779166666667));
#11358 = CARTESIAN_POINT('',(-1.251161180115E-16,-1.021650635095,1.8125)
  );
#11359 = CARTESIAN_POINT('',(0.58985026919,-1.021650635095,
    1.845833333333));
#11360 = CARTESIAN_POINT('',(0.884775403784,-0.510825317547,
    1.879166666667));
#11361 = CARTESIAN_POINT('',(1.179700538379,-2.222762701759E-15,1.9125)
  );
#11362 = CARTESIAN_POINT('',(0.884775403784,0.510825317547,
    1.945833333333));
#11363 = CARTESIAN_POINT('',(0.58985026919,1.021650635095,1.979166666667
    ));
#11364 = CARTESIAN_POINT('',(0.,1.021650635095,2.0125));
#11365 = CARTESIAN_POINT('',(-0.58985026919,1.021650635095,
    2.045833333333));
#11366 = CARTESIAN_POINT('',(-0.884775403784,0.510825317547,
    2.079166666667));
#11367 = CARTESIAN_POINT('',(-1.179700538379,-1.933819404104E-15,2.1125)
  );
#11368 = CARTESIAN_POINT('',(-0.884775403784,-0.510825317547,
    2.145833333333));
#11369 = CARTESIAN_POINT('',(-0.58985026919,-1.021650635095,
    2.179166666667));
#11370 = CARTESIAN_POINT('',(-1.251161180115E-16,-1.021650635095,2.2125)
  );
#11371 = CARTESIAN_POINT('',(0.58985026919,-1.021650635095,
    2.245833333333));
#11372 = CARTESIAN_POINT('',(0.884775403784,-0.510825317547,
    2.279166666667));
#11373 = CARTESIAN_POINT('',(1.179700538379,-2.222762701759E-15,2.3125)
  );
#11374 = CARTESIAN_POINT('',(0.884775403784,0.510825317547,
    2.345833333333));
#11375 = CARTESIAN_POINT('',(0.58985026919,1.021650635095,2.379166666667
    ));
#11376 = CARTESIAN_POINT('',(0.,1.021650635095,2.4125));
#11377 = CARTESIAN_POINT('',(-0.58985026919,1.021650635095,
    2.445833333333));
#11378 = CARTESIAN_POINT('',(-0.884775403784,0.510825317547,
    2.479166666667));
#11379 = CARTESIAN_POINT('',(-1.179700538379,-1.933819404104E-15,2.5125)
  );
#11380 = CARTESIAN_POINT('',(-0.884775403784,-0.510825317547,
    2.545833333333));
#11381 = CARTESIAN_POINT('',(-0.58985026919,-1.021650635095,
    2.579166666667));
#11382 = CARTESIAN_POINT('',(-1.251161180115E-16,-1.021650635095,2.6125)
  );
#11383 = CARTESIAN_POINT('',(0.58985026919,-1.021650635095,
    2.645833333333));
#11384 = CARTESIAN_POINT('',(0.884775403784,-0.510825317547,
    2.679166666667));
#11385 = CARTESIAN_POINT('',(1.179700538379,-2.222762701759E-15,2.7125)
  );
#11386 = CARTESIAN_POINT('',(0.884775403784,0.510825317547,
    2.745833333333));
#11387 = CARTESIAN_POINT('',(0.58985026919,1.021650635095,2.779166666667
    ));
#11388 = CARTESIAN_POINT('',(0.,1.021650635095,2.8125));
#11389 = CARTESIAN_POINT('',(-0.58985026919,1.021650635095,
    2.845833333333));
#11390 = CARTESIAN_POINT('',(-0.884775403784,0.510825317547,
    2.879166666667));
#11391 = CARTESIAN_POINT('',(-1.179700538379,-1.933819404104E-15,2.9125)
  );
#11392 = CARTESIAN_POINT('',(-0.884775403784,-0.510825317547,
    2.945833333333));
#11393 = CARTESIAN_POINT('',(-0.58985026919,-1.021650635095,
    2.979166666667));
#11394 = CARTESIAN_POINT('',(-1.251161180115E-16,-1.021650635095,3.0125)
  );
#11395 = CARTESIAN_POINT('',(0.58985026919,-1.021650635095,
    3.045833333333));
#11396 = CARTESIAN_POINT('',(0.884775403784,-0.510825317547,
    3.079166666667));
#11397 = CARTESIAN_POINT('',(1.179700538379,-2.222762701759E-15,3.1125)
  );
#11398 = CARTESIAN_POINT('',(0.884775403784,0.510825317547,
    3.145833333333));
#11399 = CARTESIAN_POINT('',(0.58985026919,1.021650635095,3.179166666667
    ));
#11400 = CARTESIAN_POINT('',(0.,1.021650635095,3.2125));
#11401 = CARTESIAN_POINT('',(-0.58985026919,1.021650635095,
    3.245833333333));
#11402 = CARTESIAN_POINT('',(-0.884775403784,0.510825317547,
    3.279166666667));
#11403 = CARTESIAN_POINT('',(-1.179700538379,-1.933819404104E-15,3.3125)
  );
#11404 = CARTESIAN_POINT('',(-0.884775403784,-0.510825317547,
    3.345833333333));
#11405 = CARTESIAN_POINT('',(-0.58985026919,-1.021650635095,
    3.379166666667));
#11406 = CARTESIAN_POINT('',(-1.251161180115E-16,-1.021650635095,3.4125)
  );
#11407 = CARTESIAN_POINT('',(0.58985026919,-1.021650635095,
    3.445833333333));
#11408 = CARTESIAN_POINT('',(0.884775403784,-0.510825317547,
    3.479166666667));
#11409 = CARTESIAN_POINT('',(1.179700538379,-2.222762701759E-15,3.5125)
  );
#11410 = CARTESIAN_POINT('',(0.884775403784,0.510825317547,
    3.545833333333));
#11411 = CARTESIAN_POINT('',(0.58985026919,1.021650635095,3.579166666667
    ));
#11412 = CARTESIAN_POINT('',(0.,1.021650635095,3.6125));
#11413 = CARTESIAN_POINT('',(-0.58985026919,1.021650635095,
    3.645833333333));
#11414 = CARTESIAN_POINT('',(-0.884775403784,0.510825317547,
    3.679166666667));
#11415 = CARTESIAN_POINT('',(-1.179700538379,-1.933819404104E-15,3.7125)
  );
#11416 = CARTESIAN_POINT('',(-0.884775403784,-0.510825317547,
    3.745833333333));
#11417 = CARTESIAN_POINT('',(-0.58985026919,-1.021650635095,
    3.779166666667));
#11418 = CARTESIAN_POINT('',(-1.251161180115E-16,-1.021650635095,3.8125)
  );
#11419 = CARTESIAN_POINT('',(0.58985026919,-1.021650635095,
    3.845833333333));
#11420 = CARTESIAN_POINT('',(0.884775403784,-0.510825317547,
    3.879166666667));
#11421 = CARTESIAN_POINT('',(1.179700538379,-2.222762701759E-15,3.9125)
  );
#11422 = CARTESIAN_POINT('',(0.884775403784,0.510825317547,
    3.945833333333));
#11423 = CARTESIAN_POINT('',(0.58985026919,1.021650635095,3.979166666667
    ));
#11424 = CARTESIAN_POINT('',(0.,1.021650635095,4.0125));
#11425 = CARTESIAN_POINT('',(-0.58985026919,1.021650635095,
    4.045833333333));
#11426 = CARTESIAN_POINT('',(-0.884775403784,0.510825317547,
    4.079166666667));
#11427 = CARTESIAN_POINT('',(-1.179700538379,-1.933819404104E-15,4.1125)
  );
#11428 = CARTESIAN_POINT('',(-0.884775403784,-0.510825317547,
    4.145833333333));
#11429 = CARTESIAN_POINT('',(-0.58985026919,-1.021650635095,
    4.179166666667));
#11430 = CARTESIAN_POINT('',(-1.251161180115E-16,-1.021650635095,4.2125)
  );
#11431 = CARTESIAN_POINT('',(0.58985026919,-1.021650635095,
    4.245833333333));
#11432 = CARTESIAN_POINT('',(0.884775403784,-0.510825317547,
    4.279166666667));
#11433 = CARTESIAN_POINT('',(1.179700538379,-2.222762701759E-15,4.3125)
  );
#11434 = CARTESIAN_POINT('',(0.884775403784,0.510825317547,
    4.345833333333));
#11435 = CARTESIAN_POINT('',(0.58985026919,1.021650635095,4.379166666667
    ));
#11436 = CARTESIAN_POINT('',(0.,1.021650635095,4.4125));
#11437 = CARTESIAN_POINT('',(-0.58985026919,1.021650635095,
    4.445833333333));
#11438 = CARTESIAN_POINT('',(-0.884775403784,0.510825317547,
    4.479166666667));
#11439 = CARTESIAN_POINT('',(-1.179700538379,-1.933819404104E-15,4.5125)
  );
#11440 = CARTESIAN_POINT('',(-0.884775403784,-0.510825317547,
    4.545833333333));
#11441 = CARTESIAN_POINT('',(-0.58985026919,-1.021650635095,
    4.579166666667));
#11442 = CARTESIAN_POINT('',(-1.251161180115E-16,-1.021650635095,4.6125)
  );
#11443 = CARTESIAN_POINT('',(0.58985026919,-1.021650635095,
    4.645833333333));
#11444 = CARTESIAN_POINT('',(0.884775403784,-0.510825317547,
    4.679166666667));
#11445 = CARTESIAN_POINT('',(1.179700538379,-2.222762701759E-15,4.7125)
  );
#11446 = CARTESIAN_POINT('',(0.884775403784,0.510825317547,
    4.745833333333));
#11447 = CARTESIAN_POINT('',(0.58985026919,1.021650635095,4.779166666667
    ));
#11448 = CARTESIAN_POINT('',(0.,1.021650635095,4.8125));
#11449 = CARTESIAN_POINT('',(-0.58985026919,1.021650635095,
    4.845833333333));
#11450 = CARTESIAN_POINT('',(-0.884775403784,0.510825317547,
    4.879166666667));
#11451 = CARTESIAN_POINT('',(-1.179700538379,-1.933819404104E-15,4.9125)
  );
#11452 = CARTESIAN_POINT('',(-0.884775403784,-0.510825317547,
    4.945833333333));
#11453 = CARTESIAN_POINT('',(-0.58985026919,-1.021650635095,
    4.979166666667));
#11454 = CARTESIAN_POINT('',(-1.251161180115E-16,-1.021650635095,5.0125)
  );
#11455 = CARTESIAN_POINT('',(0.58985026919,-1.021650635095,
    5.045833333333));
#11456 = CARTESIAN_POINT('',(0.884775403784,-0.510825317547,
    5.079166666667));
#11457 = CARTESIAN_POINT('',(1.179700538379,-2.222762701759E-15,5.1125)
  );
#11458 = CARTESIAN_POINT('',(0.884775403784,0.510825317547,
    5.145833333333));
#11459 = CARTESIAN_POINT('',(0.58985026919,1.021650635095,5.179166666667
    ));
#11460 = CARTESIAN_POINT('',(0.,1.021650635095,5.2125));
#11461 = CARTESIAN_POINT('',(-0.58985026919,1.021650635095,
    5.245833333333));
#11462 = CARTESIAN_POINT('',(-0.884775403784,0.510825317547,
    5.279166666667));
#11463 = CARTESIAN_POINT('',(-1.179700538379,-1.933819404104E-15,5.3125)
  );
#11464 = CARTESIAN_POINT('',(-0.884775403784,-0.510825317547,
    5.345833333333));
#11465 = CARTESIAN_POINT('',(-0.58985026919,-1.021650635095,
    5.379166666667));
#11466 = CARTESIAN_POINT('',(-1.251161180115E-16,-1.021650635095,5.4125)
  );
#11467 = CARTESIAN_POINT('',(0.58985026919,-1.021650635095,
    5.445833333333));
#11468 = CARTESIAN_POINT('',(0.884775403784,-0.510825317547,
    5.479166666667));
#11469 = CARTESIAN_POINT('',(1.179700538379,-2.222762701759E-15,5.5125)
  );
#11470 = CARTESIAN_POINT('',(0.884775403784,0.510825317547,
    5.545833333333));
#11471 = CARTESIAN_POINT('',(0.58985026919,1.021650635095,5.579166666667
    ));
#11472 = CARTESIAN_POINT('',(0.,1.021650635095,5.6125));
#11473 = CARTESIAN_POINT('',(-0.58985026919,1.021650635095,
    5.645833333333));
#11474 = CARTESIAN_POINT('',(-0.884775403784,0.510825317547,
    5.679166666667));
#11475 = CARTESIAN_POINT('',(-1.179700538379,-1.933819404104E-15,5.7125)
  );
#11476 = CARTESIAN_POINT('',(-0.884775403784,-0.510825317547,
    5.745833333333));
#11477 = CARTESIAN_POINT('',(-0.58985026919,-1.021650635095,
    5.779166666667));
#11478 = CARTESIAN_POINT('',(-1.251161180115E-16,-1.021650635095,5.8125)
  );
#11479 = CARTESIAN_POINT('',(0.58985026919,-1.021650635095,
    5.845833333333));
#11480 = CARTESIAN_POINT('',(0.884775403784,-0.510825317547,
    5.879166666667));
#11481 = CARTESIAN_POINT('',(1.179700538379,-2.222762701759E-15,5.9125)
  );
#11482 = CARTESIAN_POINT('',(0.884775403784,0.510825317547,
    5.945833333333));
#11483 = CARTESIAN_POINT('',(0.58985026919,1.021650635095,5.979166666667
    ));
#11484 = CARTESIAN_POINT('',(0.,1.021650635095,6.0125));
#11485 = CARTESIAN_POINT('',(0.,0.740192378865,-4.15));
#11486 = CARTESIAN_POINT('',(-0.42735026919,0.740192378865,
    -4.116666666667));
#11487 = CARTESIAN_POINT('',(-0.641025403784,0.370096189432,
    -4.083333333333));
#11488 = CARTESIAN_POINT('',(-0.854700538379,-1.95371991459E-15,-4.05));
#11489 = CARTESIAN_POINT('',(-0.641025403784,-0.370096189432,
    -4.016666666667));
#11490 = CARTESIAN_POINT('',(-0.42735026919,-0.740192378865,
    -3.983333333333));
#11491 = CARTESIAN_POINT('',(-9.064742275299E-17,-0.740192378865,-3.95)
  );
#11492 = CARTESIAN_POINT('',(0.42735026919,-0.740192378865,
    -3.916666666667));
#11493 = CARTESIAN_POINT('',(0.641025403784,-0.370096189432,
    -3.883333333333));
#11494 = CARTESIAN_POINT('',(0.854700538379,-2.163061170301E-15,-3.85));
#11495 = CARTESIAN_POINT('',(0.641025403784,0.370096189432,
    -3.816666666667));
#11496 = CARTESIAN_POINT('',(0.42735026919,0.740192378865,
    -3.783333333333));
#11497 = CARTESIAN_POINT('',(0.,0.740192378865,-3.75));
#11498 = CARTESIAN_POINT('',(-0.42735026919,0.740192378865,
    -3.716666666667));
#11499 = CARTESIAN_POINT('',(-0.641025403784,0.370096189432,
    -3.683333333333));
#11500 = CARTESIAN_POINT('',(-0.854700538379,-1.95371991459E-15,-3.65));
#11501 = CARTESIAN_POINT('',(-0.641025403784,-0.370096189432,
    -3.616666666667));
#11502 = CARTESIAN_POINT('',(-0.42735026919,-0.740192378865,
    -3.583333333333));
#11503 = CARTESIAN_POINT('',(-9.064742275299E-17,-0.740192378865,-3.55)
  );
#11504 = CARTESIAN_POINT('',(0.42735026919,-0.740192378865,
    -3.516666666667));
#11505 = CARTESIAN_POINT('',(0.641025403784,-0.370096189432,
    -3.483333333333));
#11506 = CARTESIAN_POINT('',(0.854700538379,-2.163061170301E-15,-3.45));
#11507 = CARTESIAN_POINT('',(0.641025403784,0.370096189432,
    -3.416666666667));
#11508 = CARTESIAN_POINT('',(0.42735026919,0.740192378865,
    -3.383333333333));
#11509 = CARTESIAN_POINT('',(0.,0.740192378865,-3.35));
#11510 = CARTESIAN_POINT('',(-0.42735026919,0.740192378865,
    -3.316666666667));
#11511 = CARTESIAN_POINT('',(-0.641025403784,0.370096189432,
    -3.283333333333));
#11512 = CARTESIAN_POINT('',(-0.854700538379,-1.95371991459E-15,-3.25));
#11513 = CARTESIAN_POINT('',(-0.641025403784,-0.370096189432,
    -3.216666666667));
#11514 = CARTESIAN_POINT('',(-0.42735026919,-0.740192378865,
    -3.183333333333));
#11515 = CARTESIAN_POINT('',(-9.064742275299E-17,-0.740192378865,-3.15)
  );
#11516 = CARTESIAN_POINT('',(0.42735026919,-0.740192378865,
    -3.116666666667));
#11517 = CARTESIAN_POINT('',(0.641025403784,-0.370096189432,
    -3.083333333333));
#11518 = CARTESIAN_POINT('',(0.854700538379,-2.163061170301E-15,-3.05));
#11519 = CARTESIAN_POINT('',(0.641025403784,0.370096189432,
    -3.016666666667));
#11520 = CARTESIAN_POINT('',(0.42735026919,0.740192378865,
    -2.983333333333));
#11521 = CARTESIAN_POINT('',(0.,0.740192378865,-2.95));
#11522 = CARTESIAN_POINT('',(-0.42735026919,0.740192378865,
    -2.916666666667));
#11523 = CARTESIAN_POINT('',(-0.641025403784,0.370096189432,
    -2.883333333333));
#11524 = CARTESIAN_POINT('',(-0.854700538379,-1.95371991459E-15,-2.85));
#11525 = CARTESIAN_POINT('',(-0.641025403784,-0.370096189432,
    -2.816666666667));
#11526 = CARTESIAN_POINT('',(-0.42735026919,-0.740192378865,
    -2.783333333333));
#11527 = CARTESIAN_POINT('',(-9.064742275299E-17,-0.740192378865,-2.75)
  );
#11528 = CARTESIAN_POINT('',(0.42735026919,-0.740192378865,
    -2.716666666667));
#11529 = CARTESIAN_POINT('',(0.641025403784,-0.370096189432,
    -2.683333333333));
#11530 = CARTESIAN_POINT('',(0.854700538379,-2.163061170301E-15,-2.65));
#11531 = CARTESIAN_POINT('',(0.641025403784,0.370096189432,
    -2.616666666667));
#11532 = CARTESIAN_POINT('',(0.42735026919,0.740192378865,
    -2.583333333333));
#11533 = CARTESIAN_POINT('',(0.,0.740192378865,-2.55));
#11534 = CARTESIAN_POINT('',(-0.42735026919,0.740192378865,
    -2.516666666667));
#11535 = CARTESIAN_POINT('',(-0.641025403784,0.370096189432,
    -2.483333333333));
#11536 = CARTESIAN_POINT('',(-0.854700538379,-1.95371991459E-15,-2.45));
#11537 = CARTESIAN_POINT('',(-0.641025403784,-0.370096189432,
    -2.416666666667));
#11538 = CARTESIAN_POINT('',(-0.42735026919,-0.740192378865,
    -2.383333333333));
#11539 = CARTESIAN_POINT('',(-9.064742275299E-17,-0.740192378865,-2.35)
  );
#11540 = CARTESIAN_POINT('',(0.42735026919,-0.740192378865,
    -2.316666666667));
#11541 = CARTESIAN_POINT('',(0.641025403784,-0.370096189432,
    -2.283333333333));
#11542 = CARTESIAN_POINT('',(0.854700538379,-2.163061170301E-15,-2.25));
#11543 = CARTESIAN_POINT('',(0.641025403784,0.370096189432,
    -2.216666666667));
#11544 = CARTESIAN_POINT('',(0.42735026919,0.740192378865,
    -2.183333333333));
#11545 = CARTESIAN_POINT('',(0.,0.740192378865,-2.15));
#11546 = CARTESIAN_POINT('',(-0.42735026919,0.740192378865,
    -2.116666666667));
#11547 = CARTESIAN_POINT('',(-0.641025403784,0.370096189432,
    -2.083333333333));
#11548 = CARTESIAN_POINT('',(-0.854700538379,-1.95371991459E-15,-2.05));
#11549 = CARTESIAN_POINT('',(-0.641025403784,-0.370096189432,
    -2.016666666667));
#11550 = CARTESIAN_POINT('',(-0.42735026919,-0.740192378865,
    -1.983333333333));
#11551 = CARTESIAN_POINT('',(-9.064742275299E-17,-0.740192378865,-1.95)
  );
#11552 = CARTESIAN_POINT('',(0.42735026919,-0.740192378865,
    -1.916666666667));
#11553 = CARTESIAN_POINT('',(0.641025403784,-0.370096189432,
    -1.883333333333));
#11554 = CARTESIAN_POINT('',(0.854700538379,-2.163061170301E-15,-1.85));
#11555 = CARTESIAN_POINT('',(0.641025403784,0.370096189432,
    -1.816666666667));
#11556 = CARTESIAN_POINT('',(0.42735026919,0.740192378865,
    -1.783333333333));
#11557 = CARTESIAN_POINT('',(0.,0.740192378865,-1.75));
#11558 = CARTESIAN_POINT('',(-0.42735026919,0.740192378865,
    -1.716666666667));
#11559 = CARTESIAN_POINT('',(-0.641025403784,0.370096189432,
    -1.683333333333));
#11560 = CARTESIAN_POINT('',(-0.854700538379,-1.95371991459E-15,-1.65));
#11561 = CARTESIAN_POINT('',(-0.641025403784,-0.370096189432,
    -1.616666666667));
#11562 = CARTESIAN_POINT('',(-0.42735026919,-0.740192378865,
    -1.583333333333));
#11563 = CARTESIAN_POINT('',(-9.064742275299E-17,-0.740192378865,-1.55)
  );
#11564 = CARTESIAN_POINT('',(0.42735026919,-0.740192378865,
    -1.516666666667));
#11565 = CARTESIAN_POINT('',(0.641025403784,-0.370096189432,
    -1.483333333333));
#11566 = CARTESIAN_POINT('',(0.854700538379,-2.163061170301E-15,-1.45));
#11567 = CARTESIAN_POINT('',(0.641025403784,0.370096189432,
    -1.416666666667));
#11568 = CARTESIAN_POINT('',(0.42735026919,0.740192378865,
    -1.383333333333));
#11569 = CARTESIAN_POINT('',(0.,0.740192378865,-1.35));
#11570 = CARTESIAN_POINT('',(-0.42735026919,0.740192378865,
    -1.316666666667));
#11571 = CARTESIAN_POINT('',(-0.641025403784,0.370096189432,
    -1.283333333333));
#11572 = CARTESIAN_POINT('',(-0.854700538379,-1.95371991459E-15,-1.25));
#11573 = CARTESIAN_POINT('',(-0.641025403784,-0.370096189432,
    -1.216666666667));
#11574 = CARTESIAN_POINT('',(-0.42735026919,-0.740192378865,
    -1.183333333333));
#11575 = CARTESIAN_POINT('',(-9.064742275299E-17,-0.740192378865,-1.15)
  );
#11576 = CARTESIAN_POINT('',(0.42735026919,-0.740192378865,
    -1.116666666667));
#11577 = CARTESIAN_POINT('',(0.641025403784,-0.370096189432,
    -1.083333333333));
#11578 = CARTESIAN_POINT('',(0.854700538379,-2.163061170301E-15,-1.05));
#11579 = CARTESIAN_POINT('',(0.641025403784,0.370096189432,
    -1.016666666667));
#11580 = CARTESIAN_POINT('',(0.42735026919,0.740192378865,
    -0.983333333333));
#11581 = CARTESIAN_POINT('',(0.,0.740192378865,-0.95));
#11582 = CARTESIAN_POINT('',(-0.42735026919,0.740192378865,
    -0.916666666667));
#11583 = CARTESIAN_POINT('',(-0.641025403784,0.370096189432,
    -0.883333333333));
#11584 = CARTESIAN_POINT('',(-0.854700538379,-1.95371991459E-15,-0.85));
#11585 = CARTESIAN_POINT('',(-0.641025403784,-0.370096189432,
    -0.816666666667));
#11586 = CARTESIAN_POINT('',(-0.42735026919,-0.740192378865,
    -0.783333333333));
#11587 = CARTESIAN_POINT('',(-9.064742275299E-17,-0.740192378865,-0.75)
  );
#11588 = CARTESIAN_POINT('',(0.42735026919,-0.740192378865,
    -0.716666666667));
#11589 = CARTESIAN_POINT('',(0.641025403784,-0.370096189432,
    -0.683333333333));
#11590 = CARTESIAN_POINT('',(0.854700538379,-2.163061170301E-15,-0.65));
#11591 = CARTESIAN_POINT('',(0.641025403784,0.370096189432,
    -0.616666666667));
#11592 = CARTESIAN_POINT('',(0.42735026919,0.740192378865,
    -0.583333333333));
#11593 = CARTESIAN_POINT('',(0.,0.740192378865,-0.55));
#11594 = CARTESIAN_POINT('',(-0.42735026919,0.740192378865,
    -0.516666666667));
#11595 = CARTESIAN_POINT('',(-0.641025403784,0.370096189432,
    -0.483333333333));
#11596 = CARTESIAN_POINT('',(-0.854700538379,-1.95371991459E-15,-0.45));
#11597 = CARTESIAN_POINT('',(-0.641025403784,-0.370096189432,
    -0.416666666667));
#11598 = CARTESIAN_POINT('',(-0.42735026919,-0.740192378865,
    -0.383333333333));
#11599 = CARTESIAN_POINT('',(-9.064742275299E-17,-0.740192378865,-0.35)
  );
#11600 = CARTESIAN_POINT('',(0.42735026919,-0.740192378865,
    -0.316666666667));
#11601 = CARTESIAN_POINT('',(0.641025403784,-0.370096189432,
    -0.283333333333));
#11602 = CARTESIAN_POINT('',(0.854700538379,-2.163061170301E-15,-0.25));
#11603 = CARTESIAN_POINT('',(0.641025403784,0.370096189432,
    -0.216666666667));
#11604 = CARTESIAN_POINT('',(0.42735026919,0.740192378865,
    -0.183333333333));
#11605 = CARTESIAN_POINT('',(0.,0.740192378865,-0.15));
#11606 = CARTESIAN_POINT('',(-0.42735026919,0.740192378865,
    -0.116666666667));
#11607 = CARTESIAN_POINT('',(-0.641025403784,0.370096189432,
    -8.333333333335E-02));
#11608 = CARTESIAN_POINT('',(-0.854700538379,-1.95371991459E-15,
    -5.000000000001E-02));
#11609 = CARTESIAN_POINT('',(-0.641025403784,-0.370096189432,
    -1.666666666668E-02));
#11610 = CARTESIAN_POINT('',(-0.42735026919,-0.740192378865,
    1.666666666665E-02));
#11611 = CARTESIAN_POINT('',(-9.064742275299E-17,-0.740192378865,
    4.999999999999E-02));
#11612 = CARTESIAN_POINT('',(0.42735026919,-0.740192378865,
    8.333333333332E-02));
#11613 = CARTESIAN_POINT('',(0.641025403784,-0.370096189432,
    0.116666666667));
#11614 = CARTESIAN_POINT('',(0.854700538379,-2.163061170301E-15,0.15));
#11615 = CARTESIAN_POINT('',(0.641025403784,0.370096189432,
    0.183333333333));
#11616 = CARTESIAN_POINT('',(0.42735026919,0.740192378865,0.216666666667
    ));
#11617 = CARTESIAN_POINT('',(0.,0.740192378865,0.25));
#11618 = CARTESIAN_POINT('',(-0.42735026919,0.740192378865,
    0.283333333333));
#11619 = CARTESIAN_POINT('',(-0.641025403784,0.370096189432,
    0.316666666667));
#11620 = CARTESIAN_POINT('',(-0.854700538379,-1.95371991459E-15,0.35));
#11621 = CARTESIAN_POINT('',(-0.641025403784,-0.370096189432,
    0.383333333333));
#11622 = CARTESIAN_POINT('',(-0.42735026919,-0.740192378865,
    0.416666666667));
#11623 = CARTESIAN_POINT('',(-9.064742275299E-17,-0.740192378865,0.45));
#11624 = CARTESIAN_POINT('',(0.42735026919,-0.740192378865,
    0.483333333333));
#11625 = CARTESIAN_POINT('',(0.641025403784,-0.370096189432,
    0.516666666667));
#11626 = CARTESIAN_POINT('',(0.854700538379,-2.163061170301E-15,0.55));
#11627 = CARTESIAN_POINT('',(0.641025403784,0.370096189432,
    0.583333333333));
#11628 = CARTESIAN_POINT('',(0.42735026919,0.740192378865,0.616666666667
    ));
#11629 = CARTESIAN_POINT('',(0.,0.740192378865,0.65));
#11630 = CARTESIAN_POINT('',(-0.42735026919,0.740192378865,
    0.683333333333));
#11631 = CARTESIAN_POINT('',(-0.641025403784,0.370096189432,
    0.716666666667));
#11632 = CARTESIAN_POINT('',(-0.854700538379,-1.95371991459E-15,0.75));
#11633 = CARTESIAN_POINT('',(-0.641025403784,-0.370096189432,
    0.783333333333));
#11634 = CARTESIAN_POINT('',(-0.42735026919,-0.740192378865,
    0.816666666667));
#11635 = CARTESIAN_POINT('',(-9.064742275299E-17,-0.740192378865,0.85));
#11636 = CARTESIAN_POINT('',(0.42735026919,-0.740192378865,
    0.883333333333));
#11637 = CARTESIAN_POINT('',(0.641025403784,-0.370096189432,
    0.916666666667));
#11638 = CARTESIAN_POINT('',(0.854700538379,-2.163061170301E-15,0.95));
#11639 = CARTESIAN_POINT('',(0.641025403784,0.370096189432,
    0.983333333333));
#11640 = CARTESIAN_POINT('',(0.42735026919,0.740192378865,1.016666666667
    ));
#11641 = CARTESIAN_POINT('',(0.,0.740192378865,1.05));
#11642 = CARTESIAN_POINT('',(-0.42735026919,0.740192378865,
    1.083333333333));
#11643 = CARTESIAN_POINT('',(-0.641025403784,0.370096189432,
    1.116666666667));
#11644 = CARTESIAN_POINT('',(-0.854700538379,-1.95371991459E-15,1.15));
#11645 = CARTESIAN_POINT('',(-0.641025403784,-0.370096189432,
    1.183333333333));
#11646 = CARTESIAN_POINT('',(-0.42735026919,-0.740192378865,
    1.216666666667));
#11647 = CARTESIAN_POINT('',(-9.064742275299E-17,-0.740192378865,1.25));
#11648 = CARTESIAN_POINT('',(0.42735026919,-0.740192378865,
    1.283333333333));
#11649 = CARTESIAN_POINT('',(0.641025403784,-0.370096189432,
    1.316666666667));
#11650 = CARTESIAN_POINT('',(0.854700538379,-2.163061170301E-15,1.35));
#11651 = CARTESIAN_POINT('',(0.641025403784,0.370096189432,
    1.383333333333));
#11652 = CARTESIAN_POINT('',(0.42735026919,0.740192378865,1.416666666667
    ));
#11653 = CARTESIAN_POINT('',(0.,0.740192378865,1.45));
#11654 = CARTESIAN_POINT('',(-0.42735026919,0.740192378865,
    1.483333333333));
#11655 = CARTESIAN_POINT('',(-0.641025403784,0.370096189432,
    1.516666666667));
#11656 = CARTESIAN_POINT('',(-0.854700538379,-1.95371991459E-15,1.55));
#11657 = CARTESIAN_POINT('',(-0.641025403784,-0.370096189432,
    1.583333333333));
#11658 = CARTESIAN_POINT('',(-0.42735026919,-0.740192378865,
    1.616666666667));
#11659 = CARTESIAN_POINT('',(-9.064742275299E-17,-0.740192378865,1.65));
#11660 = CARTESIAN_POINT('',(0.42735026919,-0.740192378865,
    1.683333333333));
#11661 = CARTESIAN_POINT('',(0.641025403784,-0.370096189432,
    1.716666666667));
#11662 = CARTESIAN_POINT('',(0.854700538379,-2.163061170301E-15,1.75));
#11663 = CARTESIAN_POINT('',(0.641025403784,0.370096189432,
    1.783333333333));
#11664 = CARTESIAN_POINT('',(0.42735026919,0.740192378865,1.816666666667
    ));
#11665 = CARTESIAN_POINT('',(0.,0.740192378865,1.85));
#11666 = CARTESIAN_POINT('',(-0.42735026919,0.740192378865,
    1.883333333333));
#11667 = CARTESIAN_POINT('',(-0.641025403784,0.370096189432,
    1.916666666667));
#11668 = CARTESIAN_POINT('',(-0.854700538379,-1.95371991459E-15,1.95));
#11669 = CARTESIAN_POINT('',(-0.641025403784,-0.370096189432,
    1.983333333333));
#11670 = CARTESIAN_POINT('',(-0.42735026919,-0.740192378865,
    2.016666666667));
#11671 = CARTESIAN_POINT('',(-9.064742275299E-17,-0.740192378865,2.05));
#11672 = CARTESIAN_POINT('',(0.42735026919,-0.740192378865,
    2.083333333333));
#11673 = CARTESIAN_POINT('',(0.641025403784,-0.370096189432,
    2.116666666667));
#11674 = CARTESIAN_POINT('',(0.854700538379,-2.163061170301E-15,2.15));
#11675 = CARTESIAN_POINT('',(0.641025403784,0.370096189432,
    2.183333333333));
#11676 = CARTESIAN_POINT('',(0.42735026919,0.740192378865,2.216666666667
    ));
#11677 = CARTESIAN_POINT('',(0.,0.740192378865,2.25));
#11678 = CARTESIAN_POINT('',(-0.42735026919,0.740192378865,
    2.283333333333));
#11679 = CARTESIAN_POINT('',(-0.641025403784,0.370096189432,
    2.316666666667));
#11680 = CARTESIAN_POINT('',(-0.854700538379,-1.95371991459E-15,2.35));
#11681 = CARTESIAN_POINT('',(-0.641025403784,-0.370096189432,
    2.383333333333));
#11682 = CARTESIAN_POINT('',(-0.42735026919,-0.740192378865,
    2.416666666667));
#11683 = CARTESIAN_POINT('',(-9.064742275299E-17,-0.740192378865,2.45));
#11684 = CARTESIAN_POINT('',(0.42735026919,-0.740192378865,
    2.483333333333));
#11685 = CARTESIAN_POINT('',(0.641025403784,-0.370096189432,
    2.516666666667));
#11686 = CARTESIAN_POINT('',(0.854700538379,-2.163061170301E-15,2.55));
#11687 = CARTESIAN_POINT('',(0.641025403784,0.370096189432,
    2.583333333333));
#11688 = CARTESIAN_POINT('',(0.42735026919,0.740192378865,2.616666666667
    ));
#11689 = CARTESIAN_POINT('',(0.,0.740192378865,2.65));
#11690 = CARTESIAN_POINT('',(-0.42735026919,0.740192378865,
    2.683333333333));
#11691 = CARTESIAN_POINT('',(-0.641025403784,0.370096189432,
    2.716666666667));
#11692 = CARTESIAN_POINT('',(-0.854700538379,-1.95371991459E-15,2.75));
#11693 = CARTESIAN_POINT('',(-0.641025403784,-0.370096189432,
    2.783333333333));
#11694 = CARTESIAN_POINT('',(-0.42735026919,-0.740192378865,
    2.816666666667));
#11695 = CARTESIAN_POINT('',(-9.064742275299E-17,-0.740192378865,2.85));
#11696 = CARTESIAN_POINT('',(0.42735026919,-0.740192378865,
    2.883333333333));
#11697 = CARTESIAN_POINT('',(0.641025403784,-0.370096189432,
    2.916666666667));
#11698 = CARTESIAN_POINT('',(0.854700538379,-2.163061170301E-15,2.95));
#11699 = CARTESIAN_POINT('',(0.641025403784,0.370096189432,
    2.983333333333));
#11700 = CARTESIAN_POINT('',(0.42735026919,0.740192378865,3.016666666667
    ));
#11701 = CARTESIAN_POINT('',(0.,0.740192378865,3.05));
#11702 = CARTESIAN_POINT('',(-0.42735026919,0.740192378865,
    3.083333333333));
#11703 = CARTESIAN_POINT('',(-0.641025403784,0.370096189432,
    3.116666666667));
#11704 = CARTESIAN_POINT('',(-0.854700538379,-1.95371991459E-15,3.15));
#11705 = CARTESIAN_POINT('',(-0.641025403784,-0.370096189432,
    3.183333333333));
#11706 = CARTESIAN_POINT('',(-0.42735026919,-0.740192378865,
    3.216666666667));
#11707 = CARTESIAN_POINT('',(-9.064742275299E-17,-0.740192378865,3.25));
#11708 = CARTESIAN_POINT('',(0.42735026919,-0.740192378865,
    3.283333333333));
#11709 = CARTESIAN_POINT('',(0.641025403784,-0.370096189432,
    3.316666666667));
#11710 = CARTESIAN_POINT('',(0.854700538379,-2.163061170301E-15,3.35));
#11711 = CARTESIAN_POINT('',(0.641025403784,0.370096189432,
    3.383333333333));
#11712 = CARTESIAN_POINT('',(0.42735026919,0.740192378865,3.416666666667
    ));
#11713 = CARTESIAN_POINT('',(0.,0.740192378865,3.45));
#11714 = CARTESIAN_POINT('',(-0.42735026919,0.740192378865,
    3.483333333333));
#11715 = CARTESIAN_POINT('',(-0.641025403784,0.370096189432,
    3.516666666667));
#11716 = CARTESIAN_POINT('',(-0.854700538379,-1.95371991459E-15,3.55));
#11717 = CARTESIAN_POINT('',(-0.641025403784,-0.370096189432,
    3.583333333333));
#11718 = CARTESIAN_POINT('',(-0.42735026919,-0.740192378865,
    3.616666666667));
#11719 = CARTESIAN_POINT('',(-9.064742275299E-17,-0.740192378865,3.65));
#11720 = CARTESIAN_POINT('',(0.42735026919,-0.740192378865,
    3.683333333333));
#11721 = CARTESIAN_POINT('',(0.641025403784,-0.370096189432,
    3.716666666667));
#11722 = CARTESIAN_POINT('',(0.854700538379,-2.163061170301E-15,3.75));
#11723 = CARTESIAN_POINT('',(0.641025403784,0.370096189432,
    3.783333333333));
#11724 = CARTESIAN_POINT('',(0.42735026919,0.740192378865,3.816666666667
    ));
#11725 = CARTESIAN_POINT('',(0.,0.740192378865,3.85));
#11726 = CARTESIAN_POINT('',(-0.42735026919,0.740192378865,
    3.883333333333));
#11727 = CARTESIAN_POINT('',(-0.641025403784,0.370096189432,
    3.916666666667));
#11728 = CARTESIAN_POINT('',(-0.854700538379,-1.95371991459E-15,3.95));
#11729 = CARTESIAN_POINT('',(-0.641025403784,-0.370096189432,
    3.983333333333));
#11730 = CARTESIAN_POINT('',(-0.42735026919,-0.740192378865,
    4.016666666667));
#11731 = CARTESIAN_POINT('',(-9.064742275299E-17,-0.740192378865,4.05));
#11732 = CARTESIAN_POINT('',(0.42735026919,-0.740192378865,
    4.083333333333));
#11733 = CARTESIAN_POINT('',(0.641025403784,-0.370096189432,
    4.116666666667));
#11734 = CARTESIAN_POINT('',(0.854700538379,-2.163061170301E-15,4.15));
#11735 = CARTESIAN_POINT('',(0.641025403784,0.370096189432,
    4.183333333333));
#11736 = CARTESIAN_POINT('',(0.42735026919,0.740192378865,4.216666666667
    ));
#11737 = CARTESIAN_POINT('',(0.,0.740192378865,4.25));
#11738 = CARTESIAN_POINT('',(-0.42735026919,0.740192378865,
    4.283333333333));
#11739 = CARTESIAN_POINT('',(-0.641025403784,0.370096189432,
    4.316666666667));
#11740 = CARTESIAN_POINT('',(-0.854700538379,-1.95371991459E-15,4.35));
#11741 = CARTESIAN_POINT('',(-0.641025403784,-0.370096189432,
    4.383333333333));
#11742 = CARTESIAN_POINT('',(-0.42735026919,-0.740192378865,
    4.416666666667));
#11743 = CARTESIAN_POINT('',(-9.064742275299E-17,-0.740192378865,4.45));
#11744 = CARTESIAN_POINT('',(0.42735026919,-0.740192378865,
    4.483333333333));
#11745 = CARTESIAN_POINT('',(0.641025403784,-0.370096189432,
    4.516666666667));
#11746 = CARTESIAN_POINT('',(0.854700538379,-2.163061170301E-15,4.55));
#11747 = CARTESIAN_POINT('',(0.641025403784,0.370096189432,
    4.583333333333));
#11748 = CARTESIAN_POINT('',(0.42735026919,0.740192378865,4.616666666667
    ));
#11749 = CARTESIAN_POINT('',(0.,0.740192378865,4.65));
#11750 = CARTESIAN_POINT('',(-0.42735026919,0.740192378865,
    4.683333333333));
#11751 = CARTESIAN_POINT('',(-0.641025403784,0.370096189432,
    4.716666666667));
#11752 = CARTESIAN_POINT('',(-0.854700538379,-1.95371991459E-15,4.75));
#11753 = CARTESIAN_POINT('',(-0.641025403784,-0.370096189432,
    4.783333333333));
#11754 = CARTESIAN_POINT('',(-0.42735026919,-0.740192378865,
    4.816666666667));
#11755 = CARTESIAN_POINT('',(-9.064742275299E-17,-0.740192378865,4.85));
#11756 = CARTESIAN_POINT('',(0.42735026919,-0.740192378865,
    4.883333333333));
#11757 = CARTESIAN_POINT('',(0.641025403784,-0.370096189432,
    4.916666666667));
#11758 = CARTESIAN_POINT('',(0.854700538379,-2.163061170301E-15,4.95));
#11759 = CARTESIAN_POINT('',(0.641025403784,0.370096189432,
    4.983333333333));
#11760 = CARTESIAN_POINT('',(0.42735026919,0.740192378865,5.016666666667
    ));
#11761 = CARTESIAN_POINT('',(0.,0.740192378865,5.05));
#11762 = CARTESIAN_POINT('',(-0.42735026919,0.740192378865,
    5.083333333333));
#11763 = CARTESIAN_POINT('',(-0.641025403784,0.370096189432,
    5.116666666667));
#11764 = CARTESIAN_POINT('',(-0.854700538379,-1.95371991459E-15,5.15));
#11765 = CARTESIAN_POINT('',(-0.641025403784,-0.370096189432,
    5.183333333333));
#11766 = CARTESIAN_POINT('',(-0.42735026919,-0.740192378865,
    5.216666666667));
#11767 = CARTESIAN_POINT('',(-9.064742275299E-17,-0.740192378865,5.25));
#11768 = CARTESIAN_POINT('',(0.42735026919,-0.740192378865,
    5.283333333333));
#11769 = CARTESIAN_POINT('',(0.641025403784,-0.370096189432,
    5.316666666667));
#11770 = CARTESIAN_POINT('',(0.854700538379,-2.163061170301E-15,5.35));
#11771 = CARTESIAN_POINT('',(0.641025403784,0.370096189432,
    5.383333333333));
#11772 = CARTESIAN_POINT('',(0.42735026919,0.740192378865,5.416666666667
    ));
#11773 = CARTESIAN_POINT('',(0.,0.740192378865,5.45));
#11774 = CARTESIAN_POINT('',(-0.42735026919,0.740192378865,
    5.483333333333));
#11775 = CARTESIAN_POINT('',(-0.641025403784,0.370096189432,
    5.516666666667));
#11776 = CARTESIAN_POINT('',(-0.854700538379,-1.95371991459E-15,5.55));
#11777 = CARTESIAN_POINT('',(-0.641025403784,-0.370096189432,
    5.583333333333));
#11778 = CARTESIAN_POINT('',(-0.42735026919,-0.740192378865,
    5.616666666667));
#11779 = CARTESIAN_POINT('',(-9.064742275299E-17,-0.740192378865,5.65));
#11780 = CARTESIAN_POINT('',(0.42735026919,-0.740192378865,
    5.683333333333));
#11781 = CARTESIAN_POINT('',(0.641025403784,-0.370096189432,
    5.716666666667));
#11782 = CARTESIAN_POINT('',(0.854700538379,-2.163061170301E-15,5.75));
#11783 = CARTESIAN_POINT('',(0.641025403784,0.370096189432,
    5.783333333333));
#11784 = CARTESIAN_POINT('',(0.42735026919,0.740192378865,5.816666666667
    ));
#11785 = CARTESIAN_POINT('',(0.,0.740192378865,5.85));
#11786 = ADVANCED_FACE('',(#11787),#11793,.T.);
#11787 = FACE_BOUND('',#11788,.T.);
#11788 = EDGE_LOOP('',(#11789,#11790,#11791,#11792));
#11789 = ORIENTED_EDGE('',*,*,#7969,.F.);
#11790 = ORIENTED_EDGE('',*,*,#11130,.F.);
#11791 = ORIENTED_EDGE('',*,*,#6427,.F.);
#11792 = ORIENTED_EDGE('',*,*,#10418,.F.);
#11793 = CONICAL_SURFACE('',#11794,0.7,0.785398163397);
#11794 = AXIS2_PLACEMENT_3D('',#11795,#11796,#11797);
#11795 = CARTESIAN_POINT('',(0.,-2.007871605786E-15,-4.));
#11796 = DIRECTION('',(-0.,6.054590893736E-18,1.));
#11797 = DIRECTION('',(0.,-1.,6.054590893736E-18));
#11798 = ADVANCED_FACE('',(#11799),#11805,.T.);
#11799 = FACE_BOUND('',#11800,.T.);
#11800 = EDGE_LOOP('',(#11801,#11802,#11803,#11804));
#11801 = ORIENTED_EDGE('',*,*,#7859,.F.);
#11802 = ORIENTED_EDGE('',*,*,#11082,.F.);
#11803 = ORIENTED_EDGE('',*,*,#10308,.T.);
#11804 = ORIENTED_EDGE('',*,*,#10463,.F.);
#11805 = CYLINDRICAL_SURFACE('',#11806,1.);
#11806 = AXIS2_PLACEMENT_3D('',#11807,#11808,#11809);
#11807 = CARTESIAN_POINT('',(0.,-1.951563910474E-15,5.3));
#11808 = DIRECTION('',(-0.,6.054590893736E-18,1.));
#11809 = DIRECTION('',(0.,-1.,6.054590893736E-18));
#11810 = ADVANCED_FACE('',(#11811),#11815,.F.);
#11811 = FACE_BOUND('',#11812,.T.);
#11812 = EDGE_LOOP('',(#11813,#11814));
#11813 = ORIENTED_EDGE('',*,*,#7885,.F.);
#11814 = ORIENTED_EDGE('',*,*,#7943,.F.);
#11815 = PLANE('',#11816);
#11816 = AXIS2_PLACEMENT_3D('',#11817,#11818,#11819);
#11817 = CARTESIAN_POINT('',(0.,-9.797174393179E-16,-4.));
#11818 = DIRECTION('',(-0.,6.054590893736E-18,1.));
#11819 = DIRECTION('',(0.,-1.,6.054590893736E-18));
#11820 = ( GEOMETRIC_REPRESENTATION_CONTEXT(3) 
GLOBAL_UNCERTAINTY_ASSIGNED_CONTEXT((#11824)) 
GLOBAL_UNIT_ASSIGNED_CONTEXT((#11821,#11822,#11823)) 
REPRESENTATION_CONTEXT('Context #1',
  '3D Context with UNIT and UNCERTAINTY') );
#11821 = ( LENGTH_UNIT() NAMED_UNIT(*) SI_UNIT(.MILLI.,.METRE.) );
#11822 = ( NAMED_UNIT(*) PLANE_ANGLE_UNIT() SI_UNIT($,.RADIAN.) );
#11823 = ( NAMED_UNIT(*) SI_UNIT($,.STERADIAN.) SOLID_ANGLE_UNIT() );
#11824 = UNCERTAINTY_MEASURE_WITH_UNIT(LENGTH_MEASURE(2.E-05),#11821,
  'distance_accuracy_value','confusion accuracy');
#11825 = CONTEXT_DEPENDENT_SHAPE_REPRESENTATION(#11826,#11828);
#11826 = ( REPRESENTATION_RELATIONSHIP('','',#6388,#10) 
REPRESENTATION_RELATIONSHIP_WITH_TRANSFORMATION(#11827) 
SHAPE_REPRESENTATION_RELATIONSHIP() );
#11827 = ITEM_DEFINED_TRANSFORMATION('','',#11,#23);
#11828 = PRODUCT_DEFINITION_SHAPE('Placement','Placement of an item',
  #11829);
#11829 = NEXT_ASSEMBLY_USAGE_OCCURRENCE('3','M2','',#5,#6383,$);
#11830 = PRODUCT_RELATED_PRODUCT_CATEGORY('part',$,(#6385));
#11831 = SHAPE_DEFINITION_REPRESENTATION(#11832,#11838);
#11832 = PRODUCT_DEFINITION_SHAPE('','',#11833);
#11833 = PRODUCT_DEFINITION('design','',#11834,#11837);
#11834 = PRODUCT_DEFINITION_FORMATION('','',#11835);
#11835 = PRODUCT('R_0603_1608Metric','R_0603_1608Metric','',(#11836));
#11836 = PRODUCT_CONTEXT('',#2,'mechanical');
#11837 = PRODUCT_DEFINITION_CONTEXT('part definition',#2,'design');
#11838 = ADVANCED_BREP_SHAPE_REPRESENTATION('',(#11,#11839),#12629);
#11839 = MANIFOLD_SOLID_BREP('',#11840);
#11840 = CLOSED_SHELL('',(#11841,#11881,#11964,#11989,#12014,#12081,
    #12098,#12115,#12164,#12181,#12198,#12247,#12264,#12333,#12364,
    #12388,#12457,#12481,#12498,#12515,#12532,#12549,#12566,#12583,
    #12600,#12617));
#11841 = ADVANCED_FACE('',(#11842),#11876,.F.);
#11842 = FACE_BOUND('',#11843,.F.);
#11843 = EDGE_LOOP('',(#11844,#11854,#11862,#11870));
#11844 = ORIENTED_EDGE('',*,*,#11845,.F.);
#11845 = EDGE_CURVE('',#11846,#11848,#11850,.T.);
#11846 = VERTEX_POINT('',#11847);
#11847 = CARTESIAN_POINT('',(-0.8,-0.4,4.5E-02));
#11848 = VERTEX_POINT('',#11849);
#11849 = CARTESIAN_POINT('',(-0.8,-0.4,0.405));
#11850 = LINE('',#11851,#11852);
#11851 = CARTESIAN_POINT('',(-0.8,-0.4,0.));
#11852 = VECTOR('',#11853,1.);
#11853 = DIRECTION('',(0.,0.,1.));
#11854 = ORIENTED_EDGE('',*,*,#11855,.T.);
#11855 = EDGE_CURVE('',#11846,#11856,#11858,.T.);
#11856 = VERTEX_POINT('',#11857);
#11857 = CARTESIAN_POINT('',(-0.8,0.4,4.5E-02));
#11858 = LINE('',#11859,#11860);
#11859 = CARTESIAN_POINT('',(-0.8,-0.4,4.5E-02));
#11860 = VECTOR('',#11861,1.);
#11861 = DIRECTION('',(0.,1.,0.));
#11862 = ORIENTED_EDGE('',*,*,#11863,.T.);
#11863 = EDGE_CURVE('',#11856,#11864,#11866,.T.);
#11864 = VERTEX_POINT('',#11865);
#11865 = CARTESIAN_POINT('',(-0.8,0.4,0.405));
#11866 = LINE('',#11867,#11868);
#11867 = CARTESIAN_POINT('',(-0.8,0.4,0.));
#11868 = VECTOR('',#11869,1.);
#11869 = DIRECTION('',(0.,0.,1.));
#11870 = ORIENTED_EDGE('',*,*,#11871,.F.);
#11871 = EDGE_CURVE('',#11848,#11864,#11872,.T.);
#11872 = LINE('',#11873,#11874);
#11873 = CARTESIAN_POINT('',(-0.8,-0.4,0.405));
#11874 = VECTOR('',#11875,1.);
#11875 = DIRECTION('',(0.,1.,0.));
#11876 = PLANE('',#11877);
#11877 = AXIS2_PLACEMENT_3D('',#11878,#11879,#11880);
#11878 = CARTESIAN_POINT('',(-0.8,-0.4,0.));
#11879 = DIRECTION('',(1.,0.,0.));
#11880 = DIRECTION('',(0.,0.,1.));
#11881 = ADVANCED_FACE('',(#11882),#11959,.F.);
#11882 = FACE_BOUND('',#11883,.F.);
#11883 = EDGE_LOOP('',(#11884,#11894,#11901,#11902,#11911,#11919,#11928,
    #11936,#11944,#11952));
#11884 = ORIENTED_EDGE('',*,*,#11885,.F.);
#11885 = EDGE_CURVE('',#11886,#11888,#11890,.T.);
#11886 = VERTEX_POINT('',#11887);
#11887 = CARTESIAN_POINT('',(-0.755,-0.4,-2.775557561563E-17));
#11888 = VERTEX_POINT('',#11889);
#11889 = CARTESIAN_POINT('',(-0.545,-0.4,-2.775557561563E-17));
#11890 = LINE('',#11891,#11892);
#11891 = CARTESIAN_POINT('',(-0.8,-0.4,0.));
#11892 = VECTOR('',#11893,1.);
#11893 = DIRECTION('',(1.,0.,0.));
#11894 = ORIENTED_EDGE('',*,*,#11895,.F.);
#11895 = EDGE_CURVE('',#11846,#11886,#11896,.T.);
#11896 = CIRCLE('',#11897,4.5E-02);
#11897 = AXIS2_PLACEMENT_3D('',#11898,#11899,#11900);
#11898 = CARTESIAN_POINT('',(-0.755,-0.4,4.5E-02));
#11899 = DIRECTION('',(0.,-1.,0.));
#11900 = DIRECTION('',(0.,0.,1.));
#11901 = ORIENTED_EDGE('',*,*,#11845,.T.);
#11902 = ORIENTED_EDGE('',*,*,#11903,.T.);
#11903 = EDGE_CURVE('',#11848,#11904,#11906,.T.);
#11904 = VERTEX_POINT('',#11905);
#11905 = CARTESIAN_POINT('',(-0.755,-0.4,0.45));
#11906 = CIRCLE('',#11907,4.5E-02);
#11907 = AXIS2_PLACEMENT_3D('',#11908,#11909,#11910);
#11908 = CARTESIAN_POINT('',(-0.755,-0.4,0.405));
#11909 = DIRECTION('',(0.,1.,0.));
#11910 = DIRECTION('',(0.,-0.,1.));
#11911 = ORIENTED_EDGE('',*,*,#11912,.T.);
#11912 = EDGE_CURVE('',#11904,#11913,#11915,.T.);
#11913 = VERTEX_POINT('',#11914);
#11914 = CARTESIAN_POINT('',(-0.545,-0.4,0.45));
#11915 = LINE('',#11916,#11917);
#11916 = CARTESIAN_POINT('',(-0.8,-0.4,0.45));
#11917 = VECTOR('',#11918,1.);
#11918 = DIRECTION('',(1.,0.,0.));
#11919 = ORIENTED_EDGE('',*,*,#11920,.F.);
#11920 = EDGE_CURVE('',#11921,#11913,#11923,.T.);
#11921 = VERTEX_POINT('',#11922);
#11922 = CARTESIAN_POINT('',(-0.5,-0.4,0.405));
#11923 = CIRCLE('',#11924,4.5E-02);
#11924 = AXIS2_PLACEMENT_3D('',#11925,#11926,#11927);
#11925 = CARTESIAN_POINT('',(-0.545,-0.4,0.405));
#11926 = DIRECTION('',(0.,-1.,0.));
#11927 = DIRECTION('',(0.,0.,1.));
#11928 = ORIENTED_EDGE('',*,*,#11929,.F.);
#11929 = EDGE_CURVE('',#11930,#11921,#11932,.T.);
#11930 = VERTEX_POINT('',#11931);
#11931 = CARTESIAN_POINT('',(-0.755,-0.4,0.405));
#11932 = LINE('',#11933,#11934);
#11933 = CARTESIAN_POINT('',(-0.755,-0.4,0.405));
#11934 = VECTOR('',#11935,1.);
#11935 = DIRECTION('',(1.,0.,0.));
#11936 = ORIENTED_EDGE('',*,*,#11937,.F.);
#11937 = EDGE_CURVE('',#11938,#11930,#11940,.T.);
#11938 = VERTEX_POINT('',#11939);
#11939 = CARTESIAN_POINT('',(-0.755,-0.4,4.5E-02));
#11940 = LINE('',#11941,#11942);
#11941 = CARTESIAN_POINT('',(-0.755,-0.4,4.5E-02));
#11942 = VECTOR('',#11943,1.);
#11943 = DIRECTION('',(0.,0.,1.));
#11944 = ORIENTED_EDGE('',*,*,#11945,.T.);
#11945 = EDGE_CURVE('',#11938,#11946,#11948,.T.);
#11946 = VERTEX_POINT('',#11947);
#11947 = CARTESIAN_POINT('',(-0.5,-0.4,4.5E-02));
#11948 = LINE('',#11949,#11950);
#11949 = CARTESIAN_POINT('',(-0.755,-0.4,4.5E-02));
#11950 = VECTOR('',#11951,1.);
#11951 = DIRECTION('',(1.,0.,0.));
#11952 = ORIENTED_EDGE('',*,*,#11953,.T.);
#11953 = EDGE_CURVE('',#11946,#11888,#11954,.T.);
#11954 = CIRCLE('',#11955,4.5E-02);
#11955 = AXIS2_PLACEMENT_3D('',#11956,#11957,#11958);
#11956 = CARTESIAN_POINT('',(-0.545,-0.4,4.5E-02));
#11957 = DIRECTION('',(0.,1.,0.));
#11958 = DIRECTION('',(0.,-0.,1.));
#11959 = PLANE('',#11960);
#11960 = AXIS2_PLACEMENT_3D('',#11961,#11962,#11963);
#11961 = CARTESIAN_POINT('',(-0.8,-0.4,0.));
#11962 = DIRECTION('',(0.,1.,0.));
#11963 = DIRECTION('',(0.,-0.,1.));
#11964 = ADVANCED_FACE('',(#11965),#11984,.T.);
#11965 = FACE_BOUND('',#11966,.T.);
#11966 = EDGE_LOOP('',(#11967,#11968,#11977,#11983));
#11967 = ORIENTED_EDGE('',*,*,#11855,.T.);
#11968 = ORIENTED_EDGE('',*,*,#11969,.T.);
#11969 = EDGE_CURVE('',#11856,#11970,#11972,.T.);
#11970 = VERTEX_POINT('',#11971);
#11971 = CARTESIAN_POINT('',(-0.755,0.4,-2.775557561563E-17));
#11972 = CIRCLE('',#11973,4.5E-02);
#11973 = AXIS2_PLACEMENT_3D('',#11974,#11975,#11976);
#11974 = CARTESIAN_POINT('',(-0.755,0.4,4.5E-02));
#11975 = DIRECTION('',(0.,-1.,0.));
#11976 = DIRECTION('',(0.,0.,1.));
#11977 = ORIENTED_EDGE('',*,*,#11978,.F.);
#11978 = EDGE_CURVE('',#11886,#11970,#11979,.T.);
#11979 = LINE('',#11980,#11981);
#11980 = CARTESIAN_POINT('',(-0.755,-0.4,-2.775557561563E-17));
#11981 = VECTOR('',#11982,1.);
#11982 = DIRECTION('',(0.,1.,0.));
#11983 = ORIENTED_EDGE('',*,*,#11895,.F.);
#11984 = CYLINDRICAL_SURFACE('',#11985,4.5E-02);
#11985 = AXIS2_PLACEMENT_3D('',#11986,#11987,#11988);
#11986 = CARTESIAN_POINT('',(-0.755,-0.4,4.5E-02));
#11987 = DIRECTION('',(0.,1.,0.));
#11988 = DIRECTION('',(-1.,0.,0.));
#11989 = ADVANCED_FACE('',(#11990),#12009,.T.);
#11990 = FACE_BOUND('',#11991,.T.);
#11991 = EDGE_LOOP('',(#11992,#11993,#12001,#12008));
#11992 = ORIENTED_EDGE('',*,*,#11903,.T.);
#11993 = ORIENTED_EDGE('',*,*,#11994,.T.);
#11994 = EDGE_CURVE('',#11904,#11995,#11997,.T.);
#11995 = VERTEX_POINT('',#11996);
#11996 = CARTESIAN_POINT('',(-0.755,0.4,0.45));
#11997 = LINE('',#11998,#11999);
#11998 = CARTESIAN_POINT('',(-0.755,-0.4,0.45));
#11999 = VECTOR('',#12000,1.);
#12000 = DIRECTION('',(0.,1.,0.));
#12001 = ORIENTED_EDGE('',*,*,#12002,.F.);
#12002 = EDGE_CURVE('',#11864,#11995,#12003,.T.);
#12003 = CIRCLE('',#12004,4.5E-02);
#12004 = AXIS2_PLACEMENT_3D('',#12005,#12006,#12007);
#12005 = CARTESIAN_POINT('',(-0.755,0.4,0.405));
#12006 = DIRECTION('',(0.,1.,0.));
#12007 = DIRECTION('',(0.,-0.,1.));
#12008 = ORIENTED_EDGE('',*,*,#11871,.F.);
#12009 = CYLINDRICAL_SURFACE('',#12010,4.5E-02);
#12010 = AXIS2_PLACEMENT_3D('',#12011,#12012,#12013);
#12011 = CARTESIAN_POINT('',(-0.755,-0.4,0.405));
#12012 = DIRECTION('',(0.,1.,0.));
#12013 = DIRECTION('',(-1.,0.,0.));
#12014 = ADVANCED_FACE('',(#12015),#12076,.T.);
#12015 = FACE_BOUND('',#12016,.T.);
#12016 = EDGE_LOOP('',(#12017,#12025,#12026,#12027,#12028,#12036,#12045,
    #12053,#12061,#12069));
#12017 = ORIENTED_EDGE('',*,*,#12018,.F.);
#12018 = EDGE_CURVE('',#11970,#12019,#12021,.T.);
#12019 = VERTEX_POINT('',#12020);
#12020 = CARTESIAN_POINT('',(-0.545,0.4,-2.775557561563E-17));
#12021 = LINE('',#12022,#12023);
#12022 = CARTESIAN_POINT('',(-0.8,0.4,0.));
#12023 = VECTOR('',#12024,1.);
#12024 = DIRECTION('',(1.,0.,0.));
#12025 = ORIENTED_EDGE('',*,*,#11969,.F.);
#12026 = ORIENTED_EDGE('',*,*,#11863,.T.);
#12027 = ORIENTED_EDGE('',*,*,#12002,.T.);
#12028 = ORIENTED_EDGE('',*,*,#12029,.T.);
#12029 = EDGE_CURVE('',#11995,#12030,#12032,.T.);
#12030 = VERTEX_POINT('',#12031);
#12031 = CARTESIAN_POINT('',(-0.545,0.4,0.45));
#12032 = LINE('',#12033,#12034);
#12033 = CARTESIAN_POINT('',(-0.8,0.4,0.45));
#12034 = VECTOR('',#12035,1.);
#12035 = DIRECTION('',(1.,0.,0.));
#12036 = ORIENTED_EDGE('',*,*,#12037,.F.);
#12037 = EDGE_CURVE('',#12038,#12030,#12040,.T.);
#12038 = VERTEX_POINT('',#12039);
#12039 = CARTESIAN_POINT('',(-0.5,0.4,0.405));
#12040 = CIRCLE('',#12041,4.5E-02);
#12041 = AXIS2_PLACEMENT_3D('',#12042,#12043,#12044);
#12042 = CARTESIAN_POINT('',(-0.545,0.4,0.405));
#12043 = DIRECTION('',(0.,-1.,0.));
#12044 = DIRECTION('',(0.,0.,1.));
#12045 = ORIENTED_EDGE('',*,*,#12046,.F.);
#12046 = EDGE_CURVE('',#12047,#12038,#12049,.T.);
#12047 = VERTEX_POINT('',#12048);
#12048 = CARTESIAN_POINT('',(-0.755,0.4,0.405));
#12049 = LINE('',#12050,#12051);
#12050 = CARTESIAN_POINT('',(-0.755,0.4,0.405));
#12051 = VECTOR('',#12052,1.);
#12052 = DIRECTION('',(1.,0.,0.));
#12053 = ORIENTED_EDGE('',*,*,#12054,.F.);
#12054 = EDGE_CURVE('',#12055,#12047,#12057,.T.);
#12055 = VERTEX_POINT('',#12056);
#12056 = CARTESIAN_POINT('',(-0.755,0.4,4.5E-02));
#12057 = LINE('',#12058,#12059);
#12058 = CARTESIAN_POINT('',(-0.755,0.4,4.5E-02));
#12059 = VECTOR('',#12060,1.);
#12060 = DIRECTION('',(0.,0.,1.));
#12061 = ORIENTED_EDGE('',*,*,#12062,.T.);
#12062 = EDGE_CURVE('',#12055,#12063,#12065,.T.);
#12063 = VERTEX_POINT('',#12064);
#12064 = CARTESIAN_POINT('',(-0.5,0.4,4.5E-02));
#12065 = LINE('',#12066,#12067);
#12066 = CARTESIAN_POINT('',(-0.755,0.4,4.5E-02));
#12067 = VECTOR('',#12068,1.);
#12068 = DIRECTION('',(1.,0.,0.));
#12069 = ORIENTED_EDGE('',*,*,#12070,.T.);
#12070 = EDGE_CURVE('',#12063,#12019,#12071,.T.);
#12071 = CIRCLE('',#12072,4.5E-02);
#12072 = AXIS2_PLACEMENT_3D('',#12073,#12074,#12075);
#12073 = CARTESIAN_POINT('',(-0.545,0.4,4.5E-02));
#12074 = DIRECTION('',(0.,1.,0.));
#12075 = DIRECTION('',(0.,-0.,1.));
#12076 = PLANE('',#12077);
#12077 = AXIS2_PLACEMENT_3D('',#12078,#12079,#12080);
#12078 = CARTESIAN_POINT('',(-0.8,0.4,0.));
#12079 = DIRECTION('',(0.,1.,0.));
#12080 = DIRECTION('',(0.,-0.,1.));
#12081 = ADVANCED_FACE('',(#12082),#12093,.F.);
#12082 = FACE_BOUND('',#12083,.F.);
#12083 = EDGE_LOOP('',(#12084,#12085,#12086,#12087));
#12084 = ORIENTED_EDGE('',*,*,#12018,.F.);
#12085 = ORIENTED_EDGE('',*,*,#11978,.F.);
#12086 = ORIENTED_EDGE('',*,*,#11885,.T.);
#12087 = ORIENTED_EDGE('',*,*,#12088,.T.);
#12088 = EDGE_CURVE('',#11888,#12019,#12089,.T.);
#12089 = LINE('',#12090,#12091);
#12090 = CARTESIAN_POINT('',(-0.545,-0.4,-2.775557561563E-17));
#12091 = VECTOR('',#12092,1.);
#12092 = DIRECTION('',(0.,1.,0.));
#12093 = PLANE('',#12094);
#12094 = AXIS2_PLACEMENT_3D('',#12095,#12096,#12097);
#12095 = CARTESIAN_POINT('',(-0.8,-0.4,0.));
#12096 = DIRECTION('',(0.,0.,1.));
#12097 = DIRECTION('',(1.,0.,-0.));
#12098 = ADVANCED_FACE('',(#12099),#12110,.T.);
#12099 = FACE_BOUND('',#12100,.T.);
#12100 = EDGE_LOOP('',(#12101,#12102,#12103,#12104));
#12101 = ORIENTED_EDGE('',*,*,#11953,.T.);
#12102 = ORIENTED_EDGE('',*,*,#12088,.T.);
#12103 = ORIENTED_EDGE('',*,*,#12070,.F.);
#12104 = ORIENTED_EDGE('',*,*,#12105,.F.);
#12105 = EDGE_CURVE('',#11946,#12063,#12106,.T.);
#12106 = LINE('',#12107,#12108);
#12107 = CARTESIAN_POINT('',(-0.5,-0.4,4.5E-02));
#12108 = VECTOR('',#12109,1.);
#12109 = DIRECTION('',(0.,1.,0.));
#12110 = CYLINDRICAL_SURFACE('',#12111,4.5E-02);
#12111 = AXIS2_PLACEMENT_3D('',#12112,#12113,#12114);
#12112 = CARTESIAN_POINT('',(-0.545,-0.4,4.5E-02));
#12113 = DIRECTION('',(0.,1.,0.));
#12114 = DIRECTION('',(1.,0.,0.));
#12115 = ADVANCED_FACE('',(#12116),#12159,.F.);
#12116 = FACE_BOUND('',#12117,.F.);
#12117 = EDGE_LOOP('',(#12118,#12119,#12120,#12121,#12129,#12137,#12145,
    #12153));
#12118 = ORIENTED_EDGE('',*,*,#11945,.F.);
#12119 = ORIENTED_EDGE('',*,*,#11937,.T.);
#12120 = ORIENTED_EDGE('',*,*,#11929,.T.);
#12121 = ORIENTED_EDGE('',*,*,#12122,.T.);
#12122 = EDGE_CURVE('',#11921,#12123,#12125,.T.);
#12123 = VERTEX_POINT('',#12124);
#12124 = CARTESIAN_POINT('',(0.5,-0.4,0.405));
#12125 = LINE('',#12126,#12127);
#12126 = CARTESIAN_POINT('',(-0.5,-0.4,0.405));
#12127 = VECTOR('',#12128,1.);
#12128 = DIRECTION('',(1.,0.,0.));
#12129 = ORIENTED_EDGE('',*,*,#12130,.T.);
#12130 = EDGE_CURVE('',#12123,#12131,#12133,.T.);
#12131 = VERTEX_POINT('',#12132);
#12132 = CARTESIAN_POINT('',(0.755,-0.4,0.405));
#12133 = LINE('',#12134,#12135);
#12134 = CARTESIAN_POINT('',(-0.755,-0.4,0.405));
#12135 = VECTOR('',#12136,1.);
#12136 = DIRECTION('',(1.,0.,0.));
#12137 = ORIENTED_EDGE('',*,*,#12138,.F.);
#12138 = EDGE_CURVE('',#12139,#12131,#12141,.T.);
#12139 = VERTEX_POINT('',#12140);
#12140 = CARTESIAN_POINT('',(0.755,-0.4,4.5E-02));
#12141 = LINE('',#12142,#12143);
#12142 = CARTESIAN_POINT('',(0.755,-0.4,4.5E-02));
#12143 = VECTOR('',#12144,1.);
#12144 = DIRECTION('',(0.,0.,1.));
#12145 = ORIENTED_EDGE('',*,*,#12146,.F.);
#12146 = EDGE_CURVE('',#12147,#12139,#12149,.T.);
#12147 = VERTEX_POINT('',#12148);
#12148 = CARTESIAN_POINT('',(0.5,-0.4,4.5E-02));
#12149 = LINE('',#12150,#12151);
#12150 = CARTESIAN_POINT('',(-0.755,-0.4,4.5E-02));
#12151 = VECTOR('',#12152,1.);
#12152 = DIRECTION('',(1.,0.,0.));
#12153 = ORIENTED_EDGE('',*,*,#12154,.F.);
#12154 = EDGE_CURVE('',#11946,#12147,#12155,.T.);
#12155 = LINE('',#12156,#12157);
#12156 = CARTESIAN_POINT('',(-0.755,-0.4,4.5E-02));
#12157 = VECTOR('',#12158,1.);
#12158 = DIRECTION('',(1.,0.,0.));
#12159 = PLANE('',#12160);
#12160 = AXIS2_PLACEMENT_3D('',#12161,#12162,#12163);
#12161 = CARTESIAN_POINT('',(-0.755,-0.4,4.5E-02));
#12162 = DIRECTION('',(0.,1.,0.));
#12163 = DIRECTION('',(0.,-0.,1.));
#12164 = ADVANCED_FACE('',(#12165),#12176,.T.);
#12165 = FACE_BOUND('',#12166,.T.);
#12166 = EDGE_LOOP('',(#12167,#12168,#12169,#12170));
#12167 = ORIENTED_EDGE('',*,*,#12029,.F.);
#12168 = ORIENTED_EDGE('',*,*,#11994,.F.);
#12169 = ORIENTED_EDGE('',*,*,#11912,.T.);
#12170 = ORIENTED_EDGE('',*,*,#12171,.T.);
#12171 = EDGE_CURVE('',#11913,#12030,#12172,.T.);
#12172 = LINE('',#12173,#12174);
#12173 = CARTESIAN_POINT('',(-0.545,-0.4,0.45));
#12174 = VECTOR('',#12175,1.);
#12175 = DIRECTION('',(0.,1.,0.));
#12176 = PLANE('',#12177);
#12177 = AXIS2_PLACEMENT_3D('',#12178,#12179,#12180);
#12178 = CARTESIAN_POINT('',(-0.8,-0.4,0.45));
#12179 = DIRECTION('',(0.,0.,1.));
#12180 = DIRECTION('',(1.,0.,-0.));
#12181 = ADVANCED_FACE('',(#12182),#12193,.T.);
#12182 = FACE_BOUND('',#12183,.T.);
#12183 = EDGE_LOOP('',(#12184,#12190,#12191,#12192));
#12184 = ORIENTED_EDGE('',*,*,#12185,.T.);
#12185 = EDGE_CURVE('',#11921,#12038,#12186,.T.);
#12186 = LINE('',#12187,#12188);
#12187 = CARTESIAN_POINT('',(-0.5,-0.4,0.405));
#12188 = VECTOR('',#12189,1.);
#12189 = DIRECTION('',(0.,1.,0.));
#12190 = ORIENTED_EDGE('',*,*,#12037,.T.);
#12191 = ORIENTED_EDGE('',*,*,#12171,.F.);
#12192 = ORIENTED_EDGE('',*,*,#11920,.F.);
#12193 = CYLINDRICAL_SURFACE('',#12194,4.5E-02);
#12194 = AXIS2_PLACEMENT_3D('',#12195,#12196,#12197);
#12195 = CARTESIAN_POINT('',(-0.545,-0.4,0.405));
#12196 = DIRECTION('',(0.,1.,0.));
#12197 = DIRECTION('',(1.,0.,0.));
#12198 = ADVANCED_FACE('',(#12199),#12242,.T.);
#12199 = FACE_BOUND('',#12200,.T.);
#12200 = EDGE_LOOP('',(#12201,#12202,#12203,#12204,#12212,#12220,#12228,
    #12236));
#12201 = ORIENTED_EDGE('',*,*,#12062,.F.);
#12202 = ORIENTED_EDGE('',*,*,#12054,.T.);
#12203 = ORIENTED_EDGE('',*,*,#12046,.T.);
#12204 = ORIENTED_EDGE('',*,*,#12205,.T.);
#12205 = EDGE_CURVE('',#12038,#12206,#12208,.T.);
#12206 = VERTEX_POINT('',#12207);
#12207 = CARTESIAN_POINT('',(0.5,0.4,0.405));
#12208 = LINE('',#12209,#12210);
#12209 = CARTESIAN_POINT('',(-0.5,0.4,0.405));
#12210 = VECTOR('',#12211,1.);
#12211 = DIRECTION('',(1.,0.,0.));
#12212 = ORIENTED_EDGE('',*,*,#12213,.T.);
#12213 = EDGE_CURVE('',#12206,#12214,#12216,.T.);
#12214 = VERTEX_POINT('',#12215);
#12215 = CARTESIAN_POINT('',(0.755,0.4,0.405));
#12216 = LINE('',#12217,#12218);
#12217 = CARTESIAN_POINT('',(-0.755,0.4,0.405));
#12218 = VECTOR('',#12219,1.);
#12219 = DIRECTION('',(1.,0.,0.));
#12220 = ORIENTED_EDGE('',*,*,#12221,.F.);
#12221 = EDGE_CURVE('',#12222,#12214,#12224,.T.);
#12222 = VERTEX_POINT('',#12223);
#12223 = CARTESIAN_POINT('',(0.755,0.4,4.5E-02));
#12224 = LINE('',#12225,#12226);
#12225 = CARTESIAN_POINT('',(0.755,0.4,4.5E-02));
#12226 = VECTOR('',#12227,1.);
#12227 = DIRECTION('',(0.,0.,1.));
#12228 = ORIENTED_EDGE('',*,*,#12229,.F.);
#12229 = EDGE_CURVE('',#12230,#12222,#12232,.T.);
#12230 = VERTEX_POINT('',#12231);
#12231 = CARTESIAN_POINT('',(0.5,0.4,4.5E-02));
#12232 = LINE('',#12233,#12234);
#12233 = CARTESIAN_POINT('',(-0.755,0.4,4.5E-02));
#12234 = VECTOR('',#12235,1.);
#12235 = DIRECTION('',(1.,0.,0.));
#12236 = ORIENTED_EDGE('',*,*,#12237,.F.);
#12237 = EDGE_CURVE('',#12063,#12230,#12238,.T.);
#12238 = LINE('',#12239,#12240);
#12239 = CARTESIAN_POINT('',(-0.755,0.4,4.5E-02));
#12240 = VECTOR('',#12241,1.);
#12241 = DIRECTION('',(1.,0.,0.));
#12242 = PLANE('',#12243);
#12243 = AXIS2_PLACEMENT_3D('',#12244,#12245,#12246);
#12244 = CARTESIAN_POINT('',(-0.755,0.4,4.5E-02));
#12245 = DIRECTION('',(0.,1.,0.));
#12246 = DIRECTION('',(0.,-0.,1.));
#12247 = ADVANCED_FACE('',(#12248),#12259,.F.);
#12248 = FACE_BOUND('',#12249,.F.);
#12249 = EDGE_LOOP('',(#12250,#12251,#12252,#12258));
#12250 = ORIENTED_EDGE('',*,*,#12105,.F.);
#12251 = ORIENTED_EDGE('',*,*,#12154,.T.);
#12252 = ORIENTED_EDGE('',*,*,#12253,.T.);
#12253 = EDGE_CURVE('',#12147,#12230,#12254,.T.);
#12254 = LINE('',#12255,#12256);
#12255 = CARTESIAN_POINT('',(0.5,-0.4,4.5E-02));
#12256 = VECTOR('',#12257,1.);
#12257 = DIRECTION('',(0.,1.,0.));
#12258 = ORIENTED_EDGE('',*,*,#12237,.F.);
#12259 = PLANE('',#12260);
#12260 = AXIS2_PLACEMENT_3D('',#12261,#12262,#12263);
#12261 = CARTESIAN_POINT('',(-0.755,-0.4,4.5E-02));
#12262 = DIRECTION('',(0.,0.,1.));
#12263 = DIRECTION('',(1.,0.,-0.));
#12264 = ADVANCED_FACE('',(#12265),#12328,.F.);
#12265 = FACE_BOUND('',#12266,.F.);
#12266 = EDGE_LOOP('',(#12267,#12277,#12284,#12285,#12286,#12287,#12296,
    #12304,#12313,#12321));
#12267 = ORIENTED_EDGE('',*,*,#12268,.F.);
#12268 = EDGE_CURVE('',#12269,#12271,#12273,.T.);
#12269 = VERTEX_POINT('',#12270);
#12270 = CARTESIAN_POINT('',(0.545,-0.4,-2.775557561563E-17));
#12271 = VERTEX_POINT('',#12272);
#12272 = CARTESIAN_POINT('',(0.755,-0.4,-2.775557561563E-17));
#12273 = LINE('',#12274,#12275);
#12274 = CARTESIAN_POINT('',(0.5,-0.4,0.));
#12275 = VECTOR('',#12276,1.);
#12276 = DIRECTION('',(1.,0.,0.));
#12277 = ORIENTED_EDGE('',*,*,#12278,.F.);
#12278 = EDGE_CURVE('',#12147,#12269,#12279,.T.);
#12279 = CIRCLE('',#12280,4.5E-02);
#12280 = AXIS2_PLACEMENT_3D('',#12281,#12282,#12283);
#12281 = CARTESIAN_POINT('',(0.545,-0.4,4.5E-02));
#12282 = DIRECTION('',(0.,-1.,0.));
#12283 = DIRECTION('',(0.,0.,1.));
#12284 = ORIENTED_EDGE('',*,*,#12146,.T.);
#12285 = ORIENTED_EDGE('',*,*,#12138,.T.);
#12286 = ORIENTED_EDGE('',*,*,#12130,.F.);
#12287 = ORIENTED_EDGE('',*,*,#12288,.T.);
#12288 = EDGE_CURVE('',#12123,#12289,#12291,.T.);
#12289 = VERTEX_POINT('',#12290);
#12290 = CARTESIAN_POINT('',(0.545,-0.4,0.45));
#12291 = CIRCLE('',#12292,4.5E-02);
#12292 = AXIS2_PLACEMENT_3D('',#12293,#12294,#12295);
#12293 = CARTESIAN_POINT('',(0.545,-0.4,0.405));
#12294 = DIRECTION('',(0.,1.,0.));
#12295 = DIRECTION('',(0.,-0.,1.));
#12296 = ORIENTED_EDGE('',*,*,#12297,.T.);
#12297 = EDGE_CURVE('',#12289,#12298,#12300,.T.);
#12298 = VERTEX_POINT('',#12299);
#12299 = CARTESIAN_POINT('',(0.755,-0.4,0.45));
#12300 = LINE('',#12301,#12302);
#12301 = CARTESIAN_POINT('',(0.5,-0.4,0.45));
#12302 = VECTOR('',#12303,1.);
#12303 = DIRECTION('',(1.,0.,0.));
#12304 = ORIENTED_EDGE('',*,*,#12305,.F.);
#12305 = EDGE_CURVE('',#12306,#12298,#12308,.T.);
#12306 = VERTEX_POINT('',#12307);
#12307 = CARTESIAN_POINT('',(0.8,-0.4,0.405));
#12308 = CIRCLE('',#12309,4.5E-02);
#12309 = AXIS2_PLACEMENT_3D('',#12310,#12311,#12312);
#12310 = CARTESIAN_POINT('',(0.755,-0.4,0.405));
#12311 = DIRECTION('',(0.,-1.,0.));
#12312 = DIRECTION('',(0.,0.,1.));
#12313 = ORIENTED_EDGE('',*,*,#12314,.F.);
#12314 = EDGE_CURVE('',#12315,#12306,#12317,.T.);
#12315 = VERTEX_POINT('',#12316);
#12316 = CARTESIAN_POINT('',(0.8,-0.4,4.5E-02));
#12317 = LINE('',#12318,#12319);
#12318 = CARTESIAN_POINT('',(0.8,-0.4,0.));
#12319 = VECTOR('',#12320,1.);
#12320 = DIRECTION('',(0.,0.,1.));
#12321 = ORIENTED_EDGE('',*,*,#12322,.T.);
#12322 = EDGE_CURVE('',#12315,#12271,#12323,.T.);
#12323 = CIRCLE('',#12324,4.5E-02);
#12324 = AXIS2_PLACEMENT_3D('',#12325,#12326,#12327);
#12325 = CARTESIAN_POINT('',(0.755,-0.4,4.5E-02));
#12326 = DIRECTION('',(0.,1.,0.));
#12327 = DIRECTION('',(0.,-0.,1.));
#12328 = PLANE('',#12329);
#12329 = AXIS2_PLACEMENT_3D('',#12330,#12331,#12332);
#12330 = CARTESIAN_POINT('',(0.5,-0.4,0.));
#12331 = DIRECTION('',(0.,1.,0.));
#12332 = DIRECTION('',(0.,-0.,1.));
#12333 = ADVANCED_FACE('',(#12334),#12359,.F.);
#12334 = FACE_BOUND('',#12335,.F.);
#12335 = EDGE_LOOP('',(#12336,#12337,#12345,#12353));
#12336 = ORIENTED_EDGE('',*,*,#12122,.F.);
#12337 = ORIENTED_EDGE('',*,*,#12338,.T.);
#12338 = EDGE_CURVE('',#11921,#12339,#12341,.T.);
#12339 = VERTEX_POINT('',#12340);
#12340 = CARTESIAN_POINT('',(-0.5,-0.4,0.45));
#12341 = LINE('',#12342,#12343);
#12342 = CARTESIAN_POINT('',(-0.5,-0.4,0.405));
#12343 = VECTOR('',#12344,1.);
#12344 = DIRECTION('',(0.,0.,1.));
#12345 = ORIENTED_EDGE('',*,*,#12346,.T.);
#12346 = EDGE_CURVE('',#12339,#12347,#12349,.T.);
#12347 = VERTEX_POINT('',#12348);
#12348 = CARTESIAN_POINT('',(0.5,-0.4,0.45));
#12349 = LINE('',#12350,#12351);
#12350 = CARTESIAN_POINT('',(-0.5,-0.4,0.45));
#12351 = VECTOR('',#12352,1.);
#12352 = DIRECTION('',(1.,0.,0.));
#12353 = ORIENTED_EDGE('',*,*,#12354,.F.);
#12354 = EDGE_CURVE('',#12123,#12347,#12355,.T.);
#12355 = LINE('',#12356,#12357);
#12356 = CARTESIAN_POINT('',(0.5,-0.4,0.405));
#12357 = VECTOR('',#12358,1.);
#12358 = DIRECTION('',(0.,0.,1.));
#12359 = PLANE('',#12360);
#12360 = AXIS2_PLACEMENT_3D('',#12361,#12362,#12363);
#12361 = CARTESIAN_POINT('',(-0.5,-0.4,0.405));
#12362 = DIRECTION('',(0.,1.,0.));
#12363 = DIRECTION('',(0.,-0.,1.));
#12364 = ADVANCED_FACE('',(#12365),#12383,.F.);
#12365 = FACE_BOUND('',#12366,.F.);
#12366 = EDGE_LOOP('',(#12367,#12368,#12369,#12377));
#12367 = ORIENTED_EDGE('',*,*,#12338,.F.);
#12368 = ORIENTED_EDGE('',*,*,#12185,.T.);
#12369 = ORIENTED_EDGE('',*,*,#12370,.T.);
#12370 = EDGE_CURVE('',#12038,#12371,#12373,.T.);
#12371 = VERTEX_POINT('',#12372);
#12372 = CARTESIAN_POINT('',(-0.5,0.4,0.45));
#12373 = LINE('',#12374,#12375);
#12374 = CARTESIAN_POINT('',(-0.5,0.4,0.405));
#12375 = VECTOR('',#12376,1.);
#12376 = DIRECTION('',(0.,0.,1.));
#12377 = ORIENTED_EDGE('',*,*,#12378,.F.);
#12378 = EDGE_CURVE('',#12339,#12371,#12379,.T.);
#12379 = LINE('',#12380,#12381);
#12380 = CARTESIAN_POINT('',(-0.5,-0.4,0.45));
#12381 = VECTOR('',#12382,1.);
#12382 = DIRECTION('',(0.,1.,0.));
#12383 = PLANE('',#12384);
#12384 = AXIS2_PLACEMENT_3D('',#12385,#12386,#12387);
#12385 = CARTESIAN_POINT('',(-0.5,-0.4,0.405));
#12386 = DIRECTION('',(1.,0.,0.));
#12387 = DIRECTION('',(0.,0.,1.));
#12388 = ADVANCED_FACE('',(#12389),#12452,.T.);
#12389 = FACE_BOUND('',#12390,.T.);
#12390 = EDGE_LOOP('',(#12391,#12401,#12408,#12409,#12410,#12411,#12420,
    #12428,#12437,#12445));
#12391 = ORIENTED_EDGE('',*,*,#12392,.F.);
#12392 = EDGE_CURVE('',#12393,#12395,#12397,.T.);
#12393 = VERTEX_POINT('',#12394);
#12394 = CARTESIAN_POINT('',(0.545,0.4,-2.775557561563E-17));
#12395 = VERTEX_POINT('',#12396);
#12396 = CARTESIAN_POINT('',(0.755,0.4,-2.775557561563E-17));
#12397 = LINE('',#12398,#12399);
#12398 = CARTESIAN_POINT('',(0.5,0.4,0.));
#12399 = VECTOR('',#12400,1.);
#12400 = DIRECTION('',(1.,0.,0.));
#12401 = ORIENTED_EDGE('',*,*,#12402,.F.);
#12402 = EDGE_CURVE('',#12230,#12393,#12403,.T.);
#12403 = CIRCLE('',#12404,4.5E-02);
#12404 = AXIS2_PLACEMENT_3D('',#12405,#12406,#12407);
#12405 = CARTESIAN_POINT('',(0.545,0.4,4.5E-02));
#12406 = DIRECTION('',(0.,-1.,0.));
#12407 = DIRECTION('',(0.,0.,1.));
#12408 = ORIENTED_EDGE('',*,*,#12229,.T.);
#12409 = ORIENTED_EDGE('',*,*,#12221,.T.);
#12410 = ORIENTED_EDGE('',*,*,#12213,.F.);
#12411 = ORIENTED_EDGE('',*,*,#12412,.T.);
#12412 = EDGE_CURVE('',#12206,#12413,#12415,.T.);
#12413 = VERTEX_POINT('',#12414);
#12414 = CARTESIAN_POINT('',(0.545,0.4,0.45));
#12415 = CIRCLE('',#12416,4.5E-02);
#12416 = AXIS2_PLACEMENT_3D('',#12417,#12418,#12419);
#12417 = CARTESIAN_POINT('',(0.545,0.4,0.405));
#12418 = DIRECTION('',(0.,1.,0.));
#12419 = DIRECTION('',(0.,-0.,1.));
#12420 = ORIENTED_EDGE('',*,*,#12421,.T.);
#12421 = EDGE_CURVE('',#12413,#12422,#12424,.T.);
#12422 = VERTEX_POINT('',#12423);
#12423 = CARTESIAN_POINT('',(0.755,0.4,0.45));
#12424 = LINE('',#12425,#12426);
#12425 = CARTESIAN_POINT('',(0.5,0.4,0.45));
#12426 = VECTOR('',#12427,1.);
#12427 = DIRECTION('',(1.,0.,0.));
#12428 = ORIENTED_EDGE('',*,*,#12429,.F.);
#12429 = EDGE_CURVE('',#12430,#12422,#12432,.T.);
#12430 = VERTEX_POINT('',#12431);
#12431 = CARTESIAN_POINT('',(0.8,0.4,0.405));
#12432 = CIRCLE('',#12433,4.5E-02);
#12433 = AXIS2_PLACEMENT_3D('',#12434,#12435,#12436);
#12434 = CARTESIAN_POINT('',(0.755,0.4,0.405));
#12435 = DIRECTION('',(0.,-1.,0.));
#12436 = DIRECTION('',(0.,0.,1.));
#12437 = ORIENTED_EDGE('',*,*,#12438,.F.);
#12438 = EDGE_CURVE('',#12439,#12430,#12441,.T.);
#12439 = VERTEX_POINT('',#12440);
#12440 = CARTESIAN_POINT('',(0.8,0.4,4.5E-02));
#12441 = LINE('',#12442,#12443);
#12442 = CARTESIAN_POINT('',(0.8,0.4,0.));
#12443 = VECTOR('',#12444,1.);
#12444 = DIRECTION('',(0.,0.,1.));
#12445 = ORIENTED_EDGE('',*,*,#12446,.T.);
#12446 = EDGE_CURVE('',#12439,#12395,#12447,.T.);
#12447 = CIRCLE('',#12448,4.5E-02);
#12448 = AXIS2_PLACEMENT_3D('',#12449,#12450,#12451);
#12449 = CARTESIAN_POINT('',(0.755,0.4,4.5E-02));
#12450 = DIRECTION('',(0.,1.,0.));
#12451 = DIRECTION('',(0.,-0.,1.));
#12452 = PLANE('',#12453);
#12453 = AXIS2_PLACEMENT_3D('',#12454,#12455,#12456);
#12454 = CARTESIAN_POINT('',(0.5,0.4,0.));
#12455 = DIRECTION('',(0.,1.,0.));
#12456 = DIRECTION('',(0.,-0.,1.));
#12457 = ADVANCED_FACE('',(#12458),#12476,.T.);
#12458 = FACE_BOUND('',#12459,.T.);
#12459 = EDGE_LOOP('',(#12460,#12461,#12462,#12470));
#12460 = ORIENTED_EDGE('',*,*,#12205,.F.);
#12461 = ORIENTED_EDGE('',*,*,#12370,.T.);
#12462 = ORIENTED_EDGE('',*,*,#12463,.T.);
#12463 = EDGE_CURVE('',#12371,#12464,#12466,.T.);
#12464 = VERTEX_POINT('',#12465);
#12465 = CARTESIAN_POINT('',(0.5,0.4,0.45));
#12466 = LINE('',#12467,#12468);
#12467 = CARTESIAN_POINT('',(-0.5,0.4,0.45));
#12468 = VECTOR('',#12469,1.);
#12469 = DIRECTION('',(1.,0.,0.));
#12470 = ORIENTED_EDGE('',*,*,#12471,.F.);
#12471 = EDGE_CURVE('',#12206,#12464,#12472,.T.);
#12472 = LINE('',#12473,#12474);
#12473 = CARTESIAN_POINT('',(0.5,0.4,0.405));
#12474 = VECTOR('',#12475,1.);
#12475 = DIRECTION('',(0.,0.,1.));
#12476 = PLANE('',#12477);
#12477 = AXIS2_PLACEMENT_3D('',#12478,#12479,#12480);
#12478 = CARTESIAN_POINT('',(-0.5,0.4,0.405));
#12479 = DIRECTION('',(0.,1.,0.));
#12480 = DIRECTION('',(0.,-0.,1.));
#12481 = ADVANCED_FACE('',(#12482),#12493,.T.);
#12482 = FACE_BOUND('',#12483,.T.);
#12483 = EDGE_LOOP('',(#12484,#12485,#12486,#12492));
#12484 = ORIENTED_EDGE('',*,*,#12253,.T.);
#12485 = ORIENTED_EDGE('',*,*,#12402,.T.);
#12486 = ORIENTED_EDGE('',*,*,#12487,.F.);
#12487 = EDGE_CURVE('',#12269,#12393,#12488,.T.);
#12488 = LINE('',#12489,#12490);
#12489 = CARTESIAN_POINT('',(0.545,-0.4,-2.775557561563E-17));
#12490 = VECTOR('',#12491,1.);
#12491 = DIRECTION('',(0.,1.,0.));
#12492 = ORIENTED_EDGE('',*,*,#12278,.F.);
#12493 = CYLINDRICAL_SURFACE('',#12494,4.5E-02);
#12494 = AXIS2_PLACEMENT_3D('',#12495,#12496,#12497);
#12495 = CARTESIAN_POINT('',(0.545,-0.4,4.5E-02));
#12496 = DIRECTION('',(0.,1.,0.));
#12497 = DIRECTION('',(-1.,0.,0.));
#12498 = ADVANCED_FACE('',(#12499),#12510,.F.);
#12499 = FACE_BOUND('',#12500,.F.);
#12500 = EDGE_LOOP('',(#12501,#12502,#12503,#12504));
#12501 = ORIENTED_EDGE('',*,*,#12392,.F.);
#12502 = ORIENTED_EDGE('',*,*,#12487,.F.);
#12503 = ORIENTED_EDGE('',*,*,#12268,.T.);
#12504 = ORIENTED_EDGE('',*,*,#12505,.T.);
#12505 = EDGE_CURVE('',#12271,#12395,#12506,.T.);
#12506 = LINE('',#12507,#12508);
#12507 = CARTESIAN_POINT('',(0.755,-0.4,-2.775557561563E-17));
#12508 = VECTOR('',#12509,1.);
#12509 = DIRECTION('',(0.,1.,0.));
#12510 = PLANE('',#12511);
#12511 = AXIS2_PLACEMENT_3D('',#12512,#12513,#12514);
#12512 = CARTESIAN_POINT('',(0.5,-0.4,0.));
#12513 = DIRECTION('',(0.,0.,1.));
#12514 = DIRECTION('',(1.,0.,-0.));
#12515 = ADVANCED_FACE('',(#12516),#12527,.T.);
#12516 = FACE_BOUND('',#12517,.T.);
#12517 = EDGE_LOOP('',(#12518,#12519,#12520,#12521));
#12518 = ORIENTED_EDGE('',*,*,#12322,.T.);
#12519 = ORIENTED_EDGE('',*,*,#12505,.T.);
#12520 = ORIENTED_EDGE('',*,*,#12446,.F.);
#12521 = ORIENTED_EDGE('',*,*,#12522,.F.);
#12522 = EDGE_CURVE('',#12315,#12439,#12523,.T.);
#12523 = LINE('',#12524,#12525);
#12524 = CARTESIAN_POINT('',(0.8,-0.4,4.5E-02));
#12525 = VECTOR('',#12526,1.);
#12526 = DIRECTION('',(0.,1.,0.));
#12527 = CYLINDRICAL_SURFACE('',#12528,4.5E-02);
#12528 = AXIS2_PLACEMENT_3D('',#12529,#12530,#12531);
#12529 = CARTESIAN_POINT('',(0.755,-0.4,4.5E-02));
#12530 = DIRECTION('',(0.,1.,0.));
#12531 = DIRECTION('',(1.,0.,0.));
#12532 = ADVANCED_FACE('',(#12533),#12544,.T.);
#12533 = FACE_BOUND('',#12534,.T.);
#12534 = EDGE_LOOP('',(#12535,#12536,#12537,#12538));
#12535 = ORIENTED_EDGE('',*,*,#12314,.F.);
#12536 = ORIENTED_EDGE('',*,*,#12522,.T.);
#12537 = ORIENTED_EDGE('',*,*,#12438,.T.);
#12538 = ORIENTED_EDGE('',*,*,#12539,.F.);
#12539 = EDGE_CURVE('',#12306,#12430,#12540,.T.);
#12540 = LINE('',#12541,#12542);
#12541 = CARTESIAN_POINT('',(0.8,-0.4,0.405));
#12542 = VECTOR('',#12543,1.);
#12543 = DIRECTION('',(0.,1.,0.));
#12544 = PLANE('',#12545);
#12545 = AXIS2_PLACEMENT_3D('',#12546,#12547,#12548);
#12546 = CARTESIAN_POINT('',(0.8,-0.4,0.));
#12547 = DIRECTION('',(1.,0.,0.));
#12548 = DIRECTION('',(0.,0.,1.));
#12549 = ADVANCED_FACE('',(#12550),#12561,.T.);
#12550 = FACE_BOUND('',#12551,.T.);
#12551 = EDGE_LOOP('',(#12552,#12553,#12554,#12560));
#12552 = ORIENTED_EDGE('',*,*,#12539,.T.);
#12553 = ORIENTED_EDGE('',*,*,#12429,.T.);
#12554 = ORIENTED_EDGE('',*,*,#12555,.F.);
#12555 = EDGE_CURVE('',#12298,#12422,#12556,.T.);
#12556 = LINE('',#12557,#12558);
#12557 = CARTESIAN_POINT('',(0.755,-0.4,0.45));
#12558 = VECTOR('',#12559,1.);
#12559 = DIRECTION('',(0.,1.,0.));
#12560 = ORIENTED_EDGE('',*,*,#12305,.F.);
#12561 = CYLINDRICAL_SURFACE('',#12562,4.5E-02);
#12562 = AXIS2_PLACEMENT_3D('',#12563,#12564,#12565);
#12563 = CARTESIAN_POINT('',(0.755,-0.4,0.405));
#12564 = DIRECTION('',(0.,1.,0.));
#12565 = DIRECTION('',(1.,0.,0.));
#12566 = ADVANCED_FACE('',(#12567),#12578,.T.);
#12567 = FACE_BOUND('',#12568,.T.);
#12568 = EDGE_LOOP('',(#12569,#12570,#12576,#12577));
#12569 = ORIENTED_EDGE('',*,*,#12421,.F.);
#12570 = ORIENTED_EDGE('',*,*,#12571,.F.);
#12571 = EDGE_CURVE('',#12289,#12413,#12572,.T.);
#12572 = LINE('',#12573,#12574);
#12573 = CARTESIAN_POINT('',(0.545,-0.4,0.45));
#12574 = VECTOR('',#12575,1.);
#12575 = DIRECTION('',(0.,1.,0.));
#12576 = ORIENTED_EDGE('',*,*,#12297,.T.);
#12577 = ORIENTED_EDGE('',*,*,#12555,.T.);
#12578 = PLANE('',#12579);
#12579 = AXIS2_PLACEMENT_3D('',#12580,#12581,#12582);
#12580 = CARTESIAN_POINT('',(0.5,-0.4,0.45));
#12581 = DIRECTION('',(0.,0.,1.));
#12582 = DIRECTION('',(1.,0.,-0.));
#12583 = ADVANCED_FACE('',(#12584),#12595,.T.);
#12584 = FACE_BOUND('',#12585,.T.);
#12585 = EDGE_LOOP('',(#12586,#12587,#12588,#12589));
#12586 = ORIENTED_EDGE('',*,*,#12288,.T.);
#12587 = ORIENTED_EDGE('',*,*,#12571,.T.);
#12588 = ORIENTED_EDGE('',*,*,#12412,.F.);
#12589 = ORIENTED_EDGE('',*,*,#12590,.F.);
#12590 = EDGE_CURVE('',#12123,#12206,#12591,.T.);
#12591 = LINE('',#12592,#12593);
#12592 = CARTESIAN_POINT('',(0.5,-0.4,0.405));
#12593 = VECTOR('',#12594,1.);
#12594 = DIRECTION('',(0.,1.,0.));
#12595 = CYLINDRICAL_SURFACE('',#12596,4.5E-02);
#12596 = AXIS2_PLACEMENT_3D('',#12597,#12598,#12599);
#12597 = CARTESIAN_POINT('',(0.545,-0.4,0.405));
#12598 = DIRECTION('',(0.,1.,0.));
#12599 = DIRECTION('',(-1.,0.,0.));
#12600 = ADVANCED_FACE('',(#12601),#12612,.T.);
#12601 = FACE_BOUND('',#12602,.T.);
#12602 = EDGE_LOOP('',(#12603,#12604,#12605,#12606));
#12603 = ORIENTED_EDGE('',*,*,#12354,.F.);
#12604 = ORIENTED_EDGE('',*,*,#12590,.T.);
#12605 = ORIENTED_EDGE('',*,*,#12471,.T.);
#12606 = ORIENTED_EDGE('',*,*,#12607,.F.);
#12607 = EDGE_CURVE('',#12347,#12464,#12608,.T.);
#12608 = LINE('',#12609,#12610);
#12609 = CARTESIAN_POINT('',(0.5,-0.4,0.45));
#12610 = VECTOR('',#12611,1.);
#12611 = DIRECTION('',(0.,1.,0.));
#12612 = PLANE('',#12613);
#12613 = AXIS2_PLACEMENT_3D('',#12614,#12615,#12616);
#12614 = CARTESIAN_POINT('',(0.5,-0.4,0.405));
#12615 = DIRECTION('',(1.,0.,0.));
#12616 = DIRECTION('',(0.,0.,1.));
#12617 = ADVANCED_FACE('',(#12618),#12624,.T.);
#12618 = FACE_BOUND('',#12619,.T.);
#12619 = EDGE_LOOP('',(#12620,#12621,#12622,#12623));
#12620 = ORIENTED_EDGE('',*,*,#12378,.F.);
#12621 = ORIENTED_EDGE('',*,*,#12346,.T.);
#12622 = ORIENTED_EDGE('',*,*,#12607,.T.);
#12623 = ORIENTED_EDGE('',*,*,#12463,.F.);
#12624 = PLANE('',#12625);
#12625 = AXIS2_PLACEMENT_3D('',#12626,#12627,#12628);
#12626 = CARTESIAN_POINT('',(-0.5,-0.4,0.45));
#12627 = DIRECTION('',(0.,0.,1.));
#12628 = DIRECTION('',(1.,0.,-0.));
#12629 = ( GEOMETRIC_REPRESENTATION_CONTEXT(3) 
GLOBAL_UNCERTAINTY_ASSIGNED_CONTEXT((#12633)) 
GLOBAL_UNIT_ASSIGNED_CONTEXT((#12630,#12631,#12632)) 
REPRESENTATION_CONTEXT('Context #1',
  '3D Context with UNIT and UNCERTAINTY') );
#12630 = ( LENGTH_UNIT() NAMED_UNIT(*) SI_UNIT(.MILLI.,.METRE.) );
#12631 = ( NAMED_UNIT(*) PLANE_ANGLE_UNIT() SI_UNIT($,.RADIAN.) );
#12632 = ( NAMED_UNIT(*) SI_UNIT($,.STERADIAN.) SOLID_ANGLE_UNIT() );
#12633 = UNCERTAINTY_MEASURE_WITH_UNIT(LENGTH_MEASURE(1.E-07),#12630,
  'distance_accuracy_value','confusion accuracy');
#12634 = CONTEXT_DEPENDENT_SHAPE_REPRESENTATION(#12635,#12637);
#12635 = ( REPRESENTATION_RELATIONSHIP('','',#11838,#10) 
REPRESENTATION_RELATIONSHIP_WITH_TRANSFORMATION(#12636) 
SHAPE_REPRESENTATION_RELATIONSHIP() );
#12636 = ITEM_DEFINED_TRANSFORMATION('','',#11,#27);
#12637 = PRODUCT_DEFINITION_SHAPE('Placement','Placement of an item',
  #12638);
#12638 = NEXT_ASSEMBLY_USAGE_OCCURRENCE('4','R1','',#5,#11833,$);
#12639 = PRODUCT_RELATED_PRODUCT_CATEGORY('part',$,(#11835));
#12640 = SHAPE_DEFINITION_REPRESENTATION(#12641,#12647);
#12641 = PRODUCT_DEFINITION_SHAPE('','',#12642);
#12642 = PRODUCT_DEFINITION('design','',#12643,#12646);
#12643 = PRODUCT_DEFINITION_FORMATION('','',#12644);
#12644 = PRODUCT('Mounting_Wuerth_WA-SMSI-M1.6_H1mm_9774010633',
  'Mounting_Wuerth_WA-SMSI-M1.6_H1mm_9774010633','',(#12645));
#12645 = PRODUCT_CONTEXT('',#2,'mechanical');
#12646 = PRODUCT_DEFINITION_CONTEXT('part definition',#2,'design');
#12647 = ADVANCED_BREP_SHAPE_REPRESENTATION('',(#11,#12648),#12785);
#12648 = MANIFOLD_SOLID_BREP('',#12649);
#12649 = CLOSED_SHELL('',(#12650,#12683,#12703,#12723,#12748,#12773));
#12650 = ADVANCED_FACE('',(#12651),#12678,.T.);
#12651 = FACE_BOUND('',#12652,.T.);
#12652 = EDGE_LOOP('',(#12653,#12662,#12670,#12677));
#12653 = ORIENTED_EDGE('',*,*,#12654,.T.);
#12654 = EDGE_CURVE('',#12655,#12655,#12657,.T.);
#12655 = VERTEX_POINT('',#12656);
#12656 = CARTESIAN_POINT('',(1.65,0.,0.));
#12657 = CIRCLE('',#12658,1.65);
#12658 = AXIS2_PLACEMENT_3D('',#12659,#12660,#12661);
#12659 = CARTESIAN_POINT('',(0.,0.,0.));
#12660 = DIRECTION('',(0.,0.,1.));
#12661 = DIRECTION('',(1.,0.,-0.));
#12662 = ORIENTED_EDGE('',*,*,#12663,.T.);
#12663 = EDGE_CURVE('',#12655,#12664,#12666,.T.);
#12664 = VERTEX_POINT('',#12665);
#12665 = CARTESIAN_POINT('',(1.65,0.,1.));
#12666 = LINE('',#12667,#12668);
#12667 = CARTESIAN_POINT('',(1.65,0.,0.));
#12668 = VECTOR('',#12669,1.);
#12669 = DIRECTION('',(0.,0.,1.));
#12670 = ORIENTED_EDGE('',*,*,#12671,.F.);
#12671 = EDGE_CURVE('',#12664,#12664,#12672,.T.);
#12672 = CIRCLE('',#12673,1.65);
#12673 = AXIS2_PLACEMENT_3D('',#12674,#12675,#12676);
#12674 = CARTESIAN_POINT('',(0.,0.,1.));
#12675 = DIRECTION('',(0.,0.,1.));
#12676 = DIRECTION('',(1.,0.,-0.));
#12677 = ORIENTED_EDGE('',*,*,#12663,.F.);
#12678 = CYLINDRICAL_SURFACE('',#12679,1.65);
#12679 = AXIS2_PLACEMENT_3D('',#12680,#12681,#12682);
#12680 = CARTESIAN_POINT('',(0.,0.,0.));
#12681 = DIRECTION('',(-0.,-0.,-1.));
#12682 = DIRECTION('',(1.,0.,0.));
#12683 = ADVANCED_FACE('',(#12684,#12687),#12698,.F.);
#12684 = FACE_BOUND('',#12685,.F.);
#12685 = EDGE_LOOP('',(#12686));
#12686 = ORIENTED_EDGE('',*,*,#12654,.T.);
#12687 = FACE_BOUND('',#12688,.F.);
#12688 = EDGE_LOOP('',(#12689));
#12689 = ORIENTED_EDGE('',*,*,#12690,.T.);
#12690 = EDGE_CURVE('',#12691,#12691,#12693,.T.);
#12691 = VERTEX_POINT('',#12692);
#12692 = CARTESIAN_POINT('',(0.95,-6.085072248146E-17,0.));
#12693 = CIRCLE('',#12694,0.95);
#12694 = AXIS2_PLACEMENT_3D('',#12695,#12696,#12697);
#12695 = CARTESIAN_POINT('',(-6.661338147751E-16,-6.085072248146E-17,0.)
  );
#12696 = DIRECTION('',(0.,0.,-1.));
#12697 = DIRECTION('',(1.,0.,0.));
#12698 = PLANE('',#12699);
#12699 = AXIS2_PLACEMENT_3D('',#12700,#12701,#12702);
#12700 = CARTESIAN_POINT('',(-1.035939494348E-16,3.62383754817E-17,0.));
#12701 = DIRECTION('',(0.,0.,1.));
#12702 = DIRECTION('',(1.,0.,-0.));
#12703 = ADVANCED_FACE('',(#12704,#12707),#12718,.T.);
#12704 = FACE_BOUND('',#12705,.T.);
#12705 = EDGE_LOOP('',(#12706));
#12706 = ORIENTED_EDGE('',*,*,#12671,.T.);
#12707 = FACE_BOUND('',#12708,.T.);
#12708 = EDGE_LOOP('',(#12709));
#12709 = ORIENTED_EDGE('',*,*,#12710,.F.);
#12710 = EDGE_CURVE('',#12711,#12711,#12713,.T.);
#12711 = VERTEX_POINT('',#12712);
#12712 = CARTESIAN_POINT('',(0.61,-6.085072248146E-17,1.));
#12713 = CIRCLE('',#12714,0.61);
#12714 = AXIS2_PLACEMENT_3D('',#12715,#12716,#12717);
#12715 = CARTESIAN_POINT('',(-6.661338147751E-16,-6.085072248146E-17,1.)
  );
#12716 = DIRECTION('',(0.,0.,1.));
#12717 = DIRECTION('',(1.,0.,-0.));
#12718 = PLANE('',#12719);
#12719 = AXIS2_PLACEMENT_3D('',#12720,#12721,#12722);
#12720 = CARTESIAN_POINT('',(-1.035939494348E-16,3.62383754817E-17,1.));
#12721 = DIRECTION('',(0.,0.,1.));
#12722 = DIRECTION('',(1.,0.,-0.));
#12723 = ADVANCED_FACE('',(#12724),#12743,.T.);
#12724 = FACE_BOUND('',#12725,.T.);
#12725 = EDGE_LOOP('',(#12726,#12734,#12741,#12742));
#12726 = ORIENTED_EDGE('',*,*,#12727,.T.);
#12727 = EDGE_CURVE('',#12691,#12728,#12730,.T.);
#12728 = VERTEX_POINT('',#12729);
#12729 = CARTESIAN_POINT('',(0.95,-6.085072248146E-17,-0.7));
#12730 = LINE('',#12731,#12732);
#12731 = CARTESIAN_POINT('',(0.95,-6.085072248146E-17,0.));
#12732 = VECTOR('',#12733,1.);
#12733 = DIRECTION('',(-0.,-0.,-1.));
#12734 = ORIENTED_EDGE('',*,*,#12735,.F.);
#12735 = EDGE_CURVE('',#12728,#12728,#12736,.T.);
#12736 = CIRCLE('',#12737,0.95);
#12737 = AXIS2_PLACEMENT_3D('',#12738,#12739,#12740);
#12738 = CARTESIAN_POINT('',(-6.661338147751E-16,-6.085072248146E-17,
    -0.7));
#12739 = DIRECTION('',(0.,0.,-1.));
#12740 = DIRECTION('',(1.,0.,0.));
#12741 = ORIENTED_EDGE('',*,*,#12727,.F.);
#12742 = ORIENTED_EDGE('',*,*,#12690,.T.);
#12743 = CYLINDRICAL_SURFACE('',#12744,0.95);
#12744 = AXIS2_PLACEMENT_3D('',#12745,#12746,#12747);
#12745 = CARTESIAN_POINT('',(-6.661338147751E-16,-6.085072248146E-17,0.)
  );
#12746 = DIRECTION('',(0.,0.,1.));
#12747 = DIRECTION('',(1.,0.,-0.));
#12748 = ADVANCED_FACE('',(#12749),#12768,.F.);
#12749 = FACE_BOUND('',#12750,.F.);
#12750 = EDGE_LOOP('',(#12751,#12752,#12760,#12767));
#12751 = ORIENTED_EDGE('',*,*,#12710,.F.);
#12752 = ORIENTED_EDGE('',*,*,#12753,.T.);
#12753 = EDGE_CURVE('',#12711,#12754,#12756,.T.);
#12754 = VERTEX_POINT('',#12755);
#12755 = CARTESIAN_POINT('',(0.61,-6.085072248146E-17,-0.7));
#12756 = LINE('',#12757,#12758);
#12757 = CARTESIAN_POINT('',(0.61,-6.085072248146E-17,1.));
#12758 = VECTOR('',#12759,1.);
#12759 = DIRECTION('',(-0.,-0.,-1.));
#12760 = ORIENTED_EDGE('',*,*,#12761,.T.);
#12761 = EDGE_CURVE('',#12754,#12754,#12762,.T.);
#12762 = CIRCLE('',#12763,0.61);
#12763 = AXIS2_PLACEMENT_3D('',#12764,#12765,#12766);
#12764 = CARTESIAN_POINT('',(-6.661338147751E-16,-6.085072248146E-17,
    -0.7));
#12765 = DIRECTION('',(0.,0.,1.));
#12766 = DIRECTION('',(1.,0.,-0.));
#12767 = ORIENTED_EDGE('',*,*,#12753,.F.);
#12768 = CYLINDRICAL_SURFACE('',#12769,0.61);
#12769 = AXIS2_PLACEMENT_3D('',#12770,#12771,#12772);
#12770 = CARTESIAN_POINT('',(-6.661338147751E-16,-6.085072248146E-17,1.)
  );
#12771 = DIRECTION('',(0.,0.,1.));
#12772 = DIRECTION('',(1.,0.,-0.));
#12773 = ADVANCED_FACE('',(#12774,#12777),#12780,.T.);
#12774 = FACE_BOUND('',#12775,.T.);
#12775 = EDGE_LOOP('',(#12776));
#12776 = ORIENTED_EDGE('',*,*,#12735,.T.);
#12777 = FACE_BOUND('',#12778,.T.);
#12778 = EDGE_LOOP('',(#12779));
#12779 = ORIENTED_EDGE('',*,*,#12761,.T.);
#12780 = PLANE('',#12781);
#12781 = AXIS2_PLACEMENT_3D('',#12782,#12783,#12784);
#12782 = CARTESIAN_POINT('',(-7.197053329155E-16,-1.512876383361E-16,
    -0.7));
#12783 = DIRECTION('',(-0.,-0.,-1.));
#12784 = DIRECTION('',(-1.,0.,0.));
#12785 = ( GEOMETRIC_REPRESENTATION_CONTEXT(3) 
GLOBAL_UNCERTAINTY_ASSIGNED_CONTEXT((#12789)) 
GLOBAL_UNIT_ASSIGNED_CONTEXT((#12786,#12787,#12788)) 
REPRESENTATION_CONTEXT('Context #1',
  '3D Context with UNIT and UNCERTAINTY') );
#12786 = ( LENGTH_UNIT() NAMED_UNIT(*) SI_UNIT(.MILLI.,.METRE.) );
#12787 = ( NAMED_UNIT(*) PLANE_ANGLE_UNIT() SI_UNIT($,.RADIAN.) );
#12788 = ( NAMED_UNIT(*) SI_UNIT($,.STERADIAN.) SOLID_ANGLE_UNIT() );
#12789 = UNCERTAINTY_MEASURE_WITH_UNIT(LENGTH_MEASURE(1.E-07),#12786,
  'distance_accuracy_value','confusion accuracy');
#12790 = CONTEXT_DEPENDENT_SHAPE_REPRESENTATION(#12791,#12793);
#12791 = ( REPRESENTATION_RELATIONSHIP('','',#12647,#10) 
REPRESENTATION_RELATIONSHIP_WITH_TRANSFORMATION(#12792) 
SHAPE_REPRESENTATION_RELATIONSHIP() );
#12792 = ITEM_DEFINED_TRANSFORMATION('','',#11,#31);
#12793 = PRODUCT_DEFINITION_SHAPE('Placement','Placement of an item',
  #12794);
#12794 = NEXT_ASSEMBLY_USAGE_OCCURRENCE('5','H4','',#5,#12642,$);
#12795 = PRODUCT_RELATED_PRODUCT_CATEGORY('part',$,(#12644));
#12796 = SHAPE_DEFINITION_REPRESENTATION(#12797,#12803);
#12797 = PRODUCT_DEFINITION_SHAPE('','',#12798);
#12798 = PRODUCT_DEFINITION('design','',#12799,#12802);
#12799 = PRODUCT_DEFINITION_FORMATION('','',#12800);
#12800 = PRODUCT('Hotglue Switch_PCB','Hotglue Switch_PCB','',(#12801));
#12801 = PRODUCT_CONTEXT('',#2,'mechanical');
#12802 = PRODUCT_DEFINITION_CONTEXT('part definition',#2,'design');
#12803 = ADVANCED_BREP_SHAPE_REPRESENTATION('',(#11,#12804),#13445);
#12804 = MANIFOLD_SOLID_BREP('',#12805);
#12805 = CLOSED_SHELL('',(#12806,#12848,#12879,#12910,#13061,#13212,
    #13229,#13246,#13263,#13280,#13292,#13309,#13326,#13343,#13360,
    #13377,#13394,#13411,#13428));
#12806 = ADVANCED_FACE('',(#12807),#12843,.T.);
#12807 = FACE_BOUND('',#12808,.T.);
#12808 = EDGE_LOOP('',(#12809,#12819,#12828,#12836));
#12809 = ORIENTED_EDGE('',*,*,#12810,.T.);
#12810 = EDGE_CURVE('',#12811,#12813,#12815,.T.);
#12811 = VERTEX_POINT('',#12812);
#12812 = CARTESIAN_POINT('',(9.5175,5.08,0.));
#12813 = VERTEX_POINT('',#12814);
#12814 = CARTESIAN_POINT('',(9.5175,5.08,0.71));
#12815 = LINE('',#12816,#12817);
#12816 = CARTESIAN_POINT('',(9.5175,5.08,0.));
#12817 = VECTOR('',#12818,1.);
#12818 = DIRECTION('',(0.,0.,1.));
#12819 = ORIENTED_EDGE('',*,*,#12820,.T.);
#12820 = EDGE_CURVE('',#12813,#12821,#12823,.T.);
#12821 = VERTEX_POINT('',#12822);
#12822 = CARTESIAN_POINT('',(10.5175,4.08,0.71));
#12823 = CIRCLE('',#12824,0.999999252925);
#12824 = AXIS2_PLACEMENT_3D('',#12825,#12826,#12827);
#12825 = CARTESIAN_POINT('',(9.517500747075,4.080000747075,0.71));
#12826 = DIRECTION('',(0.,0.,-1.));
#12827 = DIRECTION('',(-7.470757420593E-07,1.,0.));
#12828 = ORIENTED_EDGE('',*,*,#12829,.F.);
#12829 = EDGE_CURVE('',#12830,#12821,#12832,.T.);
#12830 = VERTEX_POINT('',#12831);
#12831 = CARTESIAN_POINT('',(10.5175,4.08,0.));
#12832 = LINE('',#12833,#12834);
#12833 = CARTESIAN_POINT('',(10.5175,4.08,0.));
#12834 = VECTOR('',#12835,1.);
#12835 = DIRECTION('',(0.,0.,1.));
#12836 = ORIENTED_EDGE('',*,*,#12837,.F.);
#12837 = EDGE_CURVE('',#12811,#12830,#12838,.T.);
#12838 = CIRCLE('',#12839,0.999999252925);
#12839 = AXIS2_PLACEMENT_3D('',#12840,#12841,#12842);
#12840 = CARTESIAN_POINT('',(9.517500747075,4.080000747075,0.));
#12841 = DIRECTION('',(0.,0.,-1.));
#12842 = DIRECTION('',(-7.470757420593E-07,1.,0.));
#12843 = CYLINDRICAL_SURFACE('',#12844,0.999999252925);
#12844 = AXIS2_PLACEMENT_3D('',#12845,#12846,#12847);
#12845 = CARTESIAN_POINT('',(9.517500747075,4.080000747075,0.));
#12846 = DIRECTION('',(0.,0.,-1.));
#12847 = DIRECTION('',(-7.470757420593E-07,1.,0.));
#12848 = ADVANCED_FACE('',(#12849),#12874,.T.);
#12849 = FACE_BOUND('',#12850,.T.);
#12850 = EDGE_LOOP('',(#12851,#12861,#12867,#12868));
#12851 = ORIENTED_EDGE('',*,*,#12852,.T.);
#12852 = EDGE_CURVE('',#12853,#12855,#12857,.T.);
#12853 = VERTEX_POINT('',#12854);
#12854 = CARTESIAN_POINT('',(-9.5175,5.08,0.));
#12855 = VERTEX_POINT('',#12856);
#12856 = CARTESIAN_POINT('',(-9.5175,5.08,0.71));
#12857 = LINE('',#12858,#12859);
#12858 = CARTESIAN_POINT('',(-9.5175,5.08,0.));
#12859 = VECTOR('',#12860,1.);
#12860 = DIRECTION('',(0.,0.,1.));
#12861 = ORIENTED_EDGE('',*,*,#12862,.T.);
#12862 = EDGE_CURVE('',#12855,#12813,#12863,.T.);
#12863 = LINE('',#12864,#12865);
#12864 = CARTESIAN_POINT('',(-9.5175,5.08,0.71));
#12865 = VECTOR('',#12866,1.);
#12866 = DIRECTION('',(1.,0.,0.));
#12867 = ORIENTED_EDGE('',*,*,#12810,.F.);
#12868 = ORIENTED_EDGE('',*,*,#12869,.F.);
#12869 = EDGE_CURVE('',#12853,#12811,#12870,.T.);
#12870 = LINE('',#12871,#12872);
#12871 = CARTESIAN_POINT('',(-9.5175,5.08,0.));
#12872 = VECTOR('',#12873,1.);
#12873 = DIRECTION('',(1.,0.,0.));
#12874 = PLANE('',#12875);
#12875 = AXIS2_PLACEMENT_3D('',#12876,#12877,#12878);
#12876 = CARTESIAN_POINT('',(-9.5175,5.08,0.));
#12877 = DIRECTION('',(0.,1.,0.));
#12878 = DIRECTION('',(1.,0.,0.));
#12879 = ADVANCED_FACE('',(#12880),#12905,.T.);
#12880 = FACE_BOUND('',#12881,.T.);
#12881 = EDGE_LOOP('',(#12882,#12883,#12891,#12899));
#12882 = ORIENTED_EDGE('',*,*,#12829,.T.);
#12883 = ORIENTED_EDGE('',*,*,#12884,.T.);
#12884 = EDGE_CURVE('',#12821,#12885,#12887,.T.);
#12885 = VERTEX_POINT('',#12886);
#12886 = CARTESIAN_POINT('',(10.5175,-4.08,0.71));
#12887 = LINE('',#12888,#12889);
#12888 = CARTESIAN_POINT('',(10.5175,4.08,0.71));
#12889 = VECTOR('',#12890,1.);
#12890 = DIRECTION('',(0.,-1.,0.));
#12891 = ORIENTED_EDGE('',*,*,#12892,.F.);
#12892 = EDGE_CURVE('',#12893,#12885,#12895,.T.);
#12893 = VERTEX_POINT('',#12894);
#12894 = CARTESIAN_POINT('',(10.5175,-4.08,0.));
#12895 = LINE('',#12896,#12897);
#12896 = CARTESIAN_POINT('',(10.5175,-4.08,0.));
#12897 = VECTOR('',#12898,1.);
#12898 = DIRECTION('',(0.,0.,1.));
#12899 = ORIENTED_EDGE('',*,*,#12900,.F.);
#12900 = EDGE_CURVE('',#12830,#12893,#12901,.T.);
#12901 = LINE('',#12902,#12903);
#12902 = CARTESIAN_POINT('',(10.5175,4.08,0.));
#12903 = VECTOR('',#12904,1.);
#12904 = DIRECTION('',(0.,-1.,0.));
#12905 = PLANE('',#12906);
#12906 = AXIS2_PLACEMENT_3D('',#12907,#12908,#12909);
#12907 = CARTESIAN_POINT('',(10.5175,4.08,0.));
#12908 = DIRECTION('',(1.,0.,-0.));
#12909 = DIRECTION('',(0.,-1.,0.));
#12910 = ADVANCED_FACE('',(#12911,#12957,#12968,#12979,#12990,#13001,
    #13012,#13023,#13034,#13045),#13056,.F.);
#12911 = FACE_BOUND('',#12912,.F.);
#12912 = EDGE_LOOP('',(#12913,#12914,#12915,#12924,#12932,#12941,#12949,
    #12956));
#12913 = ORIENTED_EDGE('',*,*,#12837,.F.);
#12914 = ORIENTED_EDGE('',*,*,#12869,.F.);
#12915 = ORIENTED_EDGE('',*,*,#12916,.F.);
#12916 = EDGE_CURVE('',#12917,#12853,#12919,.T.);
#12917 = VERTEX_POINT('',#12918);
#12918 = CARTESIAN_POINT('',(-10.5175,4.08,0.));
#12919 = CIRCLE('',#12920,0.999999252925);
#12920 = AXIS2_PLACEMENT_3D('',#12921,#12922,#12923);
#12921 = CARTESIAN_POINT('',(-9.517500747075,4.080000747075,0.));
#12922 = DIRECTION('',(0.,0.,-1.));
#12923 = DIRECTION('',(-1.,-7.470757420593E-07,-0.));
#12924 = ORIENTED_EDGE('',*,*,#12925,.F.);
#12925 = EDGE_CURVE('',#12926,#12917,#12928,.T.);
#12926 = VERTEX_POINT('',#12927);
#12927 = CARTESIAN_POINT('',(-10.5175,-4.08,0.));
#12928 = LINE('',#12929,#12930);
#12929 = CARTESIAN_POINT('',(-10.5175,-4.08,0.));
#12930 = VECTOR('',#12931,1.);
#12931 = DIRECTION('',(0.,1.,0.));
#12932 = ORIENTED_EDGE('',*,*,#12933,.F.);
#12933 = EDGE_CURVE('',#12934,#12926,#12936,.T.);
#12934 = VERTEX_POINT('',#12935);
#12935 = CARTESIAN_POINT('',(-9.5175,-5.08,0.));
#12936 = CIRCLE('',#12937,0.999999252925);
#12937 = AXIS2_PLACEMENT_3D('',#12938,#12939,#12940);
#12938 = CARTESIAN_POINT('',(-9.517500747075,-4.080000747075,0.));
#12939 = DIRECTION('',(0.,0.,-1.));
#12940 = DIRECTION('',(7.470757420593E-07,-1.,0.));
#12941 = ORIENTED_EDGE('',*,*,#12942,.F.);
#12942 = EDGE_CURVE('',#12943,#12934,#12945,.T.);
#12943 = VERTEX_POINT('',#12944);
#12944 = CARTESIAN_POINT('',(9.5175,-5.08,0.));
#12945 = LINE('',#12946,#12947);
#12946 = CARTESIAN_POINT('',(9.5175,-5.08,0.));
#12947 = VECTOR('',#12948,1.);
#12948 = DIRECTION('',(-1.,0.,0.));
#12949 = ORIENTED_EDGE('',*,*,#12950,.F.);
#12950 = EDGE_CURVE('',#12893,#12943,#12951,.T.);
#12951 = CIRCLE('',#12952,0.999999252925);
#12952 = AXIS2_PLACEMENT_3D('',#12953,#12954,#12955);
#12953 = CARTESIAN_POINT('',(9.517500747075,-4.080000747075,0.));
#12954 = DIRECTION('',(0.,0.,-1.));
#12955 = DIRECTION('',(1.,7.470757420593E-07,0.));
#12956 = ORIENTED_EDGE('',*,*,#12900,.F.);
#12957 = FACE_BOUND('',#12958,.F.);
#12958 = EDGE_LOOP('',(#12959));
#12959 = ORIENTED_EDGE('',*,*,#12960,.T.);
#12960 = EDGE_CURVE('',#12961,#12961,#12963,.T.);
#12961 = VERTEX_POINT('',#12962);
#12962 = CARTESIAN_POINT('',(-4.3125,-3.675,0.));
#12963 = CIRCLE('',#12964,0.5);
#12964 = AXIS2_PLACEMENT_3D('',#12965,#12966,#12967);
#12965 = CARTESIAN_POINT('',(-4.3125,-3.175,0.));
#12966 = DIRECTION('',(-0.,0.,-1.));
#12967 = DIRECTION('',(-0.,-1.,0.));
#12968 = FACE_BOUND('',#12969,.F.);
#12969 = EDGE_LOOP('',(#12970));
#12970 = ORIENTED_EDGE('',*,*,#12971,.T.);
#12971 = EDGE_CURVE('',#12972,#12972,#12974,.T.);
#12972 = VERTEX_POINT('',#12973);
#12973 = CARTESIAN_POINT('',(-1.7725,-3.675,0.));
#12974 = CIRCLE('',#12975,0.5);
#12975 = AXIS2_PLACEMENT_3D('',#12976,#12977,#12978);
#12976 = CARTESIAN_POINT('',(-1.7725,-3.175,0.));
#12977 = DIRECTION('',(-0.,0.,-1.));
#12978 = DIRECTION('',(-0.,-1.,0.));
#12979 = FACE_BOUND('',#12980,.F.);
#12980 = EDGE_LOOP('',(#12981));
#12981 = ORIENTED_EDGE('',*,*,#12982,.T.);
#12982 = EDGE_CURVE('',#12983,#12983,#12985,.T.);
#12983 = VERTEX_POINT('',#12984);
#12984 = CARTESIAN_POINT('',(-8.0375,-1.1,0.));
#12985 = CIRCLE('',#12986,1.1);
#12986 = AXIS2_PLACEMENT_3D('',#12987,#12988,#12989);
#12987 = CARTESIAN_POINT('',(-8.0375,-4.440892098501E-16,0.));
#12988 = DIRECTION('',(-0.,0.,-1.));
#12989 = DIRECTION('',(-0.,-1.,0.));
#12990 = FACE_BOUND('',#12991,.F.);
#12991 = EDGE_LOOP('',(#12992));
#12992 = ORIENTED_EDGE('',*,*,#12993,.T.);
#12993 = EDGE_CURVE('',#12994,#12994,#12996,.T.);
#12994 = VERTEX_POINT('',#12995);
#12995 = CARTESIAN_POINT('',(8.7125,-2.975,0.));
#12996 = CIRCLE('',#12997,0.475);
#12997 = AXIS2_PLACEMENT_3D('',#12998,#12999,#13000);
#12998 = CARTESIAN_POINT('',(8.7125,-2.5,0.));
#12999 = DIRECTION('',(-0.,0.,-1.));
#13000 = DIRECTION('',(-0.,-1.,0.));
#13001 = FACE_BOUND('',#13002,.F.);
#13002 = EDGE_LOOP('',(#13003));
#13003 = ORIENTED_EDGE('',*,*,#13004,.T.);
#13004 = EDGE_CURVE('',#13005,#13005,#13007,.T.);
#13005 = VERTEX_POINT('',#13006);
#13006 = CARTESIAN_POINT('',(8.7125,-0.475,0.));
#13007 = CIRCLE('',#13008,0.475);
#13008 = AXIS2_PLACEMENT_3D('',#13009,#13010,#13011);
#13009 = CARTESIAN_POINT('',(8.7125,-1.179611963664E-15,0.));
#13010 = DIRECTION('',(-0.,0.,-1.));
#13011 = DIRECTION('',(-0.,-1.,0.));
#13012 = FACE_BOUND('',#13013,.F.);
#13013 = EDGE_LOOP('',(#13014));
#13014 = ORIENTED_EDGE('',*,*,#13015,.T.);
#13015 = EDGE_CURVE('',#13016,#13016,#13018,.T.);
#13016 = VERTEX_POINT('',#13017);
#13017 = CARTESIAN_POINT('',(-4.3125,2.675,0.));
#13018 = CIRCLE('',#13019,0.5);
#13019 = AXIS2_PLACEMENT_3D('',#13020,#13021,#13022);
#13020 = CARTESIAN_POINT('',(-4.3125,3.175,0.));
#13021 = DIRECTION('',(-0.,0.,-1.));
#13022 = DIRECTION('',(-0.,-1.,0.));
#13023 = FACE_BOUND('',#13024,.F.);
#13024 = EDGE_LOOP('',(#13025));
#13025 = ORIENTED_EDGE('',*,*,#13026,.T.);
#13026 = EDGE_CURVE('',#13027,#13027,#13029,.T.);
#13027 = VERTEX_POINT('',#13028);
#13028 = CARTESIAN_POINT('',(-1.7725,2.675,0.));
#13029 = CIRCLE('',#13030,0.5);
#13030 = AXIS2_PLACEMENT_3D('',#13031,#13032,#13033);
#13031 = CARTESIAN_POINT('',(-1.7725,3.175,0.));
#13032 = DIRECTION('',(-0.,0.,-1.));
#13033 = DIRECTION('',(-0.,-1.,0.));
#13034 = FACE_BOUND('',#13035,.F.);
#13035 = EDGE_LOOP('',(#13036));
#13036 = ORIENTED_EDGE('',*,*,#13037,.T.);
#13037 = EDGE_CURVE('',#13038,#13038,#13040,.T.);
#13038 = VERTEX_POINT('',#13039);
#13039 = CARTESIAN_POINT('',(2.4625,-1.25,0.));
#13040 = CIRCLE('',#13041,1.25);
#13041 = AXIS2_PLACEMENT_3D('',#13042,#13043,#13044);
#13042 = CARTESIAN_POINT('',(2.4625,2.22044604925E-16,0.));
#13043 = DIRECTION('',(-0.,0.,-1.));
#13044 = DIRECTION('',(3.552713678801E-16,-1.,-0.));
#13045 = FACE_BOUND('',#13046,.F.);
#13046 = EDGE_LOOP('',(#13047));
#13047 = ORIENTED_EDGE('',*,*,#13048,.T.);
#13048 = EDGE_CURVE('',#13049,#13049,#13051,.T.);
#13049 = VERTEX_POINT('',#13050);
#13050 = CARTESIAN_POINT('',(8.7125,2.025,0.));
#13051 = CIRCLE('',#13052,0.475);
#13052 = AXIS2_PLACEMENT_3D('',#13053,#13054,#13055);
#13053 = CARTESIAN_POINT('',(8.7125,2.5,0.));
#13054 = DIRECTION('',(-0.,0.,-1.));
#13055 = DIRECTION('',(-0.,-1.,0.));
#13056 = PLANE('',#13057);
#13057 = AXIS2_PLACEMENT_3D('',#13058,#13059,#13060);
#13058 = CARTESIAN_POINT('',(0.,0.,0.));
#13059 = DIRECTION('',(0.,0.,1.));
#13060 = DIRECTION('',(1.,0.,-0.));
#13061 = ADVANCED_FACE('',(#13062,#13108,#13119,#13130,#13141,#13152,
    #13163,#13174,#13185,#13196),#13207,.T.);
#13062 = FACE_BOUND('',#13063,.T.);
#13063 = EDGE_LOOP('',(#13064,#13065,#13066,#13075,#13083,#13092,#13100,
    #13107));
#13064 = ORIENTED_EDGE('',*,*,#12820,.F.);
#13065 = ORIENTED_EDGE('',*,*,#12862,.F.);
#13066 = ORIENTED_EDGE('',*,*,#13067,.F.);
#13067 = EDGE_CURVE('',#13068,#12855,#13070,.T.);
#13068 = VERTEX_POINT('',#13069);
#13069 = CARTESIAN_POINT('',(-10.5175,4.08,0.71));
#13070 = CIRCLE('',#13071,0.999999252925);
#13071 = AXIS2_PLACEMENT_3D('',#13072,#13073,#13074);
#13072 = CARTESIAN_POINT('',(-9.517500747075,4.080000747075,0.71));
#13073 = DIRECTION('',(0.,0.,-1.));
#13074 = DIRECTION('',(-1.,-7.470757420593E-07,-0.));
#13075 = ORIENTED_EDGE('',*,*,#13076,.F.);
#13076 = EDGE_CURVE('',#13077,#13068,#13079,.T.);
#13077 = VERTEX_POINT('',#13078);
#13078 = CARTESIAN_POINT('',(-10.5175,-4.08,0.71));
#13079 = LINE('',#13080,#13081);
#13080 = CARTESIAN_POINT('',(-10.5175,-4.08,0.71));
#13081 = VECTOR('',#13082,1.);
#13082 = DIRECTION('',(0.,1.,0.));
#13083 = ORIENTED_EDGE('',*,*,#13084,.F.);
#13084 = EDGE_CURVE('',#13085,#13077,#13087,.T.);
#13085 = VERTEX_POINT('',#13086);
#13086 = CARTESIAN_POINT('',(-9.5175,-5.08,0.71));
#13087 = CIRCLE('',#13088,0.999999252925);
#13088 = AXIS2_PLACEMENT_3D('',#13089,#13090,#13091);
#13089 = CARTESIAN_POINT('',(-9.517500747075,-4.080000747075,0.71));
#13090 = DIRECTION('',(0.,0.,-1.));
#13091 = DIRECTION('',(7.470757420593E-07,-1.,0.));
#13092 = ORIENTED_EDGE('',*,*,#13093,.F.);
#13093 = EDGE_CURVE('',#13094,#13085,#13096,.T.);
#13094 = VERTEX_POINT('',#13095);
#13095 = CARTESIAN_POINT('',(9.5175,-5.08,0.71));
#13096 = LINE('',#13097,#13098);
#13097 = CARTESIAN_POINT('',(9.5175,-5.08,0.71));
#13098 = VECTOR('',#13099,1.);
#13099 = DIRECTION('',(-1.,0.,0.));
#13100 = ORIENTED_EDGE('',*,*,#13101,.F.);
#13101 = EDGE_CURVE('',#12885,#13094,#13102,.T.);
#13102 = CIRCLE('',#13103,0.999999252925);
#13103 = AXIS2_PLACEMENT_3D('',#13104,#13105,#13106);
#13104 = CARTESIAN_POINT('',(9.517500747075,-4.080000747075,0.71));
#13105 = DIRECTION('',(0.,0.,-1.));
#13106 = DIRECTION('',(1.,7.470757420593E-07,0.));
#13107 = ORIENTED_EDGE('',*,*,#12884,.F.);
#13108 = FACE_BOUND('',#13109,.T.);
#13109 = EDGE_LOOP('',(#13110));
#13110 = ORIENTED_EDGE('',*,*,#13111,.T.);
#13111 = EDGE_CURVE('',#13112,#13112,#13114,.T.);
#13112 = VERTEX_POINT('',#13113);
#13113 = CARTESIAN_POINT('',(-4.3125,-3.675,0.71));
#13114 = CIRCLE('',#13115,0.5);
#13115 = AXIS2_PLACEMENT_3D('',#13116,#13117,#13118);
#13116 = CARTESIAN_POINT('',(-4.3125,-3.175,0.71));
#13117 = DIRECTION('',(-0.,0.,-1.));
#13118 = DIRECTION('',(-0.,-1.,0.));
#13119 = FACE_BOUND('',#13120,.T.);
#13120 = EDGE_LOOP('',(#13121));
#13121 = ORIENTED_EDGE('',*,*,#13122,.T.);
#13122 = EDGE_CURVE('',#13123,#13123,#13125,.T.);
#13123 = VERTEX_POINT('',#13124);
#13124 = CARTESIAN_POINT('',(-1.7725,-3.675,0.71));
#13125 = CIRCLE('',#13126,0.5);
#13126 = AXIS2_PLACEMENT_3D('',#13127,#13128,#13129);
#13127 = CARTESIAN_POINT('',(-1.7725,-3.175,0.71));
#13128 = DIRECTION('',(-0.,0.,-1.));
#13129 = DIRECTION('',(-0.,-1.,0.));
#13130 = FACE_BOUND('',#13131,.T.);
#13131 = EDGE_LOOP('',(#13132));
#13132 = ORIENTED_EDGE('',*,*,#13133,.T.);
#13133 = EDGE_CURVE('',#13134,#13134,#13136,.T.);
#13134 = VERTEX_POINT('',#13135);
#13135 = CARTESIAN_POINT('',(-8.0375,-1.1,0.71));
#13136 = CIRCLE('',#13137,1.1);
#13137 = AXIS2_PLACEMENT_3D('',#13138,#13139,#13140);
#13138 = CARTESIAN_POINT('',(-8.0375,-4.440892098501E-16,0.71));
#13139 = DIRECTION('',(-0.,0.,-1.));
#13140 = DIRECTION('',(-0.,-1.,0.));
#13141 = FACE_BOUND('',#13142,.T.);
#13142 = EDGE_LOOP('',(#13143));
#13143 = ORIENTED_EDGE('',*,*,#13144,.T.);
#13144 = EDGE_CURVE('',#13145,#13145,#13147,.T.);
#13145 = VERTEX_POINT('',#13146);
#13146 = CARTESIAN_POINT('',(8.7125,-2.975,0.71));
#13147 = CIRCLE('',#13148,0.475);
#13148 = AXIS2_PLACEMENT_3D('',#13149,#13150,#13151);
#13149 = CARTESIAN_POINT('',(8.7125,-2.5,0.71));
#13150 = DIRECTION('',(-0.,0.,-1.));
#13151 = DIRECTION('',(-0.,-1.,0.));
#13152 = FACE_BOUND('',#13153,.T.);
#13153 = EDGE_LOOP('',(#13154));
#13154 = ORIENTED_EDGE('',*,*,#13155,.T.);
#13155 = EDGE_CURVE('',#13156,#13156,#13158,.T.);
#13156 = VERTEX_POINT('',#13157);
#13157 = CARTESIAN_POINT('',(8.7125,-0.475,0.71));
#13158 = CIRCLE('',#13159,0.475);
#13159 = AXIS2_PLACEMENT_3D('',#13160,#13161,#13162);
#13160 = CARTESIAN_POINT('',(8.7125,-1.179611963664E-15,0.71));
#13161 = DIRECTION('',(-0.,0.,-1.));
#13162 = DIRECTION('',(-0.,-1.,0.));
#13163 = FACE_BOUND('',#13164,.T.);
#13164 = EDGE_LOOP('',(#13165));
#13165 = ORIENTED_EDGE('',*,*,#13166,.T.);
#13166 = EDGE_CURVE('',#13167,#13167,#13169,.T.);
#13167 = VERTEX_POINT('',#13168);
#13168 = CARTESIAN_POINT('',(-4.3125,2.675,0.71));
#13169 = CIRCLE('',#13170,0.5);
#13170 = AXIS2_PLACEMENT_3D('',#13171,#13172,#13173);
#13171 = CARTESIAN_POINT('',(-4.3125,3.175,0.71));
#13172 = DIRECTION('',(-0.,0.,-1.));
#13173 = DIRECTION('',(-0.,-1.,0.));
#13174 = FACE_BOUND('',#13175,.T.);
#13175 = EDGE_LOOP('',(#13176));
#13176 = ORIENTED_EDGE('',*,*,#13177,.T.);
#13177 = EDGE_CURVE('',#13178,#13178,#13180,.T.);
#13178 = VERTEX_POINT('',#13179);
#13179 = CARTESIAN_POINT('',(-1.7725,2.675,0.71));
#13180 = CIRCLE('',#13181,0.5);
#13181 = AXIS2_PLACEMENT_3D('',#13182,#13183,#13184);
#13182 = CARTESIAN_POINT('',(-1.7725,3.175,0.71));
#13183 = DIRECTION('',(-0.,0.,-1.));
#13184 = DIRECTION('',(-0.,-1.,0.));
#13185 = FACE_BOUND('',#13186,.T.);
#13186 = EDGE_LOOP('',(#13187));
#13187 = ORIENTED_EDGE('',*,*,#13188,.T.);
#13188 = EDGE_CURVE('',#13189,#13189,#13191,.T.);
#13189 = VERTEX_POINT('',#13190);
#13190 = CARTESIAN_POINT('',(2.4625,-1.25,0.71));
#13191 = CIRCLE('',#13192,1.25);
#13192 = AXIS2_PLACEMENT_3D('',#13193,#13194,#13195);
#13193 = CARTESIAN_POINT('',(2.4625,2.22044604925E-16,0.71));
#13194 = DIRECTION('',(-0.,0.,-1.));
#13195 = DIRECTION('',(3.552713678801E-16,-1.,-0.));
#13196 = FACE_BOUND('',#13197,.T.);
#13197 = EDGE_LOOP('',(#13198));
#13198 = ORIENTED_EDGE('',*,*,#13199,.T.);
#13199 = EDGE_CURVE('',#13200,#13200,#13202,.T.);
#13200 = VERTEX_POINT('',#13201);
#13201 = CARTESIAN_POINT('',(8.7125,2.025,0.71));
#13202 = CIRCLE('',#13203,0.475);
#13203 = AXIS2_PLACEMENT_3D('',#13204,#13205,#13206);
#13204 = CARTESIAN_POINT('',(8.7125,2.5,0.71));
#13205 = DIRECTION('',(-0.,0.,-1.));
#13206 = DIRECTION('',(-0.,-1.,0.));
#13207 = PLANE('',#13208);
#13208 = AXIS2_PLACEMENT_3D('',#13209,#13210,#13211);
#13209 = CARTESIAN_POINT('',(0.,0.,0.71));
#13210 = DIRECTION('',(0.,0.,1.));
#13211 = DIRECTION('',(1.,0.,-0.));
#13212 = ADVANCED_FACE('',(#13213),#13224,.T.);
#13213 = FACE_BOUND('',#13214,.T.);
#13214 = EDGE_LOOP('',(#13215,#13221,#13222,#13223));
#13215 = ORIENTED_EDGE('',*,*,#13216,.T.);
#13216 = EDGE_CURVE('',#12917,#13068,#13217,.T.);
#13217 = LINE('',#13218,#13219);
#13218 = CARTESIAN_POINT('',(-10.5175,4.08,0.));
#13219 = VECTOR('',#13220,1.);
#13220 = DIRECTION('',(0.,0.,1.));
#13221 = ORIENTED_EDGE('',*,*,#13067,.T.);
#13222 = ORIENTED_EDGE('',*,*,#12852,.F.);
#13223 = ORIENTED_EDGE('',*,*,#12916,.F.);
#13224 = CYLINDRICAL_SURFACE('',#13225,0.999999252925);
#13225 = AXIS2_PLACEMENT_3D('',#13226,#13227,#13228);
#13226 = CARTESIAN_POINT('',(-9.517500747075,4.080000747075,0.));
#13227 = DIRECTION('',(0.,0.,-1.));
#13228 = DIRECTION('',(-1.,-7.470757420593E-07,-0.));
#13229 = ADVANCED_FACE('',(#13230),#13241,.T.);
#13230 = FACE_BOUND('',#13231,.T.);
#13231 = EDGE_LOOP('',(#13232,#13233,#13234,#13240));
#13232 = ORIENTED_EDGE('',*,*,#12892,.T.);
#13233 = ORIENTED_EDGE('',*,*,#13101,.T.);
#13234 = ORIENTED_EDGE('',*,*,#13235,.F.);
#13235 = EDGE_CURVE('',#12943,#13094,#13236,.T.);
#13236 = LINE('',#13237,#13238);
#13237 = CARTESIAN_POINT('',(9.5175,-5.08,0.));
#13238 = VECTOR('',#13239,1.);
#13239 = DIRECTION('',(0.,0.,1.));
#13240 = ORIENTED_EDGE('',*,*,#12950,.F.);
#13241 = CYLINDRICAL_SURFACE('',#13242,0.999999252925);
#13242 = AXIS2_PLACEMENT_3D('',#13243,#13244,#13245);
#13243 = CARTESIAN_POINT('',(9.517500747075,-4.080000747075,0.));
#13244 = DIRECTION('',(0.,0.,-1.));
#13245 = DIRECTION('',(1.,7.470757420593E-07,0.));
#13246 = ADVANCED_FACE('',(#13247),#13258,.T.);
#13247 = FACE_BOUND('',#13248,.T.);
#13248 = EDGE_LOOP('',(#13249,#13255,#13256,#13257));
#13249 = ORIENTED_EDGE('',*,*,#13250,.T.);
#13250 = EDGE_CURVE('',#12926,#13077,#13251,.T.);
#13251 = LINE('',#13252,#13253);
#13252 = CARTESIAN_POINT('',(-10.5175,-4.08,0.));
#13253 = VECTOR('',#13254,1.);
#13254 = DIRECTION('',(0.,0.,1.));
#13255 = ORIENTED_EDGE('',*,*,#13076,.T.);
#13256 = ORIENTED_EDGE('',*,*,#13216,.F.);
#13257 = ORIENTED_EDGE('',*,*,#12925,.F.);
#13258 = PLANE('',#13259);
#13259 = AXIS2_PLACEMENT_3D('',#13260,#13261,#13262);
#13260 = CARTESIAN_POINT('',(-10.5175,-4.08,0.));
#13261 = DIRECTION('',(-1.,0.,0.));
#13262 = DIRECTION('',(0.,1.,0.));
#13263 = ADVANCED_FACE('',(#13264),#13275,.T.);
#13264 = FACE_BOUND('',#13265,.T.);
#13265 = EDGE_LOOP('',(#13266,#13267,#13268,#13274));
#13266 = ORIENTED_EDGE('',*,*,#13235,.T.);
#13267 = ORIENTED_EDGE('',*,*,#13093,.T.);
#13268 = ORIENTED_EDGE('',*,*,#13269,.F.);
#13269 = EDGE_CURVE('',#12934,#13085,#13270,.T.);
#13270 = LINE('',#13271,#13272);
#13271 = CARTESIAN_POINT('',(-9.5175,-5.08,0.));
#13272 = VECTOR('',#13273,1.);
#13273 = DIRECTION('',(0.,0.,1.));
#13274 = ORIENTED_EDGE('',*,*,#12942,.F.);
#13275 = PLANE('',#13276);
#13276 = AXIS2_PLACEMENT_3D('',#13277,#13278,#13279);
#13277 = CARTESIAN_POINT('',(9.5175,-5.08,0.));
#13278 = DIRECTION('',(0.,-1.,0.));
#13279 = DIRECTION('',(-1.,0.,0.));
#13280 = ADVANCED_FACE('',(#13281),#13287,.T.);
#13281 = FACE_BOUND('',#13282,.T.);
#13282 = EDGE_LOOP('',(#13283,#13284,#13285,#13286));
#13283 = ORIENTED_EDGE('',*,*,#13269,.T.);
#13284 = ORIENTED_EDGE('',*,*,#13084,.T.);
#13285 = ORIENTED_EDGE('',*,*,#13250,.F.);
#13286 = ORIENTED_EDGE('',*,*,#12933,.F.);
#13287 = CYLINDRICAL_SURFACE('',#13288,0.999999252925);
#13288 = AXIS2_PLACEMENT_3D('',#13289,#13290,#13291);
#13289 = CARTESIAN_POINT('',(-9.517500747075,-4.080000747075,0.));
#13290 = DIRECTION('',(0.,0.,-1.));
#13291 = DIRECTION('',(7.470757420593E-07,-1.,0.));
#13292 = ADVANCED_FACE('',(#13293),#13304,.F.);
#13293 = FACE_BOUND('',#13294,.T.);
#13294 = EDGE_LOOP('',(#13295,#13296,#13302,#13303));
#13295 = ORIENTED_EDGE('',*,*,#12960,.T.);
#13296 = ORIENTED_EDGE('',*,*,#13297,.T.);
#13297 = EDGE_CURVE('',#12961,#13112,#13298,.T.);
#13298 = LINE('',#13299,#13300);
#13299 = CARTESIAN_POINT('',(-4.3125,-3.675,-4.6E-02));
#13300 = VECTOR('',#13301,1.);
#13301 = DIRECTION('',(0.,0.,1.));
#13302 = ORIENTED_EDGE('',*,*,#13111,.F.);
#13303 = ORIENTED_EDGE('',*,*,#13297,.F.);
#13304 = CYLINDRICAL_SURFACE('',#13305,0.5);
#13305 = AXIS2_PLACEMENT_3D('',#13306,#13307,#13308);
#13306 = CARTESIAN_POINT('',(-4.3125,-3.175,-4.6E-02));
#13307 = DIRECTION('',(-0.,-0.,-1.));
#13308 = DIRECTION('',(-0.,-1.,0.));
#13309 = ADVANCED_FACE('',(#13310),#13321,.F.);
#13310 = FACE_BOUND('',#13311,.T.);
#13311 = EDGE_LOOP('',(#13312,#13313,#13319,#13320));
#13312 = ORIENTED_EDGE('',*,*,#12971,.T.);
#13313 = ORIENTED_EDGE('',*,*,#13314,.T.);
#13314 = EDGE_CURVE('',#12972,#13123,#13315,.T.);
#13315 = LINE('',#13316,#13317);
#13316 = CARTESIAN_POINT('',(-1.7725,-3.675,-4.6E-02));
#13317 = VECTOR('',#13318,1.);
#13318 = DIRECTION('',(0.,0.,1.));
#13319 = ORIENTED_EDGE('',*,*,#13122,.F.);
#13320 = ORIENTED_EDGE('',*,*,#13314,.F.);
#13321 = CYLINDRICAL_SURFACE('',#13322,0.5);
#13322 = AXIS2_PLACEMENT_3D('',#13323,#13324,#13325);
#13323 = CARTESIAN_POINT('',(-1.7725,-3.175,-4.6E-02));
#13324 = DIRECTION('',(-0.,-0.,-1.));
#13325 = DIRECTION('',(-0.,-1.,0.));
#13326 = ADVANCED_FACE('',(#13327),#13338,.F.);
#13327 = FACE_BOUND('',#13328,.T.);
#13328 = EDGE_LOOP('',(#13329,#13330,#13336,#13337));
#13329 = ORIENTED_EDGE('',*,*,#12982,.T.);
#13330 = ORIENTED_EDGE('',*,*,#13331,.T.);
#13331 = EDGE_CURVE('',#12983,#13134,#13332,.T.);
#13332 = LINE('',#13333,#13334);
#13333 = CARTESIAN_POINT('',(-8.0375,-1.1,-4.6E-02));
#13334 = VECTOR('',#13335,1.);
#13335 = DIRECTION('',(0.,0.,1.));
#13336 = ORIENTED_EDGE('',*,*,#13133,.F.);
#13337 = ORIENTED_EDGE('',*,*,#13331,.F.);
#13338 = CYLINDRICAL_SURFACE('',#13339,1.1);
#13339 = AXIS2_PLACEMENT_3D('',#13340,#13341,#13342);
#13340 = CARTESIAN_POINT('',(-8.0375,-4.440892098501E-16,-4.6E-02));
#13341 = DIRECTION('',(-0.,-0.,-1.));
#13342 = DIRECTION('',(-0.,-1.,0.));
#13343 = ADVANCED_FACE('',(#13344),#13355,.F.);
#13344 = FACE_BOUND('',#13345,.T.);
#13345 = EDGE_LOOP('',(#13346,#13347,#13353,#13354));
#13346 = ORIENTED_EDGE('',*,*,#12993,.T.);
#13347 = ORIENTED_EDGE('',*,*,#13348,.T.);
#13348 = EDGE_CURVE('',#12994,#13145,#13349,.T.);
#13349 = LINE('',#13350,#13351);
#13350 = CARTESIAN_POINT('',(8.7125,-2.975,-4.6E-02));
#13351 = VECTOR('',#13352,1.);
#13352 = DIRECTION('',(0.,0.,1.));
#13353 = ORIENTED_EDGE('',*,*,#13144,.F.);
#13354 = ORIENTED_EDGE('',*,*,#13348,.F.);
#13355 = CYLINDRICAL_SURFACE('',#13356,0.475);
#13356 = AXIS2_PLACEMENT_3D('',#13357,#13358,#13359);
#13357 = CARTESIAN_POINT('',(8.7125,-2.5,-4.6E-02));
#13358 = DIRECTION('',(-0.,-0.,-1.));
#13359 = DIRECTION('',(-0.,-1.,0.));
#13360 = ADVANCED_FACE('',(#13361),#13372,.F.);
#13361 = FACE_BOUND('',#13362,.T.);
#13362 = EDGE_LOOP('',(#13363,#13364,#13370,#13371));
#13363 = ORIENTED_EDGE('',*,*,#13004,.T.);
#13364 = ORIENTED_EDGE('',*,*,#13365,.T.);
#13365 = EDGE_CURVE('',#13005,#13156,#13366,.T.);
#13366 = LINE('',#13367,#13368);
#13367 = CARTESIAN_POINT('',(8.7125,-0.475,-4.6E-02));
#13368 = VECTOR('',#13369,1.);
#13369 = DIRECTION('',(0.,0.,1.));
#13370 = ORIENTED_EDGE('',*,*,#13155,.F.);
#13371 = ORIENTED_EDGE('',*,*,#13365,.F.);
#13372 = CYLINDRICAL_SURFACE('',#13373,0.475);
#13373 = AXIS2_PLACEMENT_3D('',#13374,#13375,#13376);
#13374 = CARTESIAN_POINT('',(8.7125,-1.179611963664E-15,-4.6E-02));
#13375 = DIRECTION('',(-0.,-0.,-1.));
#13376 = DIRECTION('',(-0.,-1.,0.));
#13377 = ADVANCED_FACE('',(#13378),#13389,.F.);
#13378 = FACE_BOUND('',#13379,.T.);
#13379 = EDGE_LOOP('',(#13380,#13381,#13387,#13388));
#13380 = ORIENTED_EDGE('',*,*,#13015,.T.);
#13381 = ORIENTED_EDGE('',*,*,#13382,.T.);
#13382 = EDGE_CURVE('',#13016,#13167,#13383,.T.);
#13383 = LINE('',#13384,#13385);
#13384 = CARTESIAN_POINT('',(-4.3125,2.675,-4.6E-02));
#13385 = VECTOR('',#13386,1.);
#13386 = DIRECTION('',(0.,0.,1.));
#13387 = ORIENTED_EDGE('',*,*,#13166,.F.);
#13388 = ORIENTED_EDGE('',*,*,#13382,.F.);
#13389 = CYLINDRICAL_SURFACE('',#13390,0.5);
#13390 = AXIS2_PLACEMENT_3D('',#13391,#13392,#13393);
#13391 = CARTESIAN_POINT('',(-4.3125,3.175,-4.6E-02));
#13392 = DIRECTION('',(-0.,-0.,-1.));
#13393 = DIRECTION('',(-0.,-1.,0.));
#13394 = ADVANCED_FACE('',(#13395),#13406,.F.);
#13395 = FACE_BOUND('',#13396,.T.);
#13396 = EDGE_LOOP('',(#13397,#13398,#13404,#13405));
#13397 = ORIENTED_EDGE('',*,*,#13026,.T.);
#13398 = ORIENTED_EDGE('',*,*,#13399,.T.);
#13399 = EDGE_CURVE('',#13027,#13178,#13400,.T.);
#13400 = LINE('',#13401,#13402);
#13401 = CARTESIAN_POINT('',(-1.7725,2.675,-4.6E-02));
#13402 = VECTOR('',#13403,1.);
#13403 = DIRECTION('',(0.,0.,1.));
#13404 = ORIENTED_EDGE('',*,*,#13177,.F.);
#13405 = ORIENTED_EDGE('',*,*,#13399,.F.);
#13406 = CYLINDRICAL_SURFACE('',#13407,0.5);
#13407 = AXIS2_PLACEMENT_3D('',#13408,#13409,#13410);
#13408 = CARTESIAN_POINT('',(-1.7725,3.175,-4.6E-02));
#13409 = DIRECTION('',(-0.,-0.,-1.));
#13410 = DIRECTION('',(-0.,-1.,0.));
#13411 = ADVANCED_FACE('',(#13412),#13423,.F.);
#13412 = FACE_BOUND('',#13413,.T.);
#13413 = EDGE_LOOP('',(#13414,#13415,#13421,#13422));
#13414 = ORIENTED_EDGE('',*,*,#13037,.T.);
#13415 = ORIENTED_EDGE('',*,*,#13416,.T.);
#13416 = EDGE_CURVE('',#13038,#13189,#13417,.T.);
#13417 = LINE('',#13418,#13419);
#13418 = CARTESIAN_POINT('',(2.4625,-1.25,-4.6E-02));
#13419 = VECTOR('',#13420,1.);
#13420 = DIRECTION('',(0.,0.,1.));
#13421 = ORIENTED_EDGE('',*,*,#13188,.F.);
#13422 = ORIENTED_EDGE('',*,*,#13416,.F.);
#13423 = CYLINDRICAL_SURFACE('',#13424,1.25);
#13424 = AXIS2_PLACEMENT_3D('',#13425,#13426,#13427);
#13425 = CARTESIAN_POINT('',(2.4625,2.22044604925E-16,-4.6E-02));
#13426 = DIRECTION('',(-0.,0.,-1.));
#13427 = DIRECTION('',(3.552713678801E-16,-1.,-0.));
#13428 = ADVANCED_FACE('',(#13429),#13440,.F.);
#13429 = FACE_BOUND('',#13430,.T.);
#13430 = EDGE_LOOP('',(#13431,#13432,#13438,#13439));
#13431 = ORIENTED_EDGE('',*,*,#13048,.T.);
#13432 = ORIENTED_EDGE('',*,*,#13433,.T.);
#13433 = EDGE_CURVE('',#13049,#13200,#13434,.T.);
#13434 = LINE('',#13435,#13436);
#13435 = CARTESIAN_POINT('',(8.7125,2.025,-4.6E-02));
#13436 = VECTOR('',#13437,1.);
#13437 = DIRECTION('',(0.,0.,1.));
#13438 = ORIENTED_EDGE('',*,*,#13199,.F.);
#13439 = ORIENTED_EDGE('',*,*,#13433,.F.);
#13440 = CYLINDRICAL_SURFACE('',#13441,0.475);
#13441 = AXIS2_PLACEMENT_3D('',#13442,#13443,#13444);
#13442 = CARTESIAN_POINT('',(8.7125,2.5,-4.6E-02));
#13443 = DIRECTION('',(-0.,-0.,-1.));
#13444 = DIRECTION('',(-0.,-1.,0.));
#13445 = ( GEOMETRIC_REPRESENTATION_CONTEXT(3) 
GLOBAL_UNCERTAINTY_ASSIGNED_CONTEXT((#13449)) 
GLOBAL_UNIT_ASSIGNED_CONTEXT((#13446,#13447,#13448)) 
REPRESENTATION_CONTEXT('Context #1',
  '3D Context with UNIT and UNCERTAINTY') );
#13446 = ( LENGTH_UNIT() NAMED_UNIT(*) SI_UNIT(.MILLI.,.METRE.) );
#13447 = ( NAMED_UNIT(*) PLANE_ANGLE_UNIT() SI_UNIT($,.RADIAN.) );
#13448 = ( NAMED_UNIT(*) SI_UNIT($,.STERADIAN.) SOLID_ANGLE_UNIT() );
#13449 = UNCERTAINTY_MEASURE_WITH_UNIT(LENGTH_MEASURE(1.E-07),#13446,
  'distance_accuracy_value','confusion accuracy');
#13450 = CONTEXT_DEPENDENT_SHAPE_REPRESENTATION(#13451,#13453);
#13451 = ( REPRESENTATION_RELATIONSHIP('','',#12803,#10) 
REPRESENTATION_RELATIONSHIP_WITH_TRANSFORMATION(#13452) 
SHAPE_REPRESENTATION_RELATIONSHIP() );
#13452 = ITEM_DEFINED_TRANSFORMATION('','',#11,#35);
#13453 = PRODUCT_DEFINITION_SHAPE('Placement','Placement of an item',
  #13454);
#13454 = NEXT_ASSEMBLY_USAGE_OCCURRENCE('6','=>[0:1:1:7]','',#5,#12798,$
  );
#13455 = PRODUCT_RELATED_PRODUCT_CATEGORY('part',$,(#12800));
#13456 = MECHANICAL_DESIGN_GEOMETRIC_PRESENTATION_REPRESENTATION('',(
    #13457,#13465,#13472,#13479,#13486,#13493,#13500,#13507,#13515,
    #13522,#13529,#13536,#13543,#13550,#13557,#13564,#13571,#13578,
    #13585,#13592,#13599,#13606,#13613,#13620,#13627,#13634,#13641,
    #13648,#13655,#13662,#13669,#13676,#13683,#13690,#13697,#13704,
    #13712,#13719,#13726,#13733,#13740,#13747,#13754,#13761,#13768,
    #13775,#13782,#13789,#13796,#13803),#6370);
#13457 = STYLED_ITEM('color',(#13458),#4849);
#13458 = PRESENTATION_STYLE_ASSIGNMENT((#13459));
#13459 = SURFACE_STYLE_USAGE(.BOTH.,#13460);
#13460 = SURFACE_SIDE_STYLE('',(#13461));
#13461 = SURFACE_STYLE_FILL_AREA(#13462);
#13462 = FILL_AREA_STYLE('',(#13463));
#13463 = FILL_AREA_STYLE_COLOUR('',#13464);
#13464 = COLOUR_RGB('',0.894999966383,0.890999961016,0.813000030345);
#13465 = STYLED_ITEM('color',(#13466),#4889);
#13466 = PRESENTATION_STYLE_ASSIGNMENT((#13467));
#13467 = SURFACE_STYLE_USAGE(.BOTH.,#13468);
#13468 = SURFACE_SIDE_STYLE('',(#13469));
#13469 = SURFACE_STYLE_FILL_AREA(#13470);
#13470 = FILL_AREA_STYLE('',(#13471));
#13471 = FILL_AREA_STYLE_COLOUR('',#13464);
#13472 = STYLED_ITEM('color',(#13473),#4936);
#13473 = PRESENTATION_STYLE_ASSIGNMENT((#13474));
#13474 = SURFACE_STYLE_USAGE(.BOTH.,#13475);
#13475 = SURFACE_SIDE_STYLE('',(#13476));
#13476 = SURFACE_STYLE_FILL_AREA(#13477);
#13477 = FILL_AREA_STYLE('',(#13478));
#13478 = FILL_AREA_STYLE_COLOUR('',#13464);
#13479 = STYLED_ITEM('color',(#13480),#5015);
#13480 = PRESENTATION_STYLE_ASSIGNMENT((#13481));
#13481 = SURFACE_STYLE_USAGE(.BOTH.,#13482);
#13482 = SURFACE_SIDE_STYLE('',(#13483));
#13483 = SURFACE_STYLE_FILL_AREA(#13484);
#13484 = FILL_AREA_STYLE('',(#13485));
#13485 = FILL_AREA_STYLE_COLOUR('',#13464);
#13486 = STYLED_ITEM('color',(#13487),#5039);
#13487 = PRESENTATION_STYLE_ASSIGNMENT((#13488));
#13488 = SURFACE_STYLE_USAGE(.BOTH.,#13489);
#13489 = SURFACE_SIDE_STYLE('',(#13490));
#13490 = SURFACE_STYLE_FILL_AREA(#13491);
#13491 = FILL_AREA_STYLE('',(#13492));
#13492 = FILL_AREA_STYLE_COLOUR('',#13464);
#13493 = STYLED_ITEM('color',(#13494),#5079);
#13494 = PRESENTATION_STYLE_ASSIGNMENT((#13495));
#13495 = SURFACE_STYLE_USAGE(.BOTH.,#13496);
#13496 = SURFACE_SIDE_STYLE('',(#13497));
#13497 = SURFACE_STYLE_FILL_AREA(#13498);
#13498 = FILL_AREA_STYLE('',(#13499));
#13499 = FILL_AREA_STYLE_COLOUR('',#13464);
#13500 = STYLED_ITEM('color',(#13501),#5110);
#13501 = PRESENTATION_STYLE_ASSIGNMENT((#13502));
#13502 = SURFACE_STYLE_USAGE(.BOTH.,#13503);
#13503 = SURFACE_SIDE_STYLE('',(#13504));
#13504 = SURFACE_STYLE_FILL_AREA(#13505);
#13505 = FILL_AREA_STYLE('',(#13506));
#13506 = FILL_AREA_STYLE_COLOUR('',#13464);
#13507 = STYLED_ITEM('color',(#13508),#5127);
#13508 = PRESENTATION_STYLE_ASSIGNMENT((#13509));
#13509 = SURFACE_STYLE_USAGE(.BOTH.,#13510);
#13510 = SURFACE_SIDE_STYLE('',(#13511));
#13511 = SURFACE_STYLE_FILL_AREA(#13512);
#13512 = FILL_AREA_STYLE('',(#13513));
#13513 = FILL_AREA_STYLE_COLOUR('',#13514);
#13514 = COLOUR_RGB('',0.859000020776,0.737999965183,0.495999988746);
#13515 = STYLED_ITEM('color',(#13516),#5160);
#13516 = PRESENTATION_STYLE_ASSIGNMENT((#13517));
#13517 = SURFACE_STYLE_USAGE(.BOTH.,#13518);
#13518 = SURFACE_SIDE_STYLE('',(#13519));
#13519 = SURFACE_STYLE_FILL_AREA(#13520);
#13520 = FILL_AREA_STYLE('',(#13521));
#13521 = FILL_AREA_STYLE_COLOUR('',#13464);
#13522 = STYLED_ITEM('color',(#13523),#5184);
#13523 = PRESENTATION_STYLE_ASSIGNMENT((#13524));
#13524 = SURFACE_STYLE_USAGE(.BOTH.,#13525);
#13525 = SURFACE_SIDE_STYLE('',(#13526));
#13526 = SURFACE_STYLE_FILL_AREA(#13527);
#13527 = FILL_AREA_STYLE('',(#13528));
#13528 = FILL_AREA_STYLE_COLOUR('',#13514);
#13529 = STYLED_ITEM('color',(#13530),#5251);
#13530 = PRESENTATION_STYLE_ASSIGNMENT((#13531));
#13531 = SURFACE_STYLE_USAGE(.BOTH.,#13532);
#13532 = SURFACE_SIDE_STYLE('',(#13533));
#13533 = SURFACE_STYLE_FILL_AREA(#13534);
#13534 = FILL_AREA_STYLE('',(#13535));
#13535 = FILL_AREA_STYLE_COLOUR('',#13464);
#13536 = STYLED_ITEM('color',(#13537),#5372);
#13537 = PRESENTATION_STYLE_ASSIGNMENT((#13538));
#13538 = SURFACE_STYLE_USAGE(.BOTH.,#13539);
#13539 = SURFACE_SIDE_STYLE('',(#13540));
#13540 = SURFACE_STYLE_FILL_AREA(#13541);
#13541 = FILL_AREA_STYLE('',(#13542));
#13542 = FILL_AREA_STYLE_COLOUR('',#13514);
#13543 = STYLED_ITEM('color',(#13544),#5439);
#13544 = PRESENTATION_STYLE_ASSIGNMENT((#13545));
#13545 = SURFACE_STYLE_USAGE(.BOTH.,#13546);
#13546 = SURFACE_SIDE_STYLE('',(#13547));
#13547 = SURFACE_STYLE_FILL_AREA(#13548);
#13548 = FILL_AREA_STYLE('',(#13549));
#13549 = FILL_AREA_STYLE_COLOUR('',#13464);
#13550 = STYLED_ITEM('color',(#13551),#5463);
#13551 = PRESENTATION_STYLE_ASSIGNMENT((#13552));
#13552 = SURFACE_STYLE_USAGE(.BOTH.,#13553);
#13553 = SURFACE_SIDE_STYLE('',(#13554));
#13554 = SURFACE_STYLE_FILL_AREA(#13555);
#13555 = FILL_AREA_STYLE('',(#13556));
#13556 = FILL_AREA_STYLE_COLOUR('',#13464);
#13557 = STYLED_ITEM('color',(#13558),#5494);
#13558 = PRESENTATION_STYLE_ASSIGNMENT((#13559));
#13559 = SURFACE_STYLE_USAGE(.BOTH.,#13560);
#13560 = SURFACE_SIDE_STYLE('',(#13561));
#13561 = SURFACE_STYLE_FILL_AREA(#13562);
#13562 = FILL_AREA_STYLE('',(#13563));
#13563 = FILL_AREA_STYLE_COLOUR('',#13514);
#13564 = STYLED_ITEM('color',(#13565),#5527);
#13565 = PRESENTATION_STYLE_ASSIGNMENT((#13566));
#13566 = SURFACE_STYLE_USAGE(.BOTH.,#13567);
#13567 = SURFACE_SIDE_STYLE('',(#13568));
#13568 = SURFACE_STYLE_FILL_AREA(#13569);
#13569 = FILL_AREA_STYLE('',(#13570));
#13570 = FILL_AREA_STYLE_COLOUR('',#13464);
#13571 = STYLED_ITEM('color',(#13572),#5583);
#13572 = PRESENTATION_STYLE_ASSIGNMENT((#13573));
#13573 = SURFACE_STYLE_USAGE(.BOTH.,#13574);
#13574 = SURFACE_SIDE_STYLE('',(#13575));
#13575 = SURFACE_STYLE_FILL_AREA(#13576);
#13576 = FILL_AREA_STYLE('',(#13577));
#13577 = FILL_AREA_STYLE_COLOUR('',#13514);
#13578 = STYLED_ITEM('color',(#13579),#5607);
#13579 = PRESENTATION_STYLE_ASSIGNMENT((#13580));
#13580 = SURFACE_STYLE_USAGE(.BOTH.,#13581);
#13581 = SURFACE_SIDE_STYLE('',(#13582));
#13582 = SURFACE_STYLE_FILL_AREA(#13583);
#13583 = FILL_AREA_STYLE('',(#13584));
#13584 = FILL_AREA_STYLE_COLOUR('',#13514);
#13585 = STYLED_ITEM('color',(#13586),#5631);
#13586 = PRESENTATION_STYLE_ASSIGNMENT((#13587));
#13587 = SURFACE_STYLE_USAGE(.BOTH.,#13588);
#13588 = SURFACE_SIDE_STYLE('',(#13589));
#13589 = SURFACE_STYLE_FILL_AREA(#13590);
#13590 = FILL_AREA_STYLE('',(#13591));
#13591 = FILL_AREA_STYLE_COLOUR('',#13514);
#13592 = STYLED_ITEM('color',(#13593),#5655);
#13593 = PRESENTATION_STYLE_ASSIGNMENT((#13594));
#13594 = SURFACE_STYLE_USAGE(.BOTH.,#13595);
#13595 = SURFACE_SIDE_STYLE('',(#13596));
#13596 = SURFACE_STYLE_FILL_AREA(#13597);
#13597 = FILL_AREA_STYLE('',(#13598));
#13598 = FILL_AREA_STYLE_COLOUR('',#13514);
#13599 = STYLED_ITEM('color',(#13600),#5688);
#13600 = PRESENTATION_STYLE_ASSIGNMENT((#13601));
#13601 = SURFACE_STYLE_USAGE(.BOTH.,#13602);
#13602 = SURFACE_SIDE_STYLE('',(#13603));
#13603 = SURFACE_STYLE_FILL_AREA(#13604);
#13604 = FILL_AREA_STYLE('',(#13605));
#13605 = FILL_AREA_STYLE_COLOUR('',#13514);
#13606 = STYLED_ITEM('color',(#13607),#5700);
#13607 = PRESENTATION_STYLE_ASSIGNMENT((#13608));
#13608 = SURFACE_STYLE_USAGE(.BOTH.,#13609);
#13609 = SURFACE_SIDE_STYLE('',(#13610));
#13610 = SURFACE_STYLE_FILL_AREA(#13611);
#13611 = FILL_AREA_STYLE('',(#13612));
#13612 = FILL_AREA_STYLE_COLOUR('',#13514);
#13613 = STYLED_ITEM('color',(#13614),#5763);
#13614 = PRESENTATION_STYLE_ASSIGNMENT((#13615));
#13615 = SURFACE_STYLE_USAGE(.BOTH.,#13616);
#13616 = SURFACE_SIDE_STYLE('',(#13617));
#13617 = SURFACE_STYLE_FILL_AREA(#13618);
#13618 = FILL_AREA_STYLE('',(#13619));
#13619 = FILL_AREA_STYLE_COLOUR('',#13514);
#13620 = STYLED_ITEM('color',(#13621),#5788);
#13621 = PRESENTATION_STYLE_ASSIGNMENT((#13622));
#13622 = SURFACE_STYLE_USAGE(.BOTH.,#13623);
#13623 = SURFACE_SIDE_STYLE('',(#13624));
#13624 = SURFACE_STYLE_FILL_AREA(#13625);
#13625 = FILL_AREA_STYLE('',(#13626));
#13626 = FILL_AREA_STYLE_COLOUR('',#13514);
#13627 = STYLED_ITEM('color',(#13628),#5805);
#13628 = PRESENTATION_STYLE_ASSIGNMENT((#13629));
#13629 = SURFACE_STYLE_USAGE(.BOTH.,#13630);
#13630 = SURFACE_SIDE_STYLE('',(#13631));
#13631 = SURFACE_STYLE_FILL_AREA(#13632);
#13632 = FILL_AREA_STYLE('',(#13633));
#13633 = FILL_AREA_STYLE_COLOUR('',#13514);
#13634 = STYLED_ITEM('color',(#13635),#5829);
#13635 = PRESENTATION_STYLE_ASSIGNMENT((#13636));
#13636 = SURFACE_STYLE_USAGE(.BOTH.,#13637);
#13637 = SURFACE_SIDE_STYLE('',(#13638));
#13638 = SURFACE_STYLE_FILL_AREA(#13639);
#13639 = FILL_AREA_STYLE('',(#13640));
#13640 = FILL_AREA_STYLE_COLOUR('',#13514);
#13641 = STYLED_ITEM('color',(#13642),#5847);
#13642 = PRESENTATION_STYLE_ASSIGNMENT((#13643));
#13643 = SURFACE_STYLE_USAGE(.BOTH.,#13644);
#13644 = SURFACE_SIDE_STYLE('',(#13645));
#13645 = SURFACE_STYLE_FILL_AREA(#13646);
#13646 = FILL_AREA_STYLE('',(#13647));
#13647 = FILL_AREA_STYLE_COLOUR('',#13514);
#13648 = STYLED_ITEM('color',(#13649),#5865);
#13649 = PRESENTATION_STYLE_ASSIGNMENT((#13650));
#13650 = SURFACE_STYLE_USAGE(.BOTH.,#13651);
#13651 = SURFACE_SIDE_STYLE('',(#13652));
#13652 = SURFACE_STYLE_FILL_AREA(#13653);
#13653 = FILL_AREA_STYLE('',(#13654));
#13654 = FILL_AREA_STYLE_COLOUR('',#13514);
#13655 = STYLED_ITEM('color',(#13656),#5883);
#13656 = PRESENTATION_STYLE_ASSIGNMENT((#13657));
#13657 = SURFACE_STYLE_USAGE(.BOTH.,#13658);
#13658 = SURFACE_SIDE_STYLE('',(#13659));
#13659 = SURFACE_STYLE_FILL_AREA(#13660);
#13660 = FILL_AREA_STYLE('',(#13661));
#13661 = FILL_AREA_STYLE_COLOUR('',#13514);
#13662 = STYLED_ITEM('color',(#13663),#5900);
#13663 = PRESENTATION_STYLE_ASSIGNMENT((#13664));
#13664 = SURFACE_STYLE_USAGE(.BOTH.,#13665);
#13665 = SURFACE_SIDE_STYLE('',(#13666));
#13666 = SURFACE_STYLE_FILL_AREA(#13667);
#13667 = FILL_AREA_STYLE('',(#13668));
#13668 = FILL_AREA_STYLE_COLOUR('',#13514);
#13669 = STYLED_ITEM('color',(#13670),#5917);
#13670 = PRESENTATION_STYLE_ASSIGNMENT((#13671));
#13671 = SURFACE_STYLE_USAGE(.BOTH.,#13672);
#13672 = SURFACE_SIDE_STYLE('',(#13673));
#13673 = SURFACE_STYLE_FILL_AREA(#13674);
#13674 = FILL_AREA_STYLE('',(#13675));
#13675 = FILL_AREA_STYLE_COLOUR('',#13514);
#13676 = STYLED_ITEM('color',(#13677),#5948);
#13677 = PRESENTATION_STYLE_ASSIGNMENT((#13678));
#13678 = SURFACE_STYLE_USAGE(.BOTH.,#13679);
#13679 = SURFACE_SIDE_STYLE('',(#13680));
#13680 = SURFACE_STYLE_FILL_AREA(#13681);
#13681 = FILL_AREA_STYLE('',(#13682));
#13682 = FILL_AREA_STYLE_COLOUR('',#13514);
#13683 = STYLED_ITEM('color',(#13684),#5973);
#13684 = PRESENTATION_STYLE_ASSIGNMENT((#13685));
#13685 = SURFACE_STYLE_USAGE(.BOTH.,#13686);
#13686 = SURFACE_SIDE_STYLE('',(#13687));
#13687 = SURFACE_STYLE_FILL_AREA(#13688);
#13688 = FILL_AREA_STYLE('',(#13689));
#13689 = FILL_AREA_STYLE_COLOUR('',#13514);
#13690 = STYLED_ITEM('color',(#13691),#5998);
#13691 = PRESENTATION_STYLE_ASSIGNMENT((#13692));
#13692 = SURFACE_STYLE_USAGE(.BOTH.,#13693);
#13693 = SURFACE_SIDE_STYLE('',(#13694));
#13694 = SURFACE_STYLE_FILL_AREA(#13695);
#13695 = FILL_AREA_STYLE('',(#13696));
#13696 = FILL_AREA_STYLE_COLOUR('',#13514);
#13697 = STYLED_ITEM('color',(#13698),#6022);
#13698 = PRESENTATION_STYLE_ASSIGNMENT((#13699));
#13699 = SURFACE_STYLE_USAGE(.BOTH.,#13700);
#13700 = SURFACE_SIDE_STYLE('',(#13701));
#13701 = SURFACE_STYLE_FILL_AREA(#13702);
#13702 = FILL_AREA_STYLE('',(#13703));
#13703 = FILL_AREA_STYLE_COLOUR('',#13514);
#13704 = STYLED_ITEM('color',(#13705),#6039);
#13705 = PRESENTATION_STYLE_ASSIGNMENT((#13706));
#13706 = SURFACE_STYLE_USAGE(.BOTH.,#13707);
#13707 = SURFACE_SIDE_STYLE('',(#13708));
#13708 = SURFACE_STYLE_FILL_AREA(#13709);
#13709 = FILL_AREA_STYLE('',(#13710));
#13710 = FILL_AREA_STYLE_COLOUR('',#13711);
#13711 = COLOUR_RGB('',0.340000006699,0.68000001254,0.444999988852);
#13712 = STYLED_ITEM('color',(#13713),#6070);
#13713 = PRESENTATION_STYLE_ASSIGNMENT((#13714));
#13714 = SURFACE_STYLE_USAGE(.BOTH.,#13715);
#13715 = SURFACE_SIDE_STYLE('',(#13716));
#13716 = SURFACE_STYLE_FILL_AREA(#13717);
#13717 = FILL_AREA_STYLE('',(#13718));
#13718 = FILL_AREA_STYLE_COLOUR('',#13711);
#13719 = STYLED_ITEM('color',(#13720),#6094);
#13720 = PRESENTATION_STYLE_ASSIGNMENT((#13721));
#13721 = SURFACE_STYLE_USAGE(.BOTH.,#13722);
#13722 = SURFACE_SIDE_STYLE('',(#13723));
#13723 = SURFACE_STYLE_FILL_AREA(#13724);
#13724 = FILL_AREA_STYLE('',(#13725));
#13725 = FILL_AREA_STYLE_COLOUR('',#13711);
#13726 = STYLED_ITEM('color',(#13727),#6111);
#13727 = PRESENTATION_STYLE_ASSIGNMENT((#13728));
#13728 = SURFACE_STYLE_USAGE(.BOTH.,#13729);
#13729 = SURFACE_SIDE_STYLE('',(#13730));
#13730 = SURFACE_STYLE_FILL_AREA(#13731);
#13731 = FILL_AREA_STYLE('',(#13732));
#13732 = FILL_AREA_STYLE_COLOUR('',#13514);
#13733 = STYLED_ITEM('color',(#13734),#6139);
#13734 = PRESENTATION_STYLE_ASSIGNMENT((#13735));
#13735 = SURFACE_STYLE_USAGE(.BOTH.,#13736);
#13736 = SURFACE_SIDE_STYLE('',(#13737));
#13737 = SURFACE_STYLE_FILL_AREA(#13738);
#13738 = FILL_AREA_STYLE('',(#13739));
#13739 = FILL_AREA_STYLE_COLOUR('',#13514);
#13740 = STYLED_ITEM('color',(#13741),#6164);
#13741 = PRESENTATION_STYLE_ASSIGNMENT((#13742));
#13742 = SURFACE_STYLE_USAGE(.BOTH.,#13743);
#13743 = SURFACE_SIDE_STYLE('',(#13744));
#13744 = SURFACE_STYLE_FILL_AREA(#13745);
#13745 = FILL_AREA_STYLE('',(#13746));
#13746 = FILL_AREA_STYLE_COLOUR('',#13514);
#13747 = STYLED_ITEM('color',(#13748),#6188);
#13748 = PRESENTATION_STYLE_ASSIGNMENT((#13749));
#13749 = SURFACE_STYLE_USAGE(.BOTH.,#13750);
#13750 = SURFACE_SIDE_STYLE('',(#13751));
#13751 = SURFACE_STYLE_FILL_AREA(#13752);
#13752 = FILL_AREA_STYLE('',(#13753));
#13753 = FILL_AREA_STYLE_COLOUR('',#13514);
#13754 = STYLED_ITEM('color',(#13755),#6213);
#13755 = PRESENTATION_STYLE_ASSIGNMENT((#13756));
#13756 = SURFACE_STYLE_USAGE(.BOTH.,#13757);
#13757 = SURFACE_SIDE_STYLE('',(#13758));
#13758 = SURFACE_STYLE_FILL_AREA(#13759);
#13759 = FILL_AREA_STYLE('',(#13760));
#13760 = FILL_AREA_STYLE_COLOUR('',#13514);
#13761 = STYLED_ITEM('color',(#13762),#6260);
#13762 = PRESENTATION_STYLE_ASSIGNMENT((#13763));
#13763 = SURFACE_STYLE_USAGE(.BOTH.,#13764);
#13764 = SURFACE_SIDE_STYLE('',(#13765));
#13765 = SURFACE_STYLE_FILL_AREA(#13766);
#13766 = FILL_AREA_STYLE('',(#13767));
#13767 = FILL_AREA_STYLE_COLOUR('',#13514);
#13768 = STYLED_ITEM('color',(#13769),#6277);
#13769 = PRESENTATION_STYLE_ASSIGNMENT((#13770));
#13770 = SURFACE_STYLE_USAGE(.BOTH.,#13771);
#13771 = SURFACE_SIDE_STYLE('',(#13772));
#13772 = SURFACE_STYLE_FILL_AREA(#13773);
#13773 = FILL_AREA_STYLE('',(#13774));
#13774 = FILL_AREA_STYLE_COLOUR('',#13514);
#13775 = STYLED_ITEM('color',(#13776),#6289);
#13776 = PRESENTATION_STYLE_ASSIGNMENT((#13777));
#13777 = SURFACE_STYLE_USAGE(.BOTH.,#13778);
#13778 = SURFACE_SIDE_STYLE('',(#13779));
#13779 = SURFACE_STYLE_FILL_AREA(#13780);
#13780 = FILL_AREA_STYLE('',(#13781));
#13781 = FILL_AREA_STYLE_COLOUR('',#13514);
#13782 = STYLED_ITEM('color',(#13783),#6311);
#13783 = PRESENTATION_STYLE_ASSIGNMENT((#13784));
#13784 = SURFACE_STYLE_USAGE(.BOTH.,#13785);
#13785 = SURFACE_SIDE_STYLE('',(#13786));
#13786 = SURFACE_STYLE_FILL_AREA(#13787);
#13787 = FILL_AREA_STYLE('',(#13788));
#13788 = FILL_AREA_STYLE_COLOUR('',#13514);
#13789 = STYLED_ITEM('color',(#13790),#6323);
#13790 = PRESENTATION_STYLE_ASSIGNMENT((#13791));
#13791 = SURFACE_STYLE_USAGE(.BOTH.,#13792);
#13792 = SURFACE_SIDE_STYLE('',(#13793));
#13793 = SURFACE_STYLE_FILL_AREA(#13794);
#13794 = FILL_AREA_STYLE('',(#13795));
#13795 = FILL_AREA_STYLE_COLOUR('',#13514);
#13796 = STYLED_ITEM('color',(#13797),#6341);
#13797 = PRESENTATION_STYLE_ASSIGNMENT((#13798));
#13798 = SURFACE_STYLE_USAGE(.BOTH.,#13799);
#13799 = SURFACE_SIDE_STYLE('',(#13800));
#13800 = SURFACE_STYLE_FILL_AREA(#13801);
#13801 = FILL_AREA_STYLE('',(#13802));
#13802 = FILL_AREA_STYLE_COLOUR('',#13514);
#13803 = STYLED_ITEM('color',(#13804),#6359);
#13804 = PRESENTATION_STYLE_ASSIGNMENT((#13805));
#13805 = SURFACE_STYLE_USAGE(.BOTH.,#13806);
#13806 = SURFACE_SIDE_STYLE('',(#13807));
#13807 = SURFACE_STYLE_FILL_AREA(#13808);
#13808 = FILL_AREA_STYLE('',(#13809));
#13809 = FILL_AREA_STYLE_COLOUR('',#13711);
#13810 = MECHANICAL_DESIGN_GEOMETRIC_PRESENTATION_REPRESENTATION('',(
    #13811,#13819,#13826,#13833,#13840,#13847,#13854,#13861,#13868,
    #13875,#13882,#13889,#13896,#13903,#13911,#13918,#13925,#13932,
    #13939,#13946,#13953,#13960,#13967,#13974,#13981,#13988),#12629);
#13811 = STYLED_ITEM('color',(#13812),#11841);
#13812 = PRESENTATION_STYLE_ASSIGNMENT((#13813));
#13813 = SURFACE_STYLE_USAGE(.BOTH.,#13814);
#13814 = SURFACE_SIDE_STYLE('',(#13815));
#13815 = SURFACE_STYLE_FILL_AREA(#13816);
#13816 = FILL_AREA_STYLE('',(#13817));
#13817 = FILL_AREA_STYLE_COLOUR('',#13818);
#13818 = COLOUR_RGB('',0.823999987314,0.819999987296,0.781000009244);
#13819 = STYLED_ITEM('color',(#13820),#11881);
#13820 = PRESENTATION_STYLE_ASSIGNMENT((#13821));
#13821 = SURFACE_STYLE_USAGE(.BOTH.,#13822);
#13822 = SURFACE_SIDE_STYLE('',(#13823));
#13823 = SURFACE_STYLE_FILL_AREA(#13824);
#13824 = FILL_AREA_STYLE('',(#13825));
#13825 = FILL_AREA_STYLE_COLOUR('',#13818);
#13826 = STYLED_ITEM('color',(#13827),#11964);
#13827 = PRESENTATION_STYLE_ASSIGNMENT((#13828));
#13828 = SURFACE_STYLE_USAGE(.BOTH.,#13829);
#13829 = SURFACE_SIDE_STYLE('',(#13830));
#13830 = SURFACE_STYLE_FILL_AREA(#13831);
#13831 = FILL_AREA_STYLE('',(#13832));
#13832 = FILL_AREA_STYLE_COLOUR('',#13818);
#13833 = STYLED_ITEM('color',(#13834),#11989);
#13834 = PRESENTATION_STYLE_ASSIGNMENT((#13835));
#13835 = SURFACE_STYLE_USAGE(.BOTH.,#13836);
#13836 = SURFACE_SIDE_STYLE('',(#13837));
#13837 = SURFACE_STYLE_FILL_AREA(#13838);
#13838 = FILL_AREA_STYLE('',(#13839));
#13839 = FILL_AREA_STYLE_COLOUR('',#13818);
#13840 = STYLED_ITEM('color',(#13841),#12014);
#13841 = PRESENTATION_STYLE_ASSIGNMENT((#13842));
#13842 = SURFACE_STYLE_USAGE(.BOTH.,#13843);
#13843 = SURFACE_SIDE_STYLE('',(#13844));
#13844 = SURFACE_STYLE_FILL_AREA(#13845);
#13845 = FILL_AREA_STYLE('',(#13846));
#13846 = FILL_AREA_STYLE_COLOUR('',#13818);
#13847 = STYLED_ITEM('color',(#13848),#12081);
#13848 = PRESENTATION_STYLE_ASSIGNMENT((#13849));
#13849 = SURFACE_STYLE_USAGE(.BOTH.,#13850);
#13850 = SURFACE_SIDE_STYLE('',(#13851));
#13851 = SURFACE_STYLE_FILL_AREA(#13852);
#13852 = FILL_AREA_STYLE('',(#13853));
#13853 = FILL_AREA_STYLE_COLOUR('',#13818);
#13854 = STYLED_ITEM('color',(#13855),#12098);
#13855 = PRESENTATION_STYLE_ASSIGNMENT((#13856));
#13856 = SURFACE_STYLE_USAGE(.BOTH.,#13857);
#13857 = SURFACE_SIDE_STYLE('',(#13858));
#13858 = SURFACE_STYLE_FILL_AREA(#13859);
#13859 = FILL_AREA_STYLE('',(#13860));
#13860 = FILL_AREA_STYLE_COLOUR('',#13818);
#13861 = STYLED_ITEM('color',(#13862),#12115);
#13862 = PRESENTATION_STYLE_ASSIGNMENT((#13863));
#13863 = SURFACE_STYLE_USAGE(.BOTH.,#13864);
#13864 = SURFACE_SIDE_STYLE('',(#13865));
#13865 = SURFACE_STYLE_FILL_AREA(#13866);
#13866 = FILL_AREA_STYLE('',(#13867));
#13867 = FILL_AREA_STYLE_COLOUR('',#13464);
#13868 = STYLED_ITEM('color',(#13869),#12164);
#13869 = PRESENTATION_STYLE_ASSIGNMENT((#13870));
#13870 = SURFACE_STYLE_USAGE(.BOTH.,#13871);
#13871 = SURFACE_SIDE_STYLE('',(#13872));
#13872 = SURFACE_STYLE_FILL_AREA(#13873);
#13873 = FILL_AREA_STYLE('',(#13874));
#13874 = FILL_AREA_STYLE_COLOUR('',#13818);
#13875 = STYLED_ITEM('color',(#13876),#12181);
#13876 = PRESENTATION_STYLE_ASSIGNMENT((#13877));
#13877 = SURFACE_STYLE_USAGE(.BOTH.,#13878);
#13878 = SURFACE_SIDE_STYLE('',(#13879));
#13879 = SURFACE_STYLE_FILL_AREA(#13880);
#13880 = FILL_AREA_STYLE('',(#13881));
#13881 = FILL_AREA_STYLE_COLOUR('',#13818);
#13882 = STYLED_ITEM('color',(#13883),#12198);
#13883 = PRESENTATION_STYLE_ASSIGNMENT((#13884));
#13884 = SURFACE_STYLE_USAGE(.BOTH.,#13885);
#13885 = SURFACE_SIDE_STYLE('',(#13886));
#13886 = SURFACE_STYLE_FILL_AREA(#13887);
#13887 = FILL_AREA_STYLE('',(#13888));
#13888 = FILL_AREA_STYLE_COLOUR('',#13464);
#13889 = STYLED_ITEM('color',(#13890),#12247);
#13890 = PRESENTATION_STYLE_ASSIGNMENT((#13891));
#13891 = SURFACE_STYLE_USAGE(.BOTH.,#13892);
#13892 = SURFACE_SIDE_STYLE('',(#13893));
#13893 = SURFACE_STYLE_FILL_AREA(#13894);
#13894 = FILL_AREA_STYLE('',(#13895));
#13895 = FILL_AREA_STYLE_COLOUR('',#13464);
#13896 = STYLED_ITEM('color',(#13897),#12264);
#13897 = PRESENTATION_STYLE_ASSIGNMENT((#13898));
#13898 = SURFACE_STYLE_USAGE(.BOTH.,#13899);
#13899 = SURFACE_SIDE_STYLE('',(#13900));
#13900 = SURFACE_STYLE_FILL_AREA(#13901);
#13901 = FILL_AREA_STYLE('',(#13902));
#13902 = FILL_AREA_STYLE_COLOUR('',#13818);
#13903 = STYLED_ITEM('color',(#13904),#12333);
#13904 = PRESENTATION_STYLE_ASSIGNMENT((#13905));
#13905 = SURFACE_STYLE_USAGE(.BOTH.,#13906);
#13906 = SURFACE_SIDE_STYLE('',(#13907));
#13907 = SURFACE_STYLE_FILL_AREA(#13908);
#13908 = FILL_AREA_STYLE('',(#13909));
#13909 = FILL_AREA_STYLE_COLOUR('',#13910);
#13910 = COLOUR_RGB('',8.200000279077E-02,8.600000121357E-02,
  9.399999706163E-02);
#13911 = STYLED_ITEM('color',(#13912),#12364);
#13912 = PRESENTATION_STYLE_ASSIGNMENT((#13913));
#13913 = SURFACE_STYLE_USAGE(.BOTH.,#13914);
#13914 = SURFACE_SIDE_STYLE('',(#13915));
#13915 = SURFACE_STYLE_FILL_AREA(#13916);
#13916 = FILL_AREA_STYLE('',(#13917));
#13917 = FILL_AREA_STYLE_COLOUR('',#13910);
#13918 = STYLED_ITEM('color',(#13919),#12388);
#13919 = PRESENTATION_STYLE_ASSIGNMENT((#13920));
#13920 = SURFACE_STYLE_USAGE(.BOTH.,#13921);
#13921 = SURFACE_SIDE_STYLE('',(#13922));
#13922 = SURFACE_STYLE_FILL_AREA(#13923);
#13923 = FILL_AREA_STYLE('',(#13924));
#13924 = FILL_AREA_STYLE_COLOUR('',#13818);
#13925 = STYLED_ITEM('color',(#13926),#12457);
#13926 = PRESENTATION_STYLE_ASSIGNMENT((#13927));
#13927 = SURFACE_STYLE_USAGE(.BOTH.,#13928);
#13928 = SURFACE_SIDE_STYLE('',(#13929));
#13929 = SURFACE_STYLE_FILL_AREA(#13930);
#13930 = FILL_AREA_STYLE('',(#13931));
#13931 = FILL_AREA_STYLE_COLOUR('',#13910);
#13932 = STYLED_ITEM('color',(#13933),#12481);
#13933 = PRESENTATION_STYLE_ASSIGNMENT((#13934));
#13934 = SURFACE_STYLE_USAGE(.BOTH.,#13935);
#13935 = SURFACE_SIDE_STYLE('',(#13936));
#13936 = SURFACE_STYLE_FILL_AREA(#13937);
#13937 = FILL_AREA_STYLE('',(#13938));
#13938 = FILL_AREA_STYLE_COLOUR('',#13818);
#13939 = STYLED_ITEM('color',(#13940),#12498);
#13940 = PRESENTATION_STYLE_ASSIGNMENT((#13941));
#13941 = SURFACE_STYLE_USAGE(.BOTH.,#13942);
#13942 = SURFACE_SIDE_STYLE('',(#13943));
#13943 = SURFACE_STYLE_FILL_AREA(#13944);
#13944 = FILL_AREA_STYLE('',(#13945));
#13945 = FILL_AREA_STYLE_COLOUR('',#13818);
#13946 = STYLED_ITEM('color',(#13947),#12515);
#13947 = PRESENTATION_STYLE_ASSIGNMENT((#13948));
#13948 = SURFACE_STYLE_USAGE(.BOTH.,#13949);
#13949 = SURFACE_SIDE_STYLE('',(#13950));
#13950 = SURFACE_STYLE_FILL_AREA(#13951);
#13951 = FILL_AREA_STYLE('',(#13952));
#13952 = FILL_AREA_STYLE_COLOUR('',#13818);
#13953 = STYLED_ITEM('color',(#13954),#12532);
#13954 = PRESENTATION_STYLE_ASSIGNMENT((#13955));
#13955 = SURFACE_STYLE_USAGE(.BOTH.,#13956);
#13956 = SURFACE_SIDE_STYLE('',(#13957));
#13957 = SURFACE_STYLE_FILL_AREA(#13958);
#13958 = FILL_AREA_STYLE('',(#13959));
#13959 = FILL_AREA_STYLE_COLOUR('',#13818);
#13960 = STYLED_ITEM('color',(#13961),#12549);
#13961 = PRESENTATION_STYLE_ASSIGNMENT((#13962));
#13962 = SURFACE_STYLE_USAGE(.BOTH.,#13963);
#13963 = SURFACE_SIDE_STYLE('',(#13964));
#13964 = SURFACE_STYLE_FILL_AREA(#13965);
#13965 = FILL_AREA_STYLE('',(#13966));
#13966 = FILL_AREA_STYLE_COLOUR('',#13818);
#13967 = STYLED_ITEM('color',(#13968),#12566);
#13968 = PRESENTATION_STYLE_ASSIGNMENT((#13969));
#13969 = SURFACE_STYLE_USAGE(.BOTH.,#13970);
#13970 = SURFACE_SIDE_STYLE('',(#13971));
#13971 = SURFACE_STYLE_FILL_AREA(#13972);
#13972 = FILL_AREA_STYLE('',(#13973));
#13973 = FILL_AREA_STYLE_COLOUR('',#13818);
#13974 = STYLED_ITEM('color',(#13975),#12583);
#13975 = PRESENTATION_STYLE_ASSIGNMENT((#13976));
#13976 = SURFACE_STYLE_USAGE(.BOTH.,#13977);
#13977 = SURFACE_SIDE_STYLE('',(#13978));
#13978 = SURFACE_STYLE_FILL_AREA(#13979);
#13979 = FILL_AREA_STYLE('',(#13980));
#13980 = FILL_AREA_STYLE_COLOUR('',#13818);
#13981 = STYLED_ITEM('color',(#13982),#12600);
#13982 = PRESENTATION_STYLE_ASSIGNMENT((#13983));
#13983 = SURFACE_STYLE_USAGE(.BOTH.,#13984);
#13984 = SURFACE_SIDE_STYLE('',(#13985));
#13985 = SURFACE_STYLE_FILL_AREA(#13986);
#13986 = FILL_AREA_STYLE('',(#13987));
#13987 = FILL_AREA_STYLE_COLOUR('',#13910);
#13988 = STYLED_ITEM('color',(#13989),#12617);
#13989 = PRESENTATION_STYLE_ASSIGNMENT((#13990));
#13990 = SURFACE_STYLE_USAGE(.BOTH.,#13991);
#13991 = SURFACE_SIDE_STYLE('',(#13992));
#13992 = SURFACE_STYLE_FILL_AREA(#13993);
#13993 = FILL_AREA_STYLE('',(#13994));
#13994 = FILL_AREA_STYLE_COLOUR('',#13910);
#13995 = MECHANICAL_DESIGN_GEOMETRIC_PRESENTATION_REPRESENTATION('',(
    #13996),#12785);
#13996 = STYLED_ITEM('color',(#13997),#12648);
#13997 = PRESENTATION_STYLE_ASSIGNMENT((#13998,#14004));
#13998 = SURFACE_STYLE_USAGE(.BOTH.,#13999);
#13999 = SURFACE_SIDE_STYLE('',(#14000));
#14000 = SURFACE_STYLE_FILL_AREA(#14001);
#14001 = FILL_AREA_STYLE('',(#14002));
#14002 = FILL_AREA_STYLE_COLOUR('',#14003);
#14003 = COLOUR_RGB('',0.823529417451,0.819607860991,0.780392170416);
#14004 = CURVE_STYLE('',#14005,POSITIVE_LENGTH_MEASURE(0.1),#14003);
#14005 = DRAUGHTING_PRE_DEFINED_CURVE_FONT('continuous');
#14006 = MECHANICAL_DESIGN_GEOMETRIC_PRESENTATION_REPRESENTATION('',(
    #14007),#13445);
#14007 = STYLED_ITEM('color',(#14008),#12804);
#14008 = PRESENTATION_STYLE_ASSIGNMENT((#14009));
#14009 = SURFACE_STYLE_USAGE(.BOTH.,#14010);
#14010 = SURFACE_SIDE_STYLE('',(#14011));
#14011 = SURFACE_STYLE_FILL_AREA(#14012);
#14012 = FILL_AREA_STYLE('',(#14013));
#14013 = FILL_AREA_STYLE_COLOUR('',#14014);
#14014 = COLOUR_RGB('',0.204454873135,0.204454873135,0.204454873135);
ENDSEC;
END-ISO-10303-21;
